state,district,market,commodity_group,commodity,date,arrival_quantity,arrival_unit,modal_price,price_unit
Maharashtra,Mumbai,Mumbai Apmc,Vegetables,Tomato,2025-01-01,203.5,Metric Tonnes,1400.0,Rs./Quintal
Maharashtra,Mumbai,Mumbai Apmc,Vegetables,Tomato,2025-01-02,251.6,Metric Tonnes,1300.0,Rs./Quintal
Maharashtra,Mumbai,Mumbai Apmc,Vegetables,Tomato,2025-01-03,284.2,Metric Tonnes,1200.0,Rs./Quintal
Maharashtra,Mumbai,Mumbai Apmc,Vegetables,Tomato,2025-01-04,261.0,Metric Tonnes,1300.0,Rs./Quintal
Maharashtra,Mumbai,Mumbai Apmc,Vegetables,Tomato,2025-01-06,317.2,Metric Tonnes,1400.0,Rs./Quintal
Maharashtra,Mumbai,Mumbai Apmc,Vegetables,Tomato,2025-01-07,183.4,Metric Tonnes,1600.0,Rs./Quintal
Maharashtra,Mumbai,Mumbai Apmc,Vegetables,Tomato,2025-01-08,245.9,Metric Tonnes,1400.0,Rs./Quintal
Maharashtra,Mumbai,Mumbai Apmc,Vegetables,Tomato,2025-01-09,75.5,Metric Tonnes,1200.0,Rs./Quintal
Maharashtra,Mumbai,Mumbai Apmc,Vegetables,Tomato,2025-01-10,208.6,Metric Tonnes,1400.0,Rs./Quintal
Maharashtra,Mumbai,Mumbai Apmc,Vegetables,Tomato,2025-01-14,201.2,Metric Tonnes,1400.0,Rs./Quintal
Maharashtra,Mumbai,Mumbai Apmc,Vegetables,Tomato,2025-01-15,226.1,Metric Tonnes,1300.0,Rs./Quintal
Maharashtra,Mumbai,Mumbai Apmc,Vegetables,Tomato,2025-01-16,191.8,Metric Tonnes,1200.0,Rs./Quintal
Maharashtra,Mumbai,Mumbai Apmc,Vegetables,Tomato,2025-01-17,286.0,Metric Tonnes,1100.0,Rs./Quintal
Maharashtra,Mumbai,Mumbai Apmc,Vegetables,Tomato,2025-01-18,371.9,Metric Tonnes,1100.0,Rs./Quintal
Maharashtra,Mumbai,Mumbai Apmc,Vegetables,Tomato,2025-01-20,328.8,Metric Tonnes,1000.0,Rs./Quintal
Maharashtra,Mumbai,Mumbai Apmc,Vegetables,Tomato,2025-01-21,198.6,Metric Tonnes,900.0,Rs./Quintal
Maharashtra,Mumbai,Mumbai Apmc,Vegetables,Tomato,2025-01-22,20.0,Metric Tonnes,900.0,Rs./Quintal
Maharashtra,Mumbai,Mumbai Apmc,Vegetables,Tomato,2025-01-23,147.9,Metric Tonnes,1100.0,Rs./Quintal
Maharashtra,Mumbai,Mumbai Apmc,Vegetables,Tomato,2025-01-24,229.7,Metric Tonnes,1200.0,Rs./Quintal
Maharashtra,Mumbai,Mumbai Apmc,Vegetables,Tomato,2025-01-25,222.8,Metric Tonnes,1200.0,Rs./Quintal
Maharashtra,Mumbai,Mumbai Apmc,Vegetables,Tomato,2025-01-28,246.2,Metric Tonnes,1200.0,Rs./Quintal
Maharashtra,Mumbai,Mumbai Apmc,Vegetables,Tomato,2025-01-29,245.3,Metric Tonnes,1200.0,Rs./Quintal
Maharashtra,Mumbai,Mumbai Apmc,Vegetables,Tomato,2025-01-30,192.1,Metric Tonnes,900.0,Rs./Quintal
Maharashtra,Mumbai,Mumbai Apmc,Vegetables,Tomato,2025-01-31,206.3,Metric Tonnes,900.0,Rs./Quintal
Maharashtra,Mumbai,Mumbai Apmc,Vegetables,Tomato,2025-02-01,480.0,Metric Tonnes,900.0,Rs./Quintal
Maharashtra,Mumbai,Mumbai Apmc,Vegetables,Tomato,2025-02-03,480.4,Metric Tonnes,1200.0,Rs./Quintal
Maharashtra,Mumbai,Mumbai Apmc,Vegetables,Tomato,2025-02-04,224.7,Metric Tonnes,1200.0,Rs./Quintal
Maharashtra,Mumbai,Mumbai Apmc,Vegetables,Tomato,2025-02-05,281.2,Metric Tonnes,1200.0,Rs./Quintal
Maharashtra,Mumbai,Mumbai Apmc,Vegetables,Tomato,2025-02-06,245.3,Metric Tonnes,900.0,Rs./Quintal
Maharashtra,Mumbai,Mumbai Apmc,Vegetables,Tomato,2025-02-07,213.1,Metric Tonnes,1300.0,Rs./Quintal
Maharashtra,Mumbai,Mumbai Apmc,Vegetables,Tomato,2025-02-13,154.2,Metric Tonnes,900.0,Rs./Quintal
Maharashtra,Mumbai,Mumbai Apmc,Vegetables,Tomato,2025-02-15,203.2,Metric Tonnes,1200.0,Rs./Quintal
Maharashtra,Mumbai,Mumbai Apmc,Vegetables,Tomato,2025-02-17,216.5,Metric Tonnes,1300.0,Rs./Quintal
Maharashtra,Mumbai,Mumbai Apmc,Vegetables,Tomato,2025-02-18,213.3,Metric Tonnes,1300.0,Rs./Quintal
Maharashtra,Mumbai,Mumbai Apmc,Vegetables,Tomato,2025-02-19,221.2,Metric Tonnes,1200.0,Rs./Quintal
Maharashtra,Mumbai,Mumbai Apmc,Vegetables,Tomato,2025-02-20,205.9,Metric Tonnes,1200.0,Rs./Quintal
Maharashtra,Mumbai,Mumbai Apmc,Vegetables,Tomato,2025-02-21,227.6,Metric Tonnes,1200.0,Rs./Quintal
Maharashtra,Mumbai,Mumbai Apmc,Vegetables,Tomato,2025-02-22,238.7,Metric Tonnes,1100.0,Rs./Quintal
Maharashtra,Mumbai,Mumbai Apmc,Vegetables,Tomato,2025-02-24,235.8,Metric Tonnes,1200.0,Rs./Quintal
Maharashtra,Mumbai,Mumbai Apmc,Vegetables,Tomato,2025-02-25,207.9,Metric Tonnes,1200.0,Rs./Quintal
Maharashtra,Mumbai,Mumbai Apmc,Vegetables,Tomato,2025-02-26,206.5,Metric Tonnes,1200.0,Rs./Quintal
Maharashtra,Mumbai,Mumbai Apmc,Vegetables,Tomato,2025-02-27,168.9,Metric Tonnes,1200.0,Rs./Quintal
Maharashtra,Mumbai,Mumbai Apmc,Vegetables,Tomato,2025-02-28,204.2,Metric Tonnes,1200.0,Rs./Quintal
Maharashtra,Mumbai,Mumbai Apmc,Vegetables,Tomato,2025-03-01,307.2,Metric Tonnes,1200.0,Rs./Quintal
Maharashtra,Mumbai,Mumbai Apmc,Vegetables,Tomato,2025-03-03,183.1,Metric Tonnes,1200.0,Rs./Quintal
Maharashtra,Mumbai,Mumbai Apmc,Vegetables,Tomato,2025-03-04,183.9,Metric Tonnes,1200.0,Rs./Quintal
Maharashtra,Mumbai,Mumbai Apmc,Vegetables,Tomato,2025-03-05,196.6,Metric Tonnes,1200.0,Rs./Quintal
Maharashtra,Mumbai,Mumbai Apmc,Vegetables,Tomato,2025-03-06,186.7,Metric Tonnes,1099.0,Rs./Quintal
Maharashtra,Mumbai,Mumbai Apmc,Vegetables,Tomato,2025-03-07,152.8,Metric Tonnes,1100.0,Rs./Quintal
Maharashtra,Mumbai,Mumbai Apmc,Vegetables,Tomato,2025-03-08,217.0,Metric Tonnes,1100.0,Rs./Quintal
Maharashtra,Mumbai,Mumbai Apmc,Vegetables,Tomato,2025-03-10,198.2,Metric Tonnes,1200.0,Rs./Quintal
Maharashtra,Mumbai,Mumbai Apmc,Vegetables,Tomato,2025-03-11,216.0,Metric Tonnes,1200.0,Rs./Quintal
Maharashtra,Mumbai,Mumbai Apmc,Vegetables,Tomato,2025-03-12,145.8,Metric Tonnes,1200.0,Rs./Quintal
Maharashtra,Mumbai,Mumbai Apmc,Vegetables,Tomato,2025-03-13,212.6,Metric Tonnes,1200.0,Rs./Quintal
Maharashtra,Mumbai,Mumbai Apmc,Vegetables,Tomato,2025-03-15,233.6,Metric Tonnes,1100.0,Rs./Quintal
Maharashtra,Mumbai,Mumbai Apmc,Vegetables,Tomato,2025-03-17,212.7,Metric Tonnes,1300.0,Rs./Quintal
Maharashtra,Mumbai,Mumbai Apmc,Vegetables,Tomato,2025-03-18,300.7,Metric Tonnes,1200.0,Rs./Quintal
Maharashtra,Mumbai,Mumbai Apmc,Vegetables,Tomato,2025-03-19,267.4,Metric Tonnes,1100.0,Rs./Quintal
Maharashtra,Mumbai,Mumbai Apmc,Vegetables,Tomato,2025-03-20,172.6,Metric Tonnes,900.0,Rs./Quintal
Maharashtra,Mumbai,Mumbai Apmc,Vegetables,Tomato,2025-03-21,146.8,Metric Tonnes,1200.0,Rs./Quintal
Maharashtra,Mumbai,Mumbai Apmc,Vegetables,Tomato,2025-03-22,229.9,Metric Tonnes,1100.0,Rs./Quintal
Maharashtra,Mumbai,Mumbai Apmc,Vegetables,Tomato,2025-03-24,200.9,Metric Tonnes,1000.0,Rs./Quintal
Maharashtra,Mumbai,Mumbai Apmc,Vegetables,Tomato,2025-03-25,216.6,Metric Tonnes,1100.0,Rs./Quintal
Maharashtra,Mumbai,Mumbai Apmc,Vegetables,Tomato,2025-03-26,209.0,Metric Tonnes,1000.0,Rs./Quintal
Maharashtra,Mumbai,Mumbai Apmc,Vegetables,Tomato,2025-03-27,147.4,Metric Tonnes,1100.0,Rs./Quintal
Maharashtra,Mumbai,Mumbai Apmc,Vegetables,Tomato,2025-03-28,192.5,Metric Tonnes,1000.0,Rs./Quintal
Maharashtra,Mumbai,Mumbai Apmc,Vegetables,Tomato,2025-03-31,179.3,Metric Tonnes,1100.0,Rs./Quintal
Maharashtra,Mumbai,Mumbai Apmc,Vegetables,Tomato,2025-04-01,172.7,Metric Tonnes,1100.0,Rs./Quintal
Maharashtra,Mumbai,Mumbai Apmc,Vegetables,Tomato,2025-04-02,253.0,Metric Tonnes,1100.0,Rs./Quintal
Maharashtra,Mumbai,Mumbai Apmc,Vegetables,Tomato,2025-04-03,190.0,Metric Tonnes,1100.0,Rs./Quintal
Maharashtra,Mumbai,Mumbai Apmc,Vegetables,Tomato,2025-04-04,199.7,Metric Tonnes,1100.0,Rs./Quintal
Maharashtra,Mumbai,Mumbai Apmc,Vegetables,Tomato,2025-04-07,215.9,Metric Tonnes,1200.0,Rs./Quintal
Maharashtra,Mumbai,Mumbai Apmc,Vegetables,Tomato,2025-04-08,177.5,Metric Tonnes,1000.0,Rs./Quintal
Maharashtra,Mumbai,Mumbai Apmc,Vegetables,Tomato,2025-04-10,148.6,Metric Tonnes,1200.0,Rs./Quintal
Maharashtra,Mumbai,Mumbai Apmc,Vegetables,Tomato,2025-04-11,165.9,Metric Tonnes,1200.0,Rs./Quintal
Maharashtra,Mumbai,Mumbai Apmc,Vegetables,Tomato,2025-04-14,255.0,Metric Tonnes,1200.0,Rs./Quintal
Maharashtra,Mumbai,Mumbai Apmc,Vegetables,Tomato,2025-04-15,229.7,Metric Tonnes,1200.0,Rs./Quintal
Maharashtra,Mumbai,Mumbai Apmc,Vegetables,Tomato,2025-04-16,197.2,Metric Tonnes,1100.0,Rs./Quintal
Maharashtra,Mumbai,Mumbai Apmc,Vegetables,Tomato,2025-04-17,136.5,Metric Tonnes,1100.0,Rs./Quintal
Maharashtra,Mumbai,Mumbai Apmc,Vegetables,Tomato,2025-04-21,317.3,Metric Tonnes,1300.0,Rs./Quintal
Maharashtra,Mumbai,Mumbai Apmc,Vegetables,Tomato,2025-04-22,204.7,Metric Tonnes,1400.0,Rs./Quintal
Maharashtra,Mumbai,Mumbai Apmc,Vegetables,Tomato,2025-04-23,217.4,Metric Tonnes,1200.0,Rs./Quintal
Maharashtra,Mumbai,Mumbai Apmc,Vegetables,Tomato,2025-04-24,217.8,Metric Tonnes,1050.0,Rs./Quintal
Maharashtra,Mumbai,Mumbai Apmc,Vegetables,Tomato,2025-04-25,161.3,Metric Tonnes,1200.0,Rs./Quintal
Maharashtra,Mumbai,Mumbai Apmc,Vegetables,Tomato,2025-04-26,197.8,Metric Tonnes,1200.0,Rs./Quintal
Maharashtra,Mumbai,Mumbai Apmc,Vegetables,Tomato,2025-04-29,166.8,Metric Tonnes,1300.0,Rs./Quintal
Maharashtra,Mumbai,Mumbai Apmc,Vegetables,Tomato,2025-04-30,228.8,Metric Tonnes,1200.0,Rs./Quintal
Maharashtra,Mumbai,Mumbai Apmc,Vegetables,Tomato,2025-05-01,147.7,Metric Tonnes,1400.0,Rs./Quintal
Maharashtra,Mumbai,Mumbai Apmc,Vegetables,Tomato,2025-05-02,223.9,Metric Tonnes,1100.0,Rs./Quintal
Maharashtra,Mumbai,Mumbai Apmc,Vegetables,Tomato,2025-05-03,113.5,Metric Tonnes,1300.0,Rs./Quintal
Maharashtra,Mumbai,Mumbai Apmc,Vegetables,Tomato,2025-05-05,321.0,Metric Tonnes,1300.0,Rs./Quintal
Maharashtra,Mumbai,Mumbai Apmc,Vegetables,Tomato,2025-05-06,209.1,Metric Tonnes,1200.0,Rs./Quintal
Maharashtra,Mumbai,Mumbai Apmc,Vegetables,Tomato,2025-05-07,176.5,Metric Tonnes,1250.0,Rs./Quintal
Maharashtra,Mumbai,Mumbai Apmc,Vegetables,Tomato,2025-05-08,185.7,Metric Tonnes,1200.0,Rs./Quintal
Maharashtra,Mumbai,Mumbai Apmc,Vegetables,Tomato,2025-05-09,220.4,Metric Tonnes,1250.0,Rs./Quintal
Maharashtra,Mumbai,Mumbai Apmc,Vegetables,Tomato,2025-05-12,341.5,Metric Tonnes,1200.0,Rs./Quintal
Maharashtra,Mumbai,Mumbai Apmc,Vegetables,Tomato,2025-05-13,176.4,Metric Tonnes,1200.0,Rs./Quintal
Maharashtra,Mumbai,Mumbai Apmc,Vegetables,Tomato,2025-05-15,115.6,Metric Tonnes,1200.0,Rs./Quintal
Maharashtra,Mumbai,Mumbai Apmc,Vegetables,Tomato,2025-05-16,158.5,Metric Tonnes,1600.0,Rs./Quintal
Maharashtra,Mumbai,Mumbai Apmc,Vegetables,Tomato,2025-05-17,276.0,Metric Tonnes,1600.0,Rs./Quintal
Maharashtra,Mumbai,Mumbai Apmc,Vegetables,Tomato,2025-05-19,240.8,Metric Tonnes,1600.0,Rs./Quintal
Maharashtra,Mumbai,Mumbai Apmc,Vegetables,Tomato,2025-05-20,219.1,Metric Tonnes,1600.0,Rs./Quintal
Maharashtra,Mumbai,Mumbai Apmc,Vegetables,Tomato,2025-05-21,165.7,Metric Tonnes,1700.0,Rs./Quintal
Maharashtra,Mumbai,Mumbai Apmc,Vegetables,Tomato,2025-05-22,155.6,Metric Tonnes,1400.0,Rs./Quintal
Maharashtra,Mumbai,Mumbai Apmc,Vegetables,Tomato,2025-05-23,282.8,Metric Tonnes,1900.0,Rs./Quintal
Maharashtra,Mumbai,Mumbai Apmc,Vegetables,Tomato,2025-05-24,233.7,Metric Tonnes,1800.0,Rs./Quintal
Maharashtra,Mumbai,Mumbai Apmc,Vegetables,Tomato,2025-05-26,325.4,Metric Tonnes,2000.0,Rs./Quintal
Maharashtra,Mumbai,Mumbai Apmc,Vegetables,Tomato,2025-05-27,283.5,Metric Tonnes,2000.0,Rs./Quintal
Maharashtra,Mumbai,Mumbai Apmc,Vegetables,Tomato,2025-05-28,947.3,Metric Tonnes,1800.0,Rs./Quintal
Maharashtra,Mumbai,Mumbai Apmc,Vegetables,Tomato,2025-05-29,175.2,Metric Tonnes,2100.0,Rs./Quintal
Maharashtra,Mumbai,Mumbai Apmc,Vegetables,Tomato,2025-05-30,240.9,Metric Tonnes,2000.0,Rs./Quintal
Maharashtra,Mumbai,Mumbai Apmc,Vegetables,Tomato,2025-06-02,381.1,Metric Tonnes,1800.0,Rs./Quintal
Maharashtra,Mumbai,Mumbai Apmc,Vegetables,Tomato,2025-06-03,267.4,Metric Tonnes,1800.0,Rs./Quintal
Maharashtra,Mumbai,Mumbai Apmc,Vegetables,Tomato,2025-06-04,296.1,Metric Tonnes,1500.0,Rs./Quintal
Maharashtra,Mumbai,Mumbai Apmc,Vegetables,Tomato,2025-06-05,164.6,Metric Tonnes,1800.0,Rs./Quintal
Maharashtra,Mumbai,Mumbai Apmc,Vegetables,Tomato,2025-06-06,233.2,Metric Tonnes,1900.0,Rs./Quintal
Maharashtra,Mumbai,Mumbai Apmc,Vegetables,Tomato,2025-06-07,302.2,Metric Tonnes,1700.0,Rs./Quintal
Maharashtra,Mumbai,Mumbai Apmc,Vegetables,Tomato,2025-06-09,275.7,Metric Tonnes,1900.0,Rs./Quintal
Maharashtra,Mumbai,Mumbai Apmc,Vegetables,Tomato,2025-06-10,229.9,Metric Tonnes,2100.0,Rs./Quintal
Maharashtra,Mumbai,Mumbai Apmc,Vegetables,Tomato,2025-06-11,216.4,Metric Tonnes,1900.0,Rs./Quintal
Maharashtra,Mumbai,Mumbai Apmc,Vegetables,Tomato,2025-06-12,200.9,Metric Tonnes,1900.0,Rs./Quintal
Maharashtra,Mumbai,Mumbai Apmc,Vegetables,Tomato,2025-06-13,1012.3,Metric Tonnes,1900.0,Rs./Quintal
Maharashtra,Mumbai,Mumbai Apmc,Vegetables,Tomato,2025-06-14,2983.2,Metric Tonnes,1800.0,Rs./Quintal
Maharashtra,Mumbai,Mumbai Apmc,Vegetables,Tomato,2025-06-16,263.8,Metric Tonnes,1800.0,Rs./Quintal
Maharashtra,Mumbai,Mumbai Apmc,Vegetables,Tomato,2025-06-17,155.5,Metric Tonnes,2000.0,Rs./Quintal
Maharashtra,Mumbai,Mumbai Apmc,Vegetables,Tomato,2025-06-18,314.5,Metric Tonnes,1700.0,Rs./Quintal
Maharashtra,Mumbai,Mumbai Apmc,Vegetables,Tomato,2025-06-19,288.0,Metric Tonnes,1900.0,Rs./Quintal
Maharashtra,Mumbai,Mumbai Apmc,Vegetables,Tomato,2025-06-20,324.2,Metric Tonnes,1800.0,Rs./Quintal
Maharashtra,Mumbai,Mumbai Apmc,Vegetables,Tomato,2025-06-23,1531.8,Metric Tonnes,1900.0,Rs./Quintal
Maharashtra,Mumbai,Mumbai Apmc,Vegetables,Tomato,2025-06-24,364.4,Metric Tonnes,1700.0,Rs./Quintal
Maharashtra,Mumbai,Mumbai Apmc,Vegetables,Tomato,2025-06-25,366.1,Metric Tonnes,1800.0,Rs./Quintal
Maharashtra,Mumbai,Mumbai Apmc,Vegetables,Tomato,2025-06-26,210.6,Metric Tonnes,1800.0,Rs./Quintal
Maharashtra,Mumbai,Mumbai Apmc,Vegetables,Tomato,2025-06-27,250.7,Metric Tonnes,1800.0,Rs./Quintal
Maharashtra,Mumbai,Mumbai Apmc,Vegetables,Tomato,2025-06-30,343.8,Metric Tonnes,2000.0,Rs./Quintal
Maharashtra,Mumbai,Mumbai Apmc,Vegetables,Tomato,2025-07-01,289.8,Metric Tonnes,2100.0,Rs./Quintal
Maharashtra,Mumbai,Mumbai Apmc,Vegetables,Tomato,2025-07-04,233.2,Metric Tonnes,2100.0,Rs./Quintal
Maharashtra,Mumbai,Mumbai Apmc,Vegetables,Tomato,2025-07-07,528.4,Metric Tonnes,2300.0,Rs./Quintal
Maharashtra,Mumbai,Mumbai Apmc,Vegetables,Tomato,2025-07-08,246.9,Metric Tonnes,2200.0,Rs./Quintal
Maharashtra,Mumbai,Mumbai Apmc,Vegetables,Tomato,2025-07-09,296.0,Metric Tonnes,2150.0,Rs./Quintal
Maharashtra,Mumbai,Mumbai Apmc,Vegetables,Tomato,2025-07-10,163.5,Metric Tonnes,2700.0,Rs./Quintal
Maharashtra,Mumbai,Mumbai Apmc,Vegetables,Tomato,2025-07-11,360.8,Metric Tonnes,2700.0,Rs./Quintal
Maharashtra,Mumbai,Mumbai Apmc,Vegetables,Tomato,2025-07-12,327.0,Metric Tonnes,2200.0,Rs./Quintal
Maharashtra,Mumbai,Mumbai Apmc,Vegetables,Tomato,2025-07-14,344.5,Metric Tonnes,2300.0,Rs./Quintal
Maharashtra,Mumbai,Mumbai Apmc,Vegetables,Tomato,2025-07-15,261.8,Metric Tonnes,1900.0,Rs./Quintal
Maharashtra,Mumbai,Mumbai Apmc,Vegetables,Tomato,2025-07-16,245.9,Metric Tonnes,1800.0,Rs./Quintal
Maharashtra,Mumbai,Mumbai Apmc,Vegetables,Tomato,2025-07-17,262.3,Metric Tonnes,1700.0,Rs./Quintal
Maharashtra,Mumbai,Mumbai Apmc,Vegetables,Tomato,2025-07-18,335.3,Metric Tonnes,1700.0,Rs./Quintal
Maharashtra,Mumbai,Mumbai Apmc,Vegetables,Tomato,2025-07-19,252.7,Metric Tonnes,1500.0,Rs./Quintal
Maharashtra,Mumbai,Mumbai Apmc,Vegetables,Tomato,2025-07-21,298.5,Metric Tonnes,1700.0,Rs./Quintal
Maharashtra,Mumbai,Mumbai Apmc,Vegetables,Tomato,2025-07-22,217.6,Metric Tonnes,2000.0,Rs./Quintal
Maharashtra,Mumbai,Mumbai Apmc,Vegetables,Tomato,2025-07-23,196.0,Metric Tonnes,2500.0,Rs./Quintal
Maharashtra,Mumbai,Mumbai Apmc,Vegetables,Tomato,2025-07-24,164.7,Metric Tonnes,2500.0,Rs./Quintal
Maharashtra,Mumbai,Mumbai Apmc,Vegetables,Tomato,2025-07-25,200.3,Metric Tonnes,3500.0,Rs./Quintal
Maharashtra,Mumbai,Mumbai Apmc,Vegetables,Tomato,2025-07-26,288.0,Metric Tonnes,3500.0,Rs./Quintal
Maharashtra,Mumbai,Mumbai Apmc,Vegetables,Tomato,2025-07-28,288.0,Metric Tonnes,3500.0,Rs./Quintal
Maharashtra,Mumbai,Mumbai Apmc,Vegetables,Tomato,2025-07-29,209.4,Metric Tonnes,3900.0,Rs./Quintal
Maharashtra,Mumbai,Mumbai Apmc,Vegetables,Tomato,2025-07-30,182.5,Metric Tonnes,3900.0,Rs./Quintal
Maharashtra,Mumbai,Mumbai Apmc,Vegetables,Tomato,2025-07-31,230.5,Metric Tonnes,4100.0,Rs./Quintal
Maharashtra,Mumbai,Mumbai Apmc,Vegetables,Tomato,2025-08-01,242.6,Metric Tonnes,3500.0,Rs./Quintal
Maharashtra,Mumbai,Mumbai Apmc,Vegetables,Tomato,2025-08-02,306.7,Metric Tonnes,3400.0,Rs./Quintal
Maharashtra,Mumbai,Mumbai Apmc,Vegetables,Tomato,2025-08-04,329.7,Metric Tonnes,3500.0,Rs./Quintal
Maharashtra,Mumbai,Mumbai Apmc,Vegetables,Tomato,2025-08-05,197.1,Metric Tonnes,4500.0,Rs./Quintal
Maharashtra,Mumbai,Mumbai Apmc,Vegetables,Tomato,2025-08-06,228.8,Metric Tonnes,4500.0,Rs./Quintal
Maharashtra,Mumbai,Mumbai Apmc,Vegetables,Tomato,2025-08-07,126.4,Metric Tonnes,4500.0,Rs./Quintal
Maharashtra,Mumbai,Mumbai Apmc,Vegetables,Tomato,2025-08-08,279.6,Metric Tonnes,3500.0,Rs./Quintal
Maharashtra,Mumbai,Mumbai Apmc,Vegetables,Tomato,2025-08-09,227.0,Metric Tonnes,3700.0,Rs./Quintal
Maharashtra,Mumbai,Mumbai Apmc,Vegetables,Tomato,2025-08-11,237.0,Metric Tonnes,4000.0,Rs./Quintal
Maharashtra,Mumbai,Mumbai Apmc,Vegetables,Tomato,2025-08-12,243.2,Metric Tonnes,4000.0,Rs./Quintal
Maharashtra,Mumbai,Mumbai Apmc,Vegetables,Tomato,2025-08-13,260.6,Metric Tonnes,3000.0,Rs./Quintal
Maharashtra,Mumbai,Mumbai Apmc,Vegetables,Tomato,2025-08-14,258.4,Metric Tonnes,3700.0,Rs./Quintal
Maharashtra,Mumbai,Mumbai Apmc,Vegetables,Tomato,2025-08-16,243.0,Metric Tonnes,3500.0,Rs./Quintal
Maharashtra,Mumbai,Mumbai Apmc,Vegetables,Tomato,2025-08-18,314.2,Metric Tonnes,3500.0,Rs./Quintal
Maharashtra,Mumbai,Mumbai Apmc,Vegetables,Tomato,2025-08-19,183.8,Metric Tonnes,3500.0,Rs./Quintal
Maharashtra,Mumbai,Mumbai Apmc,Vegetables,Tomato,2025-08-20,75.0,Metric Tonnes,4500.0,Rs./Quintal
Maharashtra,Mumbai,Mumbai Apmc,Vegetables,Tomato,2025-08-21,140.1,Metric Tonnes,4500.0,Rs./Quintal
Maharashtra,Mumbai,Mumbai Apmc,Vegetables,Tomato,2025-08-22,269.3,Metric Tonnes,4300.0,Rs./Quintal
Maharashtra,Mumbai,Mumbai Apmc,Vegetables,Tomato,2025-08-23,251.7,Metric Tonnes,3900.0,Rs./Quintal
Maharashtra,Mumbai,Mumbai Apmc,Vegetables,Tomato,2025-08-25,342.9,Metric Tonnes,3500.0,Rs./Quintal
Maharashtra,Mumbai,Mumbai Apmc,Vegetables,Tomato,2025-08-26,190.3,Metric Tonnes,2700.0,Rs./Quintal
Maharashtra,Mumbai,Mumbai Apmc,Vegetables,Tomato,2025-08-27,225.0,Metric Tonnes,2500.0,Rs./Quintal
Maharashtra,Mumbai,Mumbai Apmc,Vegetables,Tomato,2025-08-28,168.0,Metric Tonnes,2300.0,Rs./Quintal
Maharashtra,Mumbai,Mumbai Apmc,Vegetables,Tomato,2025-08-29,100.6,Metric Tonnes,2100.0,Rs./Quintal
Maharashtra,Mumbai,Mumbai Apmc,Vegetables,Tomato,2025-08-30,124.4,Metric Tonnes,2600.0,Rs./Quintal
Maharashtra,Mumbai,Mumbai Apmc,Vegetables,Tomato,2025-09-01,229.0,Metric Tonnes,2500.0,Rs./Quintal
Maharashtra,Mumbai,Mumbai Apmc,Vegetables,Tomato,2025-09-02,109.9,Metric Tonnes,2500.0,Rs./Quintal
Maharashtra,Mumbai,Mumbai Apmc,Vegetables,Tomato,2025-09-03,187.4,Metric Tonnes,2500.0,Rs./Quintal
Maharashtra,Mumbai,Mumbai Apmc,Vegetables,Tomato,2025-09-04,209.0,Metric Tonnes,2500.0,Rs./Quintal
Maharashtra,Mumbai,Mumbai Apmc,Vegetables,Tomato,2025-09-05,298.5,Metric Tonnes,2300.0,Rs./Quintal
Maharashtra,Mumbai,Mumbai Apmc,Vegetables,Tomato,2025-09-08,272.9,Metric Tonnes,2300.0,Rs./Quintal
Maharashtra,Mumbai,Mumbai Apmc,Vegetables,Tomato,2025-09-09,199.0,Metric Tonnes,2200.0,Rs./Quintal
Maharashtra,Mumbai,Mumbai Apmc,Vegetables,Tomato,2025-09-10,218.1,Metric Tonnes,1700.0,Rs./Quintal
Maharashtra,Mumbai,Mumbai Apmc,Vegetables,Tomato,2025-09-11,200.4,Metric Tonnes,1700.0,Rs./Quintal
Maharashtra,Mumbai,Mumbai Apmc,Vegetables,Tomato,2025-09-12,199.3,Metric Tonnes,1700.0,Rs./Quintal
Maharashtra,Mumbai,Mumbai Apmc,Vegetables,Tomato,2025-09-13,196.8,Metric Tonnes,1600.0,Rs./Quintal
Maharashtra,Mumbai,Mumbai Apmc,Vegetables,Tomato,2025-09-15,221.2,Metric Tonnes,1300.0,Rs./Quintal
Maharashtra,Mumbai,Mumbai Apmc,Vegetables,Tomato,2025-09-16,145.6,Metric Tonnes,1200.0,Rs./Quintal
Maharashtra,Mumbai,Mumbai Apmc,Vegetables,Tomato,2025-09-17,161.2,Metric Tonnes,1050.0,Rs./Quintal
Maharashtra,Mumbai,Mumbai Apmc,Vegetables,Tomato,2025-09-18,173.2,Metric Tonnes,1200.0,Rs./Quintal
Maharashtra,Mumbai,Mumbai Apmc,Vegetables,Tomato,2025-09-19,181.1,Metric Tonnes,1200.0,Rs./Quintal
Maharashtra,Mumbai,Mumbai Apmc,Vegetables,Tomato,2025-09-20,179.4,Metric Tonnes,1300.0,Rs./Quintal
Maharashtra,Mumbai,Mumbai Apmc,Vegetables,Tomato,2025-09-22,189.2,Metric Tonnes,1800.0,Rs./Quintal
Maharashtra,Mumbai,Mumbai Apmc,Vegetables,Tomato,2025-09-23,163.1,Metric Tonnes,2100.0,Rs./Quintal
Maharashtra,Mumbai,Mumbai Apmc,Vegetables,Tomato,2025-09-24,189.6,Metric Tonnes,1800.0,Rs./Quintal
Maharashtra,Mumbai,Mumbai Apmc,Vegetables,Tomato,2025-09-25,190.9,Metric Tonnes,1700.0,Rs./Quintal
Maharashtra,Mumbai,Mumbai Apmc,Vegetables,Tomato,2025-09-27,162.9,Metric Tonnes,1400.0,Rs./Quintal
Maharashtra,Mumbai,Mumbai Apmc,Vegetables,Tomato,2025-09-29,158.5,Metric Tonnes,2250.0,Rs./Quintal
Maharashtra,Mumbai,Mumbai Apmc,Vegetables,Tomato,2025-09-30,204.7,Metric Tonnes,2100.0,Rs./Quintal
Maharashtra,Mumbai,Mumbai Apmc,Vegetables,Tomato,2025-10-01,251.0,Metric Tonnes,2000.0,Rs./Quintal
Maharashtra,Mumbai,Mumbai Apmc,Vegetables,Tomato,2025-10-02,112.8,Metric Tonnes,2100.0,Rs./Quintal
Maharashtra,Mumbai,Mumbai Apmc,Vegetables,Tomato,2025-10-03,184.9,Metric Tonnes,2200.0,Rs./Quintal
Maharashtra,Mumbai,Mumbai Apmc,Vegetables,Tomato,2025-10-06,257.8,Metric Tonnes,1900.0,Rs./Quintal
Maharashtra,Mumbai,Mumbai Apmc,Vegetables,Tomato,2025-10-07,168.8,Metric Tonnes,1800.0,Rs./Quintal
Maharashtra,Mumbai,Mumbai Apmc,Vegetables,Tomato,2025-10-08,212.6,Metric Tonnes,1800.0,Rs./Quintal
Maharashtra,Mumbai,Mumbai Apmc,Vegetables,Tomato,2025-10-09,152.1,Metric Tonnes,1800.0,Rs./Quintal
Maharashtra,Mumbai,Mumbai Apmc,Vegetables,Tomato,2025-10-11,209.4,Metric Tonnes,1650.0,Rs./Quintal
Maharashtra,Mumbai,Mumbai Apmc,Vegetables,Tomato,2025-10-13,183.3,Metric Tonnes,1800.0,Rs./Quintal
Maharashtra,Mumbai,Mumbai Apmc,Vegetables,Tomato,2025-10-14,173.2,Metric Tonnes,1800.0,Rs./Quintal
Maharashtra,Mumbai,Mumbai Apmc,Vegetables,Tomato,2025-10-15,209.3,Metric Tonnes,1800.0,Rs./Quintal
Maharashtra,Mumbai,Mumbai Apmc,Vegetables,Tomato,2025-10-16,150.0,Metric Tonnes,1800.0,Rs./Quintal
Maharashtra,Mumbai,Mumbai Apmc,Vegetables,Tomato,2025-10-17,148.7,Metric Tonnes,1800.0,Rs./Quintal
Maharashtra,Mumbai,Mumbai Apmc,Vegetables,Tomato,2025-10-25,292.5,Metric Tonnes,1800.0,Rs./Quintal
Maharashtra,Mumbai,Mumbai Apmc,Vegetables,Tomato,2025-10-27,244.9,Metric Tonnes,1200.0,Rs./Quintal
Maharashtra,Mumbai,Mumbai Apmc,Vegetables,Tomato,2025-10-28,182.7,Metric Tonnes,1200.0,Rs./Quintal
Maharashtra,Mumbai,Mumbai Apmc,Vegetables,Tomato,2025-10-29,203.1,Metric Tonnes,1100.0,Rs./Quintal
Maharashtra,Mumbai,Mumbai Apmc,Vegetables,Tomato,2025-10-30,155.3,Metric Tonnes,1150.0,Rs./Quintal
Maharashtra,Mumbai,Mumbai Apmc,Vegetables,Tomato,2025-10-31,200.3,Metric Tonnes,1200.0,Rs./Quintal
Maharashtra,Mumbai,Mumbai Apmc,Vegetables,Tomato,2025-11-01,225.7,Metric Tonnes,1600.0,Rs./Quintal
Maharashtra,Mumbai,Mumbai Apmc,Vegetables,Tomato,2025-11-03,264.8,Metric Tonnes,1300.0,Rs./Quintal
Maharashtra,Mumbai,Mumbai Apmc,Vegetables,Tomato,2025-11-04,141.6,Metric Tonnes,1800.0,Rs./Quintal
Maharashtra,Mumbai,Mumbai Apmc,Vegetables,Tomato,2025-11-10,223.8,Metric Tonnes,2400.0,Rs./Quintal
Maharashtra,Mumbai,Mumbai Apmc,Vegetables,Tomato,2025-11-12,202.5,Metric Tonnes,3000.0,Rs./Quintal
Maharashtra,Mumbai,Mumbai Apmc,Vegetables,Tomato,2025-11-17,236.2,Metric Tonnes,3500.0,Rs./Quintal
Maharashtra,Mumbai,Mumbai Apmc,Vegetables,Tomato,2025-11-18,124.5,Metric Tonnes,3500.0,Rs./Quintal
Maharashtra,Mumbai,Mumbai Apmc,Vegetables,Tomato,2025-11-19,243.0,Metric Tonnes,3900.0,Rs./Quintal
Maharashtra,Mumbai,Mumbai Apmc,Vegetables,Tomato,2025-11-20,89.5,Metric Tonnes,3800.0,Rs./Quintal
Maharashtra,Mumbai,Mumbai Apmc,Vegetables,Tomato,2025-11-21,169.2,Metric Tonnes,4000.0,Rs./Quintal
Maharashtra,Mumbai,Mumbai Apmc,Vegetables,Tomato,2025-11-24,249.0,Metric Tonnes,4800.0,Rs./Quintal
Maharashtra,Mumbai,Mumbai Apmc,Vegetables,Tomato,2025-11-25,128.2,Metric Tonnes,4000.0,Rs./Quintal
Maharashtra,Mumbai,Mumbai Apmc,Vegetables,Tomato,2025-11-26,227.6,Metric Tonnes,3800.0,Rs./Quintal
Maharashtra,Mumbai,Mumbai Apmc,Vegetables,Tomato,2025-11-27,164.0,Metric Tonnes,2800.0,Rs./Quintal
Maharashtra,Mumbai,Mumbai Apmc,Vegetables,Tomato,2025-11-28,215.7,Metric Tonnes,3300.0,Rs./Quintal
Maharashtra,Mumbai,Mumbai Apmc,Vegetables,Tomato,2025-12-01,287.3,Metric Tonnes,3100.0,Rs./Quintal
Maharashtra,Mumbai,Mumbai Apmc,Vegetables,Tomato,2025-12-02,160.2,Metric Tonnes,2800.0,Rs./Quintal
Maharashtra,Mumbai,Mumbai Apmc,Vegetables,Tomato,2025-12-03,230.9,Metric Tonnes,2800.0,Rs./Quintal
Maharashtra,Mumbai,Mumbai Apmc,Vegetables,Tomato,2025-12-04,173.5,Metric Tonnes,2800.0,Rs./Quintal
Maharashtra,Mumbai,Mumbai Apmc,Vegetables,Tomato,2025-12-05,877.4,Metric Tonnes,2900.0,Rs./Quintal
Maharashtra,Mumbai,Mumbai Apmc,Vegetables,Tomato,2025-12-08,257.9,Metric Tonnes,3300.0,Rs./Quintal
Maharashtra,Mumbai,Mumbai Apmc,Vegetables,Tomato,2025-12-09,280.5,Metric Tonnes,3300.0,Rs./Quintal
Maharashtra,Mumbai,Mumbai Apmc,Vegetables,Tomato,2025-12-10,246.8,Metric Tonnes,2800.0,Rs./Quintal
Maharashtra,Mumbai,Mumbai Apmc,Vegetables,Tomato,2025-12-11,149.8,Metric Tonnes,2800.0,Rs./Quintal
Maharashtra,Mumbai,Mumbai Apmc,Vegetables,Tomato,2025-12-12,212.5,Metric Tonnes,3800.0,Rs./Quintal
Maharashtra,Mumbai,Mumbai Apmc,Vegetables,Tomato,2025-12-15,262.0,Metric Tonnes,4250.0,Rs./Quintal
Maharashtra,Mumbai,Mumbai Apmc,Vegetables,Tomato,2025-12-16,154.4,Metric Tonnes,4000.0,Rs./Quintal
Maharashtra,Mumbai,Mumbai Apmc,Vegetables,Tomato,2025-12-17,186.8,Metric Tonnes,5500.0,Rs./Quintal
Maharashtra,Mumbai,Mumbai Apmc,Vegetables,Tomato,2025-12-18,159.5,Metric Tonnes,4250.0,Rs./Quintal
Maharashtra,Mumbai,Mumbai Apmc,Vegetables,Tomato,2025-12-19,39.0,Metric Tonnes,4250.0,Rs./Quintal
Maharashtra,Mumbai,Mumbai Apmc,Vegetables,Tomato,2025-12-22,233.6,Metric Tonnes,4300.0,Rs./Quintal
Maharashtra,Mumbai,Mumbai Apmc,Vegetables,Tomato,2025-12-23,2.8,Metric Tonnes,4500.0,Rs./Quintal
Maharashtra,Mumbai,Mumbai Apmc,Vegetables,Tomato,2025-12-24,270.0,Metric Tonnes,4300.0,Rs./Quintal
Maharashtra,Mumbai,Mumbai Apmc,Vegetables,Tomato,2025-12-25,179.2,Metric Tonnes,4500.0,Rs./Quintal
Maharashtra,Mumbai,Mumbai Apmc,Vegetables,Tomato,2025-12-26,235.2,Metric Tonnes,4250.0,Rs./Quintal
Maharashtra,Mumbai,Mumbai Apmc,Vegetables,Tomato,2025-12-29,288.9,Metric Tonnes,4250.0,Rs./Quintal
Maharashtra,Mumbai,Mumbai Apmc,Vegetables,Tomato,2025-12-30,170.7,Metric Tonnes,4250.0,Rs./Quintal
Maharashtra,Mumbai,Mumbai Apmc,Vegetables,Tomato,2025-12-31,229.2,Metric Tonnes,4250.0,Rs./Quintal
Maharashtra,Mumbai,Mumbai Apmc,Vegetables,Tomato,2026-01-01,166.5,Metric Tonnes,4200.0,Rs./Quintal
Maharashtra,Mumbai,Mumbai Apmc,Vegetables,Tomato,2026-01-02,186.6,Metric Tonnes,4250.0,Rs./Quintal
Maharashtra,Mumbai,Mumbai Apmc,Vegetables,Tomato,2026-01-03,314.4,Metric Tonnes,3005.0,Rs./Quintal
Maharashtra,Mumbai,Mumbai Apmc,Vegetables,Tomato,2026-01-04,269.9,Metric Tonnes,2635.0,Rs./Quintal
Maharashtra,Mumbai,Mumbai Apmc,Vegetables,Tomato,2026-01-05,290.6,Metric Tonnes,5000.0,Rs./Quintal
Maharashtra,Mumbai,Mumbai Apmc,Vegetables,Tomato,2026-01-06,180.9,Metric Tonnes,3800.0,Rs./Quintal
Maharashtra,Mumbai,Mumbai Apmc,Vegetables,Tomato,2026-01-07,305.7,Metric Tonnes,3800.0,Rs./Quintal
Maharashtra,Mumbai,Mumbai Apmc,Vegetables,Tomato,2026-01-08,211.4,Metric Tonnes,2900.0,Rs./Quintal
Maharashtra,Mumbai,Mumbai Apmc,Vegetables,Tomato,2026-01-09,263.2,Metric Tonnes,2800.0,Rs./Quintal
Maharashtra,Mumbai,Mumbai Apmc,Vegetables,Tomato,2026-01-10,289.1,Metric Tonnes,2810.0,Rs./Quintal
Maharashtra,Mumbai,Mumbai Apmc,Vegetables,Tomato,2026-01-11,421.1,Metric Tonnes,2815.0,Rs./Quintal
Maharashtra,Mumbai,Mumbai Apmc,Vegetables,Tomato,2026-01-12,310.6,Metric Tonnes,2800.0,Rs./Quintal
Maharashtra,Mumbai,Mumbai Apmc,Vegetables,Tomato,2026-01-13,233.1,Metric Tonnes,2800.0,Rs./Quintal
Maharashtra,Mumbai,Mumbai Apmc,Vegetables,Tomato,2026-01-14,184.8,Metric Tonnes,2700.0,Rs./Quintal
Maharashtra,Mumbai,Mumbai Apmc,Vegetables,Tomato,2026-01-15,127.3,Metric Tonnes,2500.0,Rs./Quintal
Maharashtra,Mumbai,Mumbai Apmc,Vegetables,Tomato,2026-01-16,232.7,Metric Tonnes,3300.0,Rs./Quintal
Maharashtra,Mumbai,Mumbai Apmc,Vegetables,Tomato,2026-01-17,215.1,Metric Tonnes,3205.0,Rs./Quintal
Maharashtra,Mumbai,Mumbai Apmc,Vegetables,Tomato,2026-01-18,95.4,Metric Tonnes,2635.0,Rs./Quintal
Maharashtra,Mumbai,Mumbai Apmc,Vegetables,Tomato,2026-01-19,386.5,Metric Tonnes,2700.0,Rs./Quintal
Maharashtra,Mumbai,Mumbai Apmc,Vegetables,Tomato,2026-01-20,330.3,Metric Tonnes,2200.0,Rs./Quintal
Maharashtra,Mumbai,Mumbai Apmc,Vegetables,Tomato,2026-01-21,297.1,Metric Tonnes,2200.0,Rs./Quintal
Maharashtra,Mumbai,Mumbai Apmc,Vegetables,Tomato,2026-01-22,241.9,Metric Tonnes,1800.0,Rs./Quintal
Maharashtra,Mumbai,Mumbai Apmc,Vegetables,Tomato,2026-01-23,314.2,Metric Tonnes,1800.0,Rs./Quintal
Maharashtra,Mumbai,Mumbai Apmc,Vegetables,Tomato,2026-01-24,373.9,Metric Tonnes,2040.0,Rs./Quintal
Maharashtra,Mumbai,Mumbai Apmc,Vegetables,Tomato,2026-01-25,219.0,Metric Tonnes,1715.0,Rs./Quintal
Maharashtra,Mumbai,Mumbai Apmc,Vegetables,Tomato,2026-01-26,197.4,Metric Tonnes,1845.0,Rs./Quintal
Maharashtra,Mumbai,Mumbai Apmc,Vegetables,Tomato,2026-01-27,297.7,Metric Tonnes,2200.0,Rs./Quintal
Maharashtra,Mumbai,Mumbai Apmc,Vegetables,Tomato,2026-01-28,347.6,Metric Tonnes,2200.0,Rs./Quintal
Maharashtra,Mumbai,Mumbai Apmc,Vegetables,Tomato,2026-01-29,274.9,Metric Tonnes,1800.0,Rs./Quintal
Maharashtra,Mumbai,Mumbai Apmc,Vegetables,Tomato,2026-01-30,246.9,Metric Tonnes,1400.0,Rs./Quintal
Maharashtra,Mumbai,Mumbai Apmc,Vegetables,Tomato,2026-01-31,255.4,Metric Tonnes,1515.0,Rs./Quintal
Maharashtra,Mumbai,Mumbai Apmc,Vegetables,Tomato,2026-02-01,198.4,Metric Tonnes,1745.0,Rs./Quintal
Maharashtra,Mumbai,Mumbai Apmc,Vegetables,Tomato,2026-02-02,217.6,Metric Tonnes,1400.0,Rs./Quintal
Maharashtra,Mumbai,Mumbai Apmc,Vegetables,Tomato,2026-02-03,282.3,Metric Tonnes,1800.0,Rs./Quintal
Maharashtra,Mumbai,Mumbai Apmc,Vegetables,Tomato,2026-02-04,59.1,Metric Tonnes,1900.0,Rs./Quintal
Maharashtra,Mumbai,Mumbai Apmc,Vegetables,Tomato,2026-02-05,281.1,Metric Tonnes,1500.0,Rs./Quintal
Maharashtra,Mumbai,Mumbai Apmc,Vegetables,Tomato,2026-02-06,428.9,Metric Tonnes,1800.0,Rs./Quintal
Maharashtra,Mumbai,Mumbai Apmc,Vegetables,Tomato,2026-02-07,145.5,Metric Tonnes,1650.0,Rs./Quintal
Maharashtra,Mumbai,Mumbai Apmc,Vegetables,Tomato,2026-02-08,364.4,Metric Tonnes,1775.0,Rs./Quintal
Maharashtra,Mumbai,Mumbai Apmc,Vegetables,Tomato,2026-02-09,178.1,Metric Tonnes,1650.0,Rs./Quintal
Maharashtra,Mumbai,Mumbai Apmc,Vegetables,Tomato,2026-02-10,213.8,Metric Tonnes,1800.0,Rs./Quintal
Maharashtra,Mumbai,Mumbai Apmc,Vegetables,Tomato,2026-02-11,254.1,Metric Tonnes,1500.0,Rs./Quintal
Maharashtra,Mumbai,Mumbai Apmc,Vegetables,Tomato,2026-02-12,254.6,Metric Tonnes,1500.0,Rs./Quintal
Maharashtra,Mumbai,Mumbai Apmc,Vegetables,Tomato,2026-02-13,275.4,Metric Tonnes,1800.0,Rs./Quintal
Maharashtra,Mumbai,Mumbai Apmc,Vegetables,Tomato,2026-02-14,341.0,Metric Tonnes,1540.0,Rs./Quintal
Maharashtra,Mumbai,Mumbai Apmc,Vegetables,Tomato,2026-02-15,325.2,Metric Tonnes,1355.0,Rs./Quintal
Maharashtra,Mumbai,Mumbai Apmc,Vegetables,Tomato,2026-02-16,227.2,Metric Tonnes,1500.0,Rs./Quintal
Maharashtra,Mumbai,Mumbai Apmc,Vegetables,Tomato,2026-02-17,168.7,Metric Tonnes,1800.0,Rs./Quintal
Maharashtra,Mumbai,Mumbai Apmc,Vegetables,Tomato,2026-02-18,236.2,Metric Tonnes,2200.0,Rs./Quintal
Maharashtra,Mumbai,Mumbai Apmc,Vegetables,Tomato,2026-02-19,224.8,Metric Tonnes,1900.0,Rs./Quintal
Maharashtra,Mumbai,Mumbai Apmc,Vegetables,Tomato,2026-02-20,239.0,Metric Tonnes,1800.0,Rs./Quintal
Maharashtra,Mumbai,Mumbai Apmc,Vegetables,Tomato,2026-02-21,137.6,Metric Tonnes,1280.0,Rs./Quintal
Maharashtra,Mumbai,Mumbai Apmc,Vegetables,Tomato,2026-02-22,216.4,Metric Tonnes,1480.0,Rs./Quintal
Maharashtra,Mumbai,Mumbai Apmc,Vegetables,Tomato,2026-02-23,224.9,Metric Tonnes,1400.0,Rs./Quintal
Maharashtra,Mumbai,Mumbai Apmc,Vegetables,Tomato,2026-02-24,202.2,Metric Tonnes,1350.0,Rs./Quintal
Maharashtra,Mumbai,Mumbai Apmc,Vegetables,Tomato,2026-02-25,205.9,Metric Tonnes,1350.0,Rs./Quintal
Maharashtra,Mumbai,Mumbai Apmc,Vegetables,Tomato,2026-02-26,222.7,Metric Tonnes,1300.0,Rs./Quintal
Maharashtra,Mumbai,Mumbai Apmc,Vegetables,Tomato,2026-02-27,202.0,Metric Tonnes,1300.0,Rs./Quintal
Maharashtra,Mumbai,Mumbai Apmc,Vegetables,Tomato,2026-02-28,299.7,Metric Tonnes,945.0,Rs./Quintal
Maharashtra,Mumbai,Mumbai Apmc,Vegetables,Tomato,2026-03-01,144.6,Metric Tonnes,915.0,Rs./Quintal
Maharashtra,Mumbai,Mumbai Apmc,Vegetables,Tomato,2026-03-02,250.9,Metric Tonnes,1300.0,Rs./Quintal
Maharashtra,Mumbai,Mumbai Apmc,Vegetables,Tomato,2026-03-03,298.3,Metric Tonnes,1105.0,Rs./Quintal
Maharashtra,Mumbai,Mumbai Apmc,Vegetables,Tomato,2026-03-04,230.8,Metric Tonnes,1800.0,Rs./Quintal
Maharashtra,Mumbai,Mumbai Apmc,Vegetables,Tomato,2026-03-05,115.9,Metric Tonnes,1800.0,Rs./Quintal
Maharashtra,Mumbai,Mumbai Apmc,Vegetables,Tomato,2026-03-06,182.6,Metric Tonnes,1800.0,Rs./Quintal
Maharashtra,Mumbai,Mumbai Apmc,Vegetables,Tomato,2026-03-07,109.6,Metric Tonnes,965.0,Rs./Quintal
Maharashtra,Mumbai,Mumbai Apmc,Vegetables,Tomato,2026-03-08,284.0,Metric Tonnes,1150.0,Rs./Quintal
Maharashtra,Mumbai,Mumbai Apmc,Vegetables,Tomato,2026-03-09,254.5,Metric Tonnes,2000.0,Rs./Quintal
Maharashtra,Mumbai,Mumbai Apmc,Vegetables,Tomato,2026-03-10,121.0,Metric Tonnes,2100.0,Rs./Quintal
Maharashtra,Mumbai,Mumbai Apmc,Vegetables,Tomato,2026-03-11,275.9,Metric Tonnes,1800.0,Rs./Quintal
Maharashtra,Mumbai,Mumbai Apmc,Vegetables,Tomato,2026-03-12,188.1,Metric Tonnes,1900.0,Rs./Quintal
Maharashtra,Mumbai,Mumbai Apmc,Vegetables,Tomato,2026-03-13,162.6,Metric Tonnes,1800.0,Rs./Quintal
Maharashtra,Mumbai,Mumbai Apmc,Vegetables,Tomato,2026-03-14,321.5,Metric Tonnes,845.0,Rs./Quintal
Maharashtra,Mumbai,Mumbai Apmc,Vegetables,Tomato,2026-03-15,110.4,Metric Tonnes,895.0,Rs./Quintal
Maharashtra,Mumbai,Mumbai Apmc,Vegetables,Tomato,2026-03-16,169.7,Metric Tonnes,1800.0,Rs./Quintal
Maharashtra,Mumbai,Mumbai Apmc,Vegetables,Tomato,2026-03-17,213.8,Metric Tonnes,1800.0,Rs./Quintal
Maharashtra,Mumbai,Mumbai Apmc,Vegetables,Tomato,2026-03-18,195.3,Metric Tonnes,1800.0,Rs./Quintal
Maharashtra,Mumbai,Mumbai Apmc,Vegetables,Tomato,2026-03-19,211.7,Metric Tonnes,1800.0,Rs./Quintal
Maharashtra,Mumbai,Mumbai Apmc,Vegetables,Tomato,2026-03-20,190.3,Metric Tonnes,1800.0,Rs./Quintal
Maharashtra,Mumbai,Mumbai Apmc,Vegetables,Tomato,2026-03-21,157.4,Metric Tonnes,1400.0,Rs./Quintal
Maharashtra,Mumbai,Mumbai Apmc,Vegetables,Tomato,2026-03-22,232.4,Metric Tonnes,1100.0,Rs./Quintal
Maharashtra,Mumbai,Mumbai Apmc,Vegetables,Tomato,2026-03-23,236.8,Metric Tonnes,1400.0,Rs./Quintal
Maharashtra,Mumbai,Mumbai Apmc,Vegetables,Tomato,2026-03-24,210.4,Metric Tonnes,1100.0,Rs./Quintal
Maharashtra,Mumbai,Mumbai Apmc,Vegetables,Tomato,2026-03-25,200.8,Metric Tonnes,1800.0,Rs./Quintal
Maharashtra,Mumbai,Mumbai Apmc,Vegetables,Tomato,2026-03-26,173.7,Metric Tonnes,1400.0,Rs./Quintal
Maharashtra,Mumbai,Mumbai Apmc,Vegetables,Tomato,2026-03-27,187.0,Metric Tonnes,1250.0,Rs./Quintal
Maharashtra,Mumbai,Mumbai Apmc,Vegetables,Tomato,2026-03-28,180.3,Metric Tonnes,1400.0,Rs./Quintal
Maharashtra,Mumbai,Mumbai Apmc,Vegetables,Tomato,2026-03-29,12.0,Metric Tonnes,1490.0,Rs./Quintal
Maharashtra,Mumbai,Mumbai Apmc,Vegetables,Tomato,2026-03-30,222.4,Metric Tonnes,1400.0,Rs./Quintal
Maharashtra,Mumbai,Mumbai Apmc,Vegetables,Tomato,2026-03-31,217.2,Metric Tonnes,1400.0,Rs./Quintal
Maharashtra,Mumbai,Mumbai Apmc,Vegetables,Tomato,2026-04-01,94.9,Metric Tonnes,1200.0,Rs./Quintal
Maharashtra,Mumbai,Mumbai Apmc,Vegetables,Tomato,2026-04-02,211.2,Metric Tonnes,1100.0,Rs./Quintal
Maharashtra,Mumbai,Mumbai Apmc,Vegetables,Tomato,2026-04-03,148.8,Metric Tonnes,1250.0,Rs./Quintal
Maharashtra,Mumbai,Mumbai Apmc,Vegetables,Tomato,2026-04-04,149.4,Metric Tonnes,1250.0,Rs./Quintal
Maharashtra,Mumbai,Mumbai Apmc,Vegetables,Tomato,2026-04-05,281.0,Metric Tonnes,1515.0,Rs./Quintal
Maharashtra,Mumbai,Mumbai Apmc,Vegetables,Tomato,2026-04-06,601.3,Metric Tonnes,1400.0,Rs./Quintal
Maharashtra,Mumbai,Mumbai Apmc,Vegetables,Tomato,2026-04-07,266.0,Metric Tonnes,1100.0,Rs./Quintal
Maharashtra,Mumbai,Mumbai Apmc,Vegetables,Tomato,2026-04-08,215.0,Metric Tonnes,1200.0,Rs./Quintal
Maharashtra,Mumbai,Mumbai Apmc,Vegetables,Tomato,2026-04-09,169.8,Metric Tonnes,1200.0,Rs./Quintal
Maharashtra,Mumbai,Mumbai Apmc,Vegetables,Tomato,2026-04-10,186.9,Metric Tonnes,1200.0,Rs./Quintal
Maharashtra,Mumbai,Mumbai Apmc,Vegetables,Tomato,2026-04-11,253.7,Metric Tonnes,1250.0,Rs./Quintal
Maharashtra,Mumbai,Mumbai Apmc,Vegetables,Tomato,2026-04-12,358.0,Metric Tonnes,1155.0,Rs./Quintal
Maharashtra,Mumbai,Mumbai Apmc,Vegetables,Tomato,2026-04-13,138.2,Metric Tonnes,1600.0,Rs./Quintal
Maharashtra,Mumbai,Mumbai Apmc,Vegetables,Tomato,2026-04-14,172.1,Metric Tonnes,1800.0,Rs./Quintal
Maharashtra,Mumbai,Mumbai Apmc,Vegetables,Tomato,2026-04-15,265.0,Metric Tonnes,1800.0,Rs./Quintal
Maharashtra,Mumbai,Mumbai Apmc,Vegetables,Tomato,2026-04-16,177.0,Metric Tonnes,1800.0,Rs./Quintal
Maharashtra,Mumbai,Mumbai Apmc,Vegetables,Tomato,2026-04-17,150.0,Metric Tonnes,1800.0,Rs./Quintal
Maharashtra,Mumbai,Mumbai Apmc,Vegetables,Tomato,2026-04-18,150.7,Metric Tonnes,2250.0,Rs./Quintal
Maharashtra,Mumbai,Mumbai Apmc,Vegetables,Tomato,2026-04-19,339.2,Metric Tonnes,1455.0,Rs./Quintal
Maharashtra,Mumbai,Mumbai Apmc,Vegetables,Tomato,2026-04-20,140.9,Metric Tonnes,2250.0,Rs./Quintal
Maharashtra,Mumbai,Mumbai Apmc,Vegetables,Tomato,2026-04-21,206.1,Metric Tonnes,2200.0,Rs./Quintal
Maharashtra,Mumbai,Mumbai Apmc,Vegetables,Tomato,2026-04-22,178.9,Metric Tonnes,2250.0,Rs./Quintal
Maharashtra,Mumbai,Mumbai Apmc,Vegetables,Tomato,2026-04-23,211.4,Metric Tonnes,1500.0,Rs./Quintal
Maharashtra,Mumbai,Mumbai Apmc,Vegetables,Tomato,2026-04-24,180.0,Metric Tonnes,1400.0,Rs./Quintal
Maharashtra,Mumbai,Mumbai Apmc,Vegetables,Tomato,2026-04-25,214.4,Metric Tonnes,1700.0,Rs./Quintal
Maharashtra,Mumbai,Mumbai Apmc,Vegetables,Tomato,2026-04-26,164.9,Metric Tonnes,1495.0,Rs./Quintal
Maharashtra,Mumbai,Mumbai Apmc,Vegetables,Tomato,2026-04-27,147.0,Metric Tonnes,1800.0,Rs./Quintal
Maharashtra,Mumbai,Mumbai Apmc,Vegetables,Tomato,2026-04-28,154.9,Metric Tonnes,2300.0,Rs./Quintal
Maharashtra,Mumbai,Mumbai Apmc,Vegetables,Tomato,2026-04-29,181.7,Metric Tonnes,2100.0,Rs./Quintal
Maharashtra,Mumbai,Mumbai Apmc,Vegetables,Tomato,2026-04-30,120.8,Metric Tonnes,2200.0,Rs./Quintal
Maharashtra,Mumbai,Mumbai Apmc,Vegetables,Tomato,2026-05-01,180.5,Metric Tonnes,2000.0,Rs./Quintal
Maharashtra,Mumbai,Mumbai Apmc,Vegetables,Tomato,2026-05-02,218.7,Metric Tonnes,1800.0,Rs./Quintal
Maharashtra,Mumbai,Mumbai Apmc,Vegetables,Tomato,2026-05-03,261.1,Metric Tonnes,1210.0,Rs./Quintal
Maharashtra,Mumbai,Mumbai Apmc,Vegetables,Tomato,2026-05-04,80.0,Metric Tonnes,2000.0,Rs./Quintal
Maharashtra,Mumbai,Mumbai Apmc,Vegetables,Tomato,2026-05-05,177.7,Metric Tonnes,2300.0,Rs./Quintal
Maharashtra,Mumbai,Mumbai Apmc,Vegetables,Tomato,2026-05-06,236.6,Metric Tonnes,2100.0,Rs./Quintal
Maharashtra,Mumbai,Mumbai Apmc,Vegetables,Tomato,2026-05-07,120.5,Metric Tonnes,1500.0,Rs./Quintal
Maharashtra,Mumbai,Mumbai Apmc,Vegetables,Tomato,2026-05-08,151.6,Metric Tonnes,1900.0,Rs./Quintal
Maharashtra,Mumbai,Mumbai Apmc,Vegetables,Tomato,2026-05-09,318.8,Metric Tonnes,1370.0,Rs./Quintal
Maharashtra,Mumbai,Mumbai Apmc,Vegetables,Tomato,2026-05-10,335.2,Metric Tonnes,1375.0,Rs./Quintal
Maharashtra,Mumbai,Mumbai Apmc,Vegetables,Tomato,2026-05-11,168.2,Metric Tonnes,2100.0,Rs./Quintal
Maharashtra,Mumbai,Mumbai Apmc,Vegetables,Tomato,2026-05-12,170.8,Metric Tonnes,2200.0,Rs./Quintal
Maharashtra,Mumbai,Mumbai Apmc,Vegetables,Tomato,2026-05-13,170.2,Metric Tonnes,2100.0,Rs./Quintal
Maharashtra,Mumbai,Mumbai Apmc,Vegetables,Tomato,2026-05-14,126.7,Metric Tonnes,2300.0,Rs./Quintal
Maharashtra,Mumbai,Mumbai Apmc,Vegetables,Tomato,2026-05-15,173.0,Metric Tonnes,2300.0,Rs./Quintal
Maharashtra,Mumbai,Mumbai Apmc,Vegetables,Tomato,2026-05-16,275.6,Metric Tonnes,1950.0,Rs./Quintal
Maharashtra,Mumbai,Mumbai Apmc,Vegetables,Tomato,2026-05-17,128.4,Metric Tonnes,1220.0,Rs./Quintal
Maharashtra,Mumbai,Mumbai Apmc,Vegetables,Tomato,2026-05-18,1227.4,Metric Tonnes,2200.0,Rs./Quintal
Maharashtra,Mumbai,Mumbai Apmc,Vegetables,Tomato,2026-05-19,150.4,Metric Tonnes,2200.0,Rs./Quintal
Maharashtra,Mumbai,Mumbai Apmc,Vegetables,Tomato,2026-05-20,178.2,Metric Tonnes,2200.0,Rs./Quintal
Maharashtra,Mumbai,Mumbai Apmc,Vegetables,Tomato,2026-05-21,158.3,Metric Tonnes,2250.0,Rs./Quintal
Maharashtra,Mumbai,Mumbai Apmc,Vegetables,Tomato,2026-05-22,229.0,Metric Tonnes,2200.0,Rs./Quintal
Maharashtra,Mumbai,Mumbai Apmc,Vegetables,Tomato,2026-05-23,255.1,Metric Tonnes,2200.0,Rs./Quintal
Maharashtra,Mumbai,Mumbai Apmc,Vegetables,Tomato,2026-05-24,186.9,Metric Tonnes,905.0,Rs./Quintal
Maharashtra,Mumbai,Mumbai Apmc,Vegetables,Tomato,2026-05-25,253.0,Metric Tonnes,2200.0,Rs./Quintal
Maharashtra,Mumbai,Mumbai Apmc,Vegetables,Tomato,2026-05-26,161.7,Metric Tonnes,2200.0,Rs./Quintal
Maharashtra,Mumbai,Mumbai Apmc,Vegetables,Tomato,2026-05-27,150.8,Metric Tonnes,1900.0,Rs./Quintal
Maharashtra,Mumbai,Mumbai Apmc,Vegetables,Tomato,2026-05-28,190.4,Metric Tonnes,2200.0,Rs./Quintal
Maharashtra,Mumbai,Mumbai Apmc,Vegetables,Tomato,2026-05-29,168.6,Metric Tonnes,2250.0,Rs./Quintal
Maharashtra,Mumbai,Mumbai Apmc,Vegetables,Tomato,2026-05-30,214.5,Metric Tonnes,2300.0,Rs./Quintal
Maharashtra,Mumbai,Mumbai Apmc,Vegetables,Tomato,2026-05-31,231.9,Metric Tonnes,605.0,Rs./Quintal
Maharashtra,Mumbai,Mumbai Apmc,Vegetables,Tomato,2026-06-01,239.4,Metric Tonnes,2800.0,Rs./Quintal
Maharashtra,Mumbai,Mumbai Apmc,Vegetables,Tomato,2026-06-02,222.2,Metric Tonnes,2900.0,Rs./Quintal
Maharashtra,Mumbai,Mumbai Apmc,Vegetables,Tomato,2026-06-03,265.1,Metric Tonnes,2699.0,Rs./Quintal
Maharashtra,Mumbai,Mumbai Apmc,Vegetables,Tomato,2026-06-04,141.3,Metric Tonnes,2800.0,Rs./Quintal
Maharashtra,Mumbai,Mumbai Apmc,Vegetables,Tomato,2026-06-05,238.2,Metric Tonnes,2800.0,Rs./Quintal
Maharashtra,Mumbai,Mumbai Apmc,Vegetables,Tomato,2026-06-06,272.9,Metric Tonnes,2300.0,Rs./Quintal
Maharashtra,Mumbai,Mumbai Apmc,Vegetables,Tomato,2026-06-07,241.0,Metric Tonnes,870.0,Rs./Quintal
Maharashtra,Mumbai,Mumbai Apmc,Vegetables,Tomato,2026-06-08,266.6,Metric Tonnes,2800.0,Rs./Quintal
Maharashtra,Mumbai,Mumbai Apmc,Vegetables,Tomato,2026-06-09,120.6,Metric Tonnes,3250.0,Rs./Quintal
Maharashtra,Mumbai,Mumbai Apmc,Vegetables,Tomato,2026-06-10,222.0,Metric Tonnes,4700.0,Rs./Quintal
Maharashtra,Mumbai,Mumbai Apmc,Vegetables,Tomato,2026-06-11,231.4,Metric Tonnes,3800.0,Rs./Quintal
Maharashtra,Mumbai,Mumbai Apmc,Vegetables,Tomato,2026-06-12,219.4,Metric Tonnes,3800.0,Rs./Quintal
Maharashtra,Mumbai,Mumbai Apmc,Vegetables,Tomato,2026-06-13,217.5,Metric Tonnes,3300.0,Rs./Quintal
Maharashtra,Mumbai,Mumbai Apmc,Vegetables,Tomato,2026-06-14,158.8,Metric Tonnes,825.0,Rs./Quintal
Maharashtra,Mumbai,Mumbai Apmc,Vegetables,Tomato,2026-06-15,241.3,Metric Tonnes,2800.0,Rs./Quintal
Maharashtra,Mumbai,Mumbai Apmc,Vegetables,Tomato,2026-06-16,259.0,Metric Tonnes,3100.0,Rs./Quintal
Maharashtra,Mumbai,Mumbai Apmc,Vegetables,Tomato,2026-06-17,275.3,Metric Tonnes,3500.0,Rs./Quintal
Maharashtra,Mumbai,Mumbai Apmc,Vegetables,Tomato,2026-06-18,229.2,Metric Tonnes,3700.0,Rs./Quintal
Maharashtra,Mumbai,Mumbai Apmc,Vegetables,Tomato,2026-06-19,296.1,Metric Tonnes,3250.0,Rs./Quintal
Maharashtra,Mumbai,Mumbai Apmc,Vegetables,Tomato,2026-06-20,221.6,Metric Tonnes,515.0,Rs./Quintal
Maharashtra,Mumbai,Mumbai Apmc,Vegetables,Tomato,2026-06-21,217.0,Metric Tonnes,490.0,Rs./Quintal
Maharashtra,Mumbai,Mumbai Apmc,Vegetables,Tomato,2026-06-22,296.8,Metric Tonnes,3250.0,Rs./Quintal
Maharashtra,Mumbai,Mumbai Apmc,Vegetables,Tomato,2026-06-23,312.2,Metric Tonnes,3100.0,Rs./Quintal
Maharashtra,Mumbai,Mumbai Apmc,Vegetables,Tomato,2026-06-24,290.3,Metric Tonnes,2800.0,Rs./Quintal
Maharashtra,Mumbai,Mumbai Apmc,Vegetables,Tomato,2026-06-25,241.3,Metric Tonnes,2800.0,Rs./Quintal
Maharashtra,Mumbai,Mumbai Apmc,Vegetables,Tomato,2026-06-26,344.1,Metric Tonnes,2200.0,Rs./Quintal
Maharashtra,Mumbai,Mumbai Apmc,Vegetables,Tomato,2026-06-27,221.7,Metric Tonnes,495.0,Rs./Quintal
Maharashtra,Mumbai,Mumbai Apmc,Vegetables,Tomato,2026-06-28,259.1,Metric Tonnes,440.0,Rs./Quintal
Maharashtra,Mumbai,Mumbai Apmc,Vegetables,Tomato,2026-06-29,364.6,Metric Tonnes,1800.0,Rs./Quintal
Maharashtra,Mumbai,Mumbai Apmc,Vegetables,Tomato,2026-06-30,261.2,Metric Tonnes,2000.0,Rs./Quintal
Maharashtra,Mumbai,Mumbai Apmc,Vegetables,Tomato,2026-07-01,245.2,Metric Tonnes,2000.0,Rs./Quintal
Maharashtra,Mumbai,Mumbai Apmc,Vegetables,Tomato,2026-07-02,331.4,Metric Tonnes,1800.0,Rs./Quintal
Maharashtra,Mumbai,Mumbai Apmc,Vegetables,Tomato,2026-07-03,276.6,Metric Tonnes,2000.0,Rs./Quintal
Maharashtra,Mumbai,Mumbai Apmc,Vegetables,Tomato,2026-07-04,280.8,Metric Tonnes,2000.0,Rs./Quintal
Maharashtra,Mumbai,Mumbai Apmc,Vegetables,Tomato,2026-07-05,236.8,Metric Tonnes,455.0,Rs./Quintal
Maharashtra,Mumbai,Mumbai Apmc,Vegetables,Tomato,2026-07-06,286.8,Metric Tonnes,2300.0,Rs./Quintal
Maharashtra,Mumbai,Mumbai Apmc,Vegetables,Tomato,2026-07-07,418.9,Metric Tonnes,2200.0,Rs./Quintal
Maharashtra,Mumbai,Mumbai Apmc,Vegetables,Tomato,2026-07-08,317.8,Metric Tonnes,2200.0,Rs./Quintal
Maharashtra,Mumbai,Mumbai Apmc,Vegetables,Tomato,2026-07-09,283.5,Metric Tonnes,1900.0,Rs./Quintal
Maharashtra,Mumbai,Mumbai Apmc,Vegetables,Tomato,2026-07-10,381.0,Metric Tonnes,2800.0,Rs./Quintal
Maharashtra,Mumbai,Mumbai Apmc,Vegetables,Tomato,2026-07-11,29.5,Metric Tonnes,730.0,Rs./Quintal
Maharashtra,Mumbai,Mumbai Apmc,Vegetables,Tomato,2026-07-12,237.1,Metric Tonnes,790.0,Rs./Quintal
Maharashtra,Mumbai,Mumbai Apmc,Vegetables,Tomato,2026-07-13,486.6,Metric Tonnes,2700.0,Rs./Quintal
Maharashtra,Mumbai,Mumbai Apmc,Vegetables,Tomato,2026-07-14,412.4,Metric Tonnes,1800.0,Rs./Quintal
Maharashtra,Mumbai,Mumbai Apmc,Vegetables,Tomato,2026-07-15,333.4,Metric Tonnes,1800.0,Rs./Quintal
Maharashtra,Mumbai,Mumbai Apmc,Vegetables,Tomato,2026-07-16,317.2,Metric Tonnes,1900.0,Rs./Quintal
Maharashtra,Mumbai,Mumbai Apmc,Vegetables,Tomato,2026-07-17,303.7,Metric Tonnes,1800.0,Rs./Quintal
Maharashtra,Mumbai,Mumbai Apmc,Vegetables,Tomato,2026-07-18,356.8,Metric Tonnes,1800.0,Rs./Quintal
Maharashtra,Mumbai,Mumbai Apmc,Vegetables,Tomato,2026-07-19,362.6,Metric Tonnes,720.0,Rs./Quintal
Maharashtra,Mumbai,Mumbai Apmc,Vegetables,Tomato,2026-07-20,338.0,Metric Tonnes,2000.0,Rs./Quintal
Maharashtra,Mumbai,Mumbai Apmc,Vegetables,Tomato,2026-07-21,377.5,Metric Tonnes,2000.0,Rs./Quintal
Maharashtra,Mumbai,Mumbai Apmc,Vegetables,Tomato,2026-07-22,354.2,Metric Tonnes,1800.0,Rs./Quintal
Maharashtra,Mumbai,Mumbai Apmc,Vegetables,Tomato,2026-07-23,236.8,Metric Tonnes,1800.0,Rs./Quintal
Maharashtra,Mumbai,Mumbai Apmc,Vegetables,Tomato,2026-07-24,243.2,Metric Tonnes,1800.0,Rs./Quintal
Maharashtra,Mumbai,Mumbai Apmc,Vegetables,Tomato,2026-07-25,274.1,Metric Tonnes,1900.0,Rs./Quintal
Maharashtra,Mumbai,Mumbai Apmc,Vegetables,Tomato,2026-07-26,283.6,Metric Tonnes,855.0,Rs./Quintal
Maharashtra,Mumbai,Mumbai Apmc,Vegetables,Tomato,2026-07-27,308.1,Metric Tonnes,2100.0,Rs./Quintal
Maharashtra,Mumbai,Mumbai Apmc,Vegetables,Tomato,2026-07-28,287.3,Metric Tonnes,3200.0,Rs./Quintal
Maharashtra,Mumbai,Mumbai Apmc,Vegetables,Tomato,2026-07-29,347.8,Metric Tonnes,1800.0,Rs./Quintal
Maharashtra,Mumbai,Mumbai Apmc,Vegetables,Tomato,2026-07-30,416.2,Metric Tonnes,1800.0,Rs./Quintal
Maharashtra,Mumbai,Mumbai Apmc,Vegetables,Tomato,2026-07-31,354.0,Metric Tonnes,1800.0,Rs./Quintal
Maharashtra,Mumbai,Mumbai Apmc,Vegetables,Tomato,2026-08-01,215.0,Metric Tonnes,1800.0,Rs./Quintal
Maharashtra,Mumbai,Mumbai Apmc,Vegetables,Tomato,2026-08-02,117.4,Metric Tonnes,690.0,Rs./Quintal
Maharashtra,Mumbai,Mumbai Apmc,Vegetables,Tomato,2026-08-03,343.0,Metric Tonnes,2300.0,Rs./Quintal
Maharashtra,Mumbai,Mumbai Apmc,Vegetables,Tomato,2026-08-04,415.8,Metric Tonnes,2500.0,Rs./Quintal
Maharashtra,Mumbai,Mumbai Apmc,Vegetables,Tomato,2026-08-05,300.1,Metric Tonnes,2500.0,Rs./Quintal
Maharashtra,Mumbai,Mumbai Apmc,Vegetables,Tomato,2026-08-06,297.2,Metric Tonnes,2500.0,Rs./Quintal
Maharashtra,Mumbai,Mumbai Apmc,Vegetables,Tomato,2026-08-07,361.0,Metric Tonnes,2500.0,Rs./Quintal
Maharashtra,Mumbai,Mumbai Apmc,Vegetables,Tomato,2026-08-08,412.1,Metric Tonnes,2300.0,Rs./Quintal
Maharashtra,Mumbai,Mumbai Apmc,Vegetables,Tomato,2026-08-09,250.4,Metric Tonnes,955.0,Rs./Quintal
Maharashtra,Nagpur,Nagpur Apmc,Vegetables,Tomato,2025-01-01,80.0,Metric Tonnes,912.5,Rs./Quintal
Maharashtra,Nagpur,Nagpur Apmc,Vegetables,Tomato,2025-01-02,90.0,Metric Tonnes,825.0,Rs./Quintal
Maharashtra,Nagpur,Nagpur Apmc,Vegetables,Tomato,2025-01-04,80.0,Metric Tonnes,800.0,Rs./Quintal
Maharashtra,Nagpur,Nagpur Apmc,Vegetables,Tomato,2025-01-06,60.0,Metric Tonnes,1287.5,Rs./Quintal
Maharashtra,Nagpur,Nagpur Apmc,Vegetables,Tomato,2025-01-07,80.0,Metric Tonnes,937.5,Rs./Quintal
Maharashtra,Nagpur,Nagpur Apmc,Vegetables,Tomato,2025-01-08,70.0,Metric Tonnes,1125.0,Rs./Quintal
Maharashtra,Nagpur,Nagpur Apmc,Vegetables,Tomato,2025-01-11,75.0,Metric Tonnes,1225.0,Rs./Quintal
Maharashtra,Nagpur,Nagpur Apmc,Vegetables,Tomato,2025-01-12,70.0,Metric Tonnes,1225.0,Rs./Quintal
Maharashtra,Nagpur,Nagpur Apmc,Vegetables,Tomato,2025-01-13,30.0,Metric Tonnes,1100.0,Rs./Quintal
Maharashtra,Nagpur,Nagpur Apmc,Vegetables,Tomato,2025-01-14,80.0,Metric Tonnes,1237.5,Rs./Quintal
Maharashtra,Nagpur,Nagpur Apmc,Vegetables,Tomato,2025-01-15,70.0,Metric Tonnes,987.5,Rs./Quintal
Maharashtra,Nagpur,Nagpur Apmc,Vegetables,Tomato,2025-01-16,75.0,Metric Tonnes,1112.5,Rs./Quintal
Maharashtra,Nagpur,Nagpur Apmc,Vegetables,Tomato,2025-01-18,80.0,Metric Tonnes,737.5,Rs./Quintal
Maharashtra,Nagpur,Nagpur Apmc,Vegetables,Tomato,2025-01-19,60.0,Metric Tonnes,725.0,Rs./Quintal
Maharashtra,Nagpur,Nagpur Apmc,Vegetables,Tomato,2025-01-20,75.0,Metric Tonnes,675.0,Rs./Quintal
Maharashtra,Nagpur,Nagpur Apmc,Vegetables,Tomato,2025-01-21,80.0,Metric Tonnes,725.0,Rs./Quintal
Maharashtra,Nagpur,Nagpur Apmc,Vegetables,Tomato,2025-01-22,75.0,Metric Tonnes,800.0,Rs./Quintal
Maharashtra,Nagpur,Nagpur Apmc,Vegetables,Tomato,2025-01-23,70.0,Metric Tonnes,787.5,Rs./Quintal
Maharashtra,Nagpur,Nagpur Apmc,Vegetables,Tomato,2025-01-25,90.0,Metric Tonnes,650.0,Rs./Quintal
Maharashtra,Nagpur,Nagpur Apmc,Vegetables,Tomato,2025-01-27,75.0,Metric Tonnes,987.5,Rs./Quintal
Maharashtra,Nagpur,Nagpur Apmc,Vegetables,Tomato,2025-01-28,100.0,Metric Tonnes,1162.5,Rs./Quintal
Maharashtra,Nagpur,Nagpur Apmc,Vegetables,Tomato,2025-01-29,110.0,Metric Tonnes,850.0,Rs./Quintal
Maharashtra,Nagpur,Nagpur Apmc,Vegetables,Tomato,2025-01-30,90.0,Metric Tonnes,975.0,Rs./Quintal
Maharashtra,Nagpur,Nagpur Apmc,Vegetables,Tomato,2025-02-01,80.0,Metric Tonnes,1075.0,Rs./Quintal
Maharashtra,Nagpur,Nagpur Apmc,Vegetables,Tomato,2025-02-03,320.0,Metric Tonnes,762.5,Rs./Quintal
Maharashtra,Nagpur,Nagpur Apmc,Vegetables,Tomato,2025-02-04,80.0,Metric Tonnes,725.0,Rs./Quintal
Maharashtra,Nagpur,Nagpur Apmc,Vegetables,Tomato,2025-02-05,80.0,Metric Tonnes,637.5,Rs./Quintal
Maharashtra,Nagpur,Nagpur Apmc,Vegetables,Tomato,2025-02-06,50.0,Metric Tonnes,650.0,Rs./Quintal
Maharashtra,Nagpur,Nagpur Apmc,Vegetables,Tomato,2025-02-08,80.0,Metric Tonnes,1025.0,Rs./Quintal
Maharashtra,Nagpur,Nagpur Apmc,Vegetables,Tomato,2025-02-13,110.0,Metric Tonnes,687.5,Rs./Quintal
Maharashtra,Nagpur,Nagpur Apmc,Vegetables,Tomato,2025-02-15,90.0,Metric Tonnes,837.5,Rs./Quintal
Maharashtra,Nagpur,Nagpur Apmc,Vegetables,Tomato,2025-02-16,100.0,Metric Tonnes,875.0,Rs./Quintal
Maharashtra,Nagpur,Nagpur Apmc,Vegetables,Tomato,2025-02-17,100.0,Metric Tonnes,825.0,Rs./Quintal
Maharashtra,Nagpur,Nagpur Apmc,Vegetables,Tomato,2025-02-18,100.0,Metric Tonnes,737.5,Rs./Quintal
Maharashtra,Nagpur,Nagpur Apmc,Vegetables,Tomato,2025-02-20,100.0,Metric Tonnes,825.0,Rs./Quintal
Maharashtra,Nagpur,Nagpur Apmc,Vegetables,Tomato,2025-02-24,110.0,Metric Tonnes,850.0,Rs./Quintal
Maharashtra,Nagpur,Nagpur Apmc,Vegetables,Tomato,2025-02-25,130.0,Metric Tonnes,650.0,Rs./Quintal
Maharashtra,Nagpur,Nagpur Apmc,Vegetables,Tomato,2025-02-27,150.0,Metric Tonnes,637.5,Rs./Quintal
Maharashtra,Nagpur,Nagpur Apmc,Vegetables,Tomato,2025-03-01,125.0,Metric Tonnes,850.0,Rs./Quintal
Maharashtra,Nagpur,Nagpur Apmc,Vegetables,Tomato,2025-03-03,120.0,Metric Tonnes,1025.0,Rs./Quintal
Maharashtra,Nagpur,Nagpur Apmc,Vegetables,Tomato,2025-03-04,130.0,Metric Tonnes,937.5,Rs./Quintal
Maharashtra,Nagpur,Nagpur Apmc,Vegetables,Tomato,2025-03-05,140.0,Metric Tonnes,1000.0,Rs./Quintal
Maharashtra,Nagpur,Nagpur Apmc,Vegetables,Tomato,2025-03-06,140.0,Metric Tonnes,787.5,Rs./Quintal
Maharashtra,Nagpur,Nagpur Apmc,Vegetables,Tomato,2025-03-08,70.0,Metric Tonnes,550.0,Rs./Quintal
Maharashtra,Nagpur,Nagpur Apmc,Vegetables,Tomato,2025-03-09,130.0,Metric Tonnes,687.5,Rs./Quintal
Maharashtra,Nagpur,Nagpur Apmc,Vegetables,Tomato,2025-03-10,110.0,Metric Tonnes,787.5,Rs./Quintal
Maharashtra,Nagpur,Nagpur Apmc,Vegetables,Tomato,2025-03-11,150.0,Metric Tonnes,850.0,Rs./Quintal
Maharashtra,Nagpur,Nagpur Apmc,Vegetables,Tomato,2025-03-12,120.0,Metric Tonnes,775.0,Rs./Quintal
Maharashtra,Nagpur,Nagpur Apmc,Vegetables,Tomato,2025-03-13,150.0,Metric Tonnes,787.5,Rs./Quintal
Maharashtra,Nagpur,Nagpur Apmc,Vegetables,Tomato,2025-03-15,80.0,Metric Tonnes,862.5,Rs./Quintal
Maharashtra,Nagpur,Nagpur Apmc,Vegetables,Tomato,2025-03-16,150.0,Metric Tonnes,1012.5,Rs./Quintal
Maharashtra,Nagpur,Nagpur Apmc,Vegetables,Tomato,2025-03-17,130.0,Metric Tonnes,825.0,Rs./Quintal
Maharashtra,Nagpur,Nagpur Apmc,Vegetables,Tomato,2025-03-18,150.0,Metric Tonnes,800.0,Rs./Quintal
Maharashtra,Nagpur,Nagpur Apmc,Vegetables,Tomato,2025-03-19,130.0,Metric Tonnes,737.5,Rs./Quintal
Maharashtra,Nagpur,Nagpur Apmc,Vegetables,Tomato,2025-03-20,800.0,Metric Tonnes,650.0,Rs./Quintal
Maharashtra,Nagpur,Nagpur Apmc,Vegetables,Tomato,2025-03-22,160.0,Metric Tonnes,737.5,Rs./Quintal
Maharashtra,Nagpur,Nagpur Apmc,Vegetables,Tomato,2025-03-23,140.0,Metric Tonnes,862.5,Rs./Quintal
Maharashtra,Nagpur,Nagpur Apmc,Vegetables,Tomato,2025-03-24,130.0,Metric Tonnes,862.5,Rs./Quintal
Maharashtra,Nagpur,Nagpur Apmc,Vegetables,Tomato,2025-03-25,140.0,Metric Tonnes,662.5,Rs./Quintal
Maharashtra,Nagpur,Nagpur Apmc,Vegetables,Tomato,2025-03-26,150.0,Metric Tonnes,750.0,Rs./Quintal
Maharashtra,Nagpur,Nagpur Apmc,Vegetables,Tomato,2025-03-27,150.0,Metric Tonnes,637.5,Rs./Quintal
Maharashtra,Nagpur,Nagpur Apmc,Vegetables,Tomato,2025-03-29,160.0,Metric Tonnes,912.5,Rs./Quintal
Maharashtra,Nagpur,Nagpur Apmc,Vegetables,Tomato,2025-04-01,90.0,Metric Tonnes,975.0,Rs./Quintal
Maharashtra,Nagpur,Nagpur Apmc,Vegetables,Tomato,2025-04-02,120.0,Metric Tonnes,850.0,Rs./Quintal
Maharashtra,Nagpur,Nagpur Apmc,Vegetables,Tomato,2025-04-03,130.0,Metric Tonnes,637.5,Rs./Quintal
Maharashtra,Nagpur,Nagpur Apmc,Vegetables,Tomato,2025-04-05,110.0,Metric Tonnes,962.5,Rs./Quintal
Maharashtra,Nagpur,Nagpur Apmc,Vegetables,Tomato,2025-04-06,110.0,Metric Tonnes,787.5,Rs./Quintal
Maharashtra,Nagpur,Nagpur Apmc,Vegetables,Tomato,2025-04-07,100.0,Metric Tonnes,1025.0,Rs./Quintal
Maharashtra,Nagpur,Nagpur Apmc,Vegetables,Tomato,2025-04-08,100.0,Metric Tonnes,925.0,Rs./Quintal
Maharashtra,Nagpur,Nagpur Apmc,Vegetables,Tomato,2025-04-09,120.0,Metric Tonnes,1512.5,Rs./Quintal
Maharashtra,Nagpur,Nagpur Apmc,Vegetables,Tomato,2025-04-10,80.0,Metric Tonnes,1800.0,Rs./Quintal
Maharashtra,Nagpur,Nagpur Apmc,Vegetables,Tomato,2025-04-12,100.0,Metric Tonnes,1425.0,Rs./Quintal
Maharashtra,Nagpur,Nagpur Apmc,Vegetables,Tomato,2025-04-14,110.0,Metric Tonnes,1387.5,Rs./Quintal
Maharashtra,Nagpur,Nagpur Apmc,Vegetables,Tomato,2025-04-15,90.0,Metric Tonnes,1425.0,Rs./Quintal
Maharashtra,Nagpur,Nagpur Apmc,Vegetables,Tomato,2025-04-16,110.0,Metric Tonnes,1375.0,Rs./Quintal
Maharashtra,Nagpur,Nagpur Apmc,Vegetables,Tomato,2025-04-17,90.0,Metric Tonnes,1387.5,Rs./Quintal
Maharashtra,Nagpur,Nagpur Apmc,Vegetables,Tomato,2025-04-19,150.0,Metric Tonnes,1300.0,Rs./Quintal
Maharashtra,Nagpur,Nagpur Apmc,Vegetables,Tomato,2025-04-20,140.0,Metric Tonnes,1075.0,Rs./Quintal
Maharashtra,Nagpur,Nagpur Apmc,Vegetables,Tomato,2025-04-21,110.0,Metric Tonnes,1262.5,Rs./Quintal
Maharashtra,Nagpur,Nagpur Apmc,Vegetables,Tomato,2025-04-22,130.0,Metric Tonnes,1087.5,Rs./Quintal
Maharashtra,Nagpur,Nagpur Apmc,Vegetables,Tomato,2025-04-23,120.0,Metric Tonnes,1450.0,Rs./Quintal
Maharashtra,Nagpur,Nagpur Apmc,Vegetables,Tomato,2025-04-24,70.0,Metric Tonnes,1225.0,Rs./Quintal
Maharashtra,Nagpur,Nagpur Apmc,Vegetables,Tomato,2025-04-26,150.0,Metric Tonnes,1550.0,Rs./Quintal
Maharashtra,Nagpur,Nagpur Apmc,Vegetables,Tomato,2025-04-28,120.0,Metric Tonnes,1237.5,Rs./Quintal
Maharashtra,Nagpur,Nagpur Apmc,Vegetables,Tomato,2025-04-29,90.0,Metric Tonnes,1537.5,Rs./Quintal
Maharashtra,Nagpur,Nagpur Apmc,Vegetables,Tomato,2025-05-02,120.0,Metric Tonnes,1525.0,Rs./Quintal
Maharashtra,Nagpur,Nagpur Apmc,Vegetables,Tomato,2025-05-03,150.0,Metric Tonnes,925.0,Rs./Quintal
Maharashtra,Nagpur,Nagpur Apmc,Vegetables,Tomato,2025-05-04,110.0,Metric Tonnes,1150.0,Rs./Quintal
Maharashtra,Nagpur,Nagpur Apmc,Vegetables,Tomato,2025-05-05,130.0,Metric Tonnes,1150.0,Rs./Quintal
Maharashtra,Nagpur,Nagpur Apmc,Vegetables,Tomato,2025-05-06,110.0,Metric Tonnes,1162.5,Rs./Quintal
Maharashtra,Nagpur,Nagpur Apmc,Vegetables,Tomato,2025-05-07,130.0,Metric Tonnes,1125.0,Rs./Quintal
Maharashtra,Nagpur,Nagpur Apmc,Vegetables,Tomato,2025-05-08,120.0,Metric Tonnes,1385.0,Rs./Quintal
Maharashtra,Nagpur,Nagpur Apmc,Vegetables,Tomato,2025-05-10,150.0,Metric Tonnes,1775.0,Rs./Quintal
Maharashtra,Nagpur,Nagpur Apmc,Vegetables,Tomato,2025-05-12,130.0,Metric Tonnes,1825.0,Rs./Quintal
Maharashtra,Nagpur,Nagpur Apmc,Vegetables,Tomato,2025-05-13,120.0,Metric Tonnes,1750.0,Rs./Quintal
Maharashtra,Nagpur,Nagpur Apmc,Vegetables,Tomato,2025-05-15,140.0,Metric Tonnes,1762.5,Rs./Quintal
Maharashtra,Nagpur,Nagpur Apmc,Vegetables,Tomato,2025-05-17,120.0,Metric Tonnes,1950.0,Rs./Quintal
Maharashtra,Nagpur,Nagpur Apmc,Vegetables,Tomato,2025-05-18,130.0,Metric Tonnes,1512.5,Rs./Quintal
Maharashtra,Nagpur,Nagpur Apmc,Vegetables,Tomato,2025-05-19,130.0,Metric Tonnes,1700.0,Rs./Quintal
Maharashtra,Nagpur,Nagpur Apmc,Vegetables,Tomato,2025-05-20,110.0,Metric Tonnes,2022.5,Rs./Quintal
Maharashtra,Nagpur,Nagpur Apmc,Vegetables,Tomato,2025-05-21,130.0,Metric Tonnes,1987.5,Rs./Quintal
Maharashtra,Nagpur,Nagpur Apmc,Vegetables,Tomato,2025-05-22,140.0,Metric Tonnes,1487.5,Rs./Quintal
Maharashtra,Nagpur,Nagpur Apmc,Vegetables,Tomato,2025-05-24,150.0,Metric Tonnes,1812.5,Rs./Quintal
Maharashtra,Nagpur,Nagpur Apmc,Vegetables,Tomato,2025-05-25,120.0,Metric Tonnes,1812.5,Rs./Quintal
Maharashtra,Nagpur,Nagpur Apmc,Vegetables,Tomato,2025-05-26,140.0,Metric Tonnes,1537.5,Rs./Quintal
Maharashtra,Nagpur,Nagpur Apmc,Vegetables,Tomato,2025-05-27,140.0,Metric Tonnes,1450.0,Rs./Quintal
Maharashtra,Nagpur,Nagpur Apmc,Vegetables,Tomato,2025-05-28,130.0,Metric Tonnes,1875.0,Rs./Quintal
Maharashtra,Nagpur,Nagpur Apmc,Vegetables,Tomato,2025-05-29,140.0,Metric Tonnes,1962.5,Rs./Quintal
Maharashtra,Nagpur,Nagpur Apmc,Vegetables,Tomato,2025-05-31,150.0,Metric Tonnes,1850.0,Rs./Quintal
Maharashtra,Nagpur,Nagpur Apmc,Vegetables,Tomato,2025-06-01,190.0,Metric Tonnes,1575.0,Rs./Quintal
Maharashtra,Nagpur,Nagpur Apmc,Vegetables,Tomato,2025-06-02,120.0,Metric Tonnes,2300.0,Rs./Quintal
Maharashtra,Nagpur,Nagpur Apmc,Vegetables,Tomato,2025-06-03,150.0,Metric Tonnes,2062.5,Rs./Quintal
Maharashtra,Nagpur,Nagpur Apmc,Vegetables,Tomato,2025-06-04,130.0,Metric Tonnes,2125.0,Rs./Quintal
Maharashtra,Nagpur,Nagpur Apmc,Vegetables,Tomato,2025-06-05,200.0,Metric Tonnes,2375.0,Rs./Quintal
Maharashtra,Nagpur,Nagpur Apmc,Vegetables,Tomato,2025-06-08,140.0,Metric Tonnes,2375.0,Rs./Quintal
Maharashtra,Nagpur,Nagpur Apmc,Vegetables,Tomato,2025-06-09,140.0,Metric Tonnes,2600.0,Rs./Quintal
Maharashtra,Nagpur,Nagpur Apmc,Vegetables,Tomato,2025-06-10,100.0,Metric Tonnes,3125.0,Rs./Quintal
Maharashtra,Nagpur,Nagpur Apmc,Vegetables,Tomato,2025-06-11,120.0,Metric Tonnes,2662.5,Rs./Quintal
Maharashtra,Nagpur,Nagpur Apmc,Vegetables,Tomato,2025-06-12,150.0,Metric Tonnes,2900.0,Rs./Quintal
Maharashtra,Nagpur,Nagpur Apmc,Vegetables,Tomato,2025-06-14,160.0,Metric Tonnes,2800.0,Rs./Quintal
Maharashtra,Nagpur,Nagpur Apmc,Vegetables,Tomato,2025-06-15,260.0,Metric Tonnes,2387.5,Rs./Quintal
Maharashtra,Nagpur,Nagpur Apmc,Vegetables,Tomato,2025-06-16,150.0,Metric Tonnes,2875.0,Rs./Quintal
Maharashtra,Nagpur,Nagpur Apmc,Vegetables,Tomato,2025-06-17,120.0,Metric Tonnes,2875.0,Rs./Quintal
Maharashtra,Nagpur,Nagpur Apmc,Vegetables,Tomato,2025-06-18,110.0,Metric Tonnes,2612.5,Rs./Quintal
Maharashtra,Nagpur,Nagpur Apmc,Vegetables,Tomato,2025-06-19,130.0,Metric Tonnes,2400.0,Rs./Quintal
Maharashtra,Nagpur,Nagpur Apmc,Vegetables,Tomato,2025-06-21,150.0,Metric Tonnes,2562.5,Rs./Quintal
Maharashtra,Nagpur,Nagpur Apmc,Vegetables,Tomato,2025-06-22,120.0,Metric Tonnes,2812.5,Rs./Quintal
Maharashtra,Nagpur,Nagpur Apmc,Vegetables,Tomato,2025-06-23,110.0,Metric Tonnes,2600.0,Rs./Quintal
Maharashtra,Nagpur,Nagpur Apmc,Vegetables,Tomato,2025-06-24,140.0,Metric Tonnes,2600.0,Rs./Quintal
Maharashtra,Nagpur,Nagpur Apmc,Vegetables,Tomato,2025-06-25,120.0,Metric Tonnes,2700.0,Rs./Quintal
Maharashtra,Nagpur,Nagpur Apmc,Vegetables,Tomato,2025-06-26,120.0,Metric Tonnes,2550.0,Rs./Quintal
Maharashtra,Nagpur,Nagpur Apmc,Vegetables,Tomato,2025-06-28,150.0,Metric Tonnes,2112.5,Rs./Quintal
Maharashtra,Nagpur,Nagpur Apmc,Vegetables,Tomato,2025-06-29,160.0,Metric Tonnes,2562.5,Rs./Quintal
Maharashtra,Nagpur,Nagpur Apmc,Vegetables,Tomato,2025-06-30,130.0,Metric Tonnes,3025.0,Rs./Quintal
Maharashtra,Nagpur,Nagpur Apmc,Vegetables,Tomato,2025-07-01,140.0,Metric Tonnes,2950.0,Rs./Quintal
Maharashtra,Nagpur,Nagpur Apmc,Vegetables,Tomato,2025-07-03,160.0,Metric Tonnes,3050.0,Rs./Quintal
Maharashtra,Nagpur,Nagpur Apmc,Vegetables,Tomato,2025-07-05,135.0,Metric Tonnes,3550.0,Rs./Quintal
Maharashtra,Nagpur,Nagpur Apmc,Vegetables,Tomato,2025-07-07,110.0,Metric Tonnes,2825.0,Rs./Quintal
Maharashtra,Nagpur,Nagpur Apmc,Vegetables,Tomato,2025-07-08,110.0,Metric Tonnes,2950.0,Rs./Quintal
Maharashtra,Nagpur,Nagpur Apmc,Vegetables,Tomato,2025-07-09,130.0,Metric Tonnes,2700.0,Rs./Quintal
Maharashtra,Nagpur,Nagpur Apmc,Vegetables,Tomato,2025-07-10,135.0,Metric Tonnes,3350.0,Rs./Quintal
Maharashtra,Nagpur,Nagpur Apmc,Vegetables,Tomato,2025-07-12,140.0,Metric Tonnes,2887.5,Rs./Quintal
Maharashtra,Nagpur,Nagpur Apmc,Vegetables,Tomato,2025-07-13,170.0,Metric Tonnes,3200.0,Rs./Quintal
Maharashtra,Nagpur,Nagpur Apmc,Vegetables,Tomato,2025-07-14,150.0,Metric Tonnes,2950.0,Rs./Quintal
Maharashtra,Nagpur,Nagpur Apmc,Vegetables,Tomato,2025-07-15,170.0,Metric Tonnes,3312.5,Rs./Quintal
Maharashtra,Nagpur,Nagpur Apmc,Vegetables,Tomato,2025-07-16,140.0,Metric Tonnes,3012.5,Rs./Quintal
Maharashtra,Nagpur,Nagpur Apmc,Vegetables,Tomato,2025-07-17,185.0,Metric Tonnes,3187.5,Rs./Quintal
Maharashtra,Nagpur,Nagpur Apmc,Vegetables,Tomato,2025-07-19,200.0,Metric Tonnes,3000.0,Rs./Quintal
Maharashtra,Nagpur,Nagpur Apmc,Vegetables,Tomato,2025-07-20,110.0,Metric Tonnes,3300.0,Rs./Quintal
Maharashtra,Nagpur,Nagpur Apmc,Vegetables,Tomato,2025-07-21,100.0,Metric Tonnes,3550.0,Rs./Quintal
Maharashtra,Nagpur,Nagpur Apmc,Vegetables,Tomato,2025-07-22,115.0,Metric Tonnes,3937.5,Rs./Quintal
Maharashtra,Nagpur,Nagpur Apmc,Vegetables,Tomato,2025-07-23,120.0,Metric Tonnes,4500.0,Rs./Quintal
Maharashtra,Nagpur,Nagpur Apmc,Vegetables,Tomato,2025-07-24,150.0,Metric Tonnes,3187.5,Rs./Quintal
Maharashtra,Nagpur,Nagpur Apmc,Vegetables,Tomato,2025-07-27,120.0,Metric Tonnes,4687.5,Rs./Quintal
Maharashtra,Nagpur,Nagpur Apmc,Vegetables,Tomato,2025-07-28,90.0,Metric Tonnes,5050.0,Rs./Quintal
Maharashtra,Nagpur,Nagpur Apmc,Vegetables,Tomato,2025-07-29,60.0,Metric Tonnes,4250.0,Rs./Quintal
Maharashtra,Nagpur,Nagpur Apmc,Vegetables,Tomato,2025-07-30,140.0,Metric Tonnes,5125.0,Rs./Quintal
Maharashtra,Nagpur,Nagpur Apmc,Vegetables,Tomato,2025-07-31,150.0,Metric Tonnes,4787.5,Rs./Quintal
Maharashtra,Nagpur,Nagpur Apmc,Vegetables,Tomato,2025-08-02,150.0,Metric Tonnes,5037.5,Rs./Quintal
Maharashtra,Nagpur,Nagpur Apmc,Vegetables,Tomato,2025-08-03,50.0,Metric Tonnes,5375.0,Rs./Quintal
Maharashtra,Nagpur,Nagpur Apmc,Vegetables,Tomato,2025-08-04,120.0,Metric Tonnes,5125.0,Rs./Quintal
Maharashtra,Nagpur,Nagpur Apmc,Vegetables,Tomato,2025-08-05,110.0,Metric Tonnes,4912.5,Rs./Quintal
Maharashtra,Nagpur,Nagpur Apmc,Vegetables,Tomato,2025-08-06,110.0,Metric Tonnes,4625.0,Rs./Quintal
Maharashtra,Nagpur,Nagpur Apmc,Vegetables,Tomato,2025-08-07,135.0,Metric Tonnes,4937.5,Rs./Quintal
Maharashtra,Nagpur,Nagpur Apmc,Vegetables,Tomato,2025-08-10,80.0,Metric Tonnes,4687.5,Rs./Quintal
Maharashtra,Nagpur,Nagpur Apmc,Vegetables,Tomato,2025-08-11,170.0,Metric Tonnes,4562.5,Rs./Quintal
Maharashtra,Nagpur,Nagpur Apmc,Vegetables,Tomato,2025-08-12,150.0,Metric Tonnes,4750.0,Rs./Quintal
Maharashtra,Nagpur,Nagpur Apmc,Vegetables,Tomato,2025-08-13,150.0,Metric Tonnes,4312.5,Rs./Quintal
Maharashtra,Nagpur,Nagpur Apmc,Vegetables,Tomato,2025-08-14,120.0,Metric Tonnes,4500.0,Rs./Quintal
Maharashtra,Nagpur,Nagpur Apmc,Vegetables,Tomato,2025-08-16,150.0,Metric Tonnes,4625.0,Rs./Quintal
Maharashtra,Nagpur,Nagpur Apmc,Vegetables,Tomato,2025-08-17,155.0,Metric Tonnes,3937.5,Rs./Quintal
Maharashtra,Nagpur,Nagpur Apmc,Vegetables,Tomato,2025-08-18,140.0,Metric Tonnes,4287.5,Rs./Quintal
Maharashtra,Nagpur,Nagpur Apmc,Vegetables,Tomato,2025-08-19,140.0,Metric Tonnes,4687.5,Rs./Quintal
Maharashtra,Nagpur,Nagpur Apmc,Vegetables,Tomato,2025-08-20,140.0,Metric Tonnes,4625.0,Rs./Quintal
Maharashtra,Nagpur,Nagpur Apmc,Vegetables,Tomato,2025-08-21,80.0,Metric Tonnes,4375.0,Rs./Quintal
Maharashtra,Nagpur,Nagpur Apmc,Vegetables,Tomato,2025-08-23,120.0,Metric Tonnes,4562.5,Rs./Quintal
Maharashtra,Nagpur,Nagpur Apmc,Vegetables,Tomato,2025-08-24,180.0,Metric Tonnes,2937.5,Rs./Quintal
Maharashtra,Nagpur,Nagpur Apmc,Vegetables,Tomato,2025-08-25,60.0,Metric Tonnes,3000.0,Rs./Quintal
Maharashtra,Nagpur,Nagpur Apmc,Vegetables,Tomato,2025-08-26,80.0,Metric Tonnes,3512.5,Rs./Quintal
Maharashtra,Nagpur,Nagpur Apmc,Vegetables,Tomato,2025-08-28,150.0,Metric Tonnes,3250.0,Rs./Quintal
Maharashtra,Nagpur,Nagpur Apmc,Vegetables,Tomato,2025-08-30,150.0,Metric Tonnes,3062.5,Rs./Quintal
Maharashtra,Nagpur,Nagpur Apmc,Vegetables,Tomato,2025-09-01,160.0,Metric Tonnes,3325.0,Rs./Quintal
Maharashtra,Nagpur,Nagpur Apmc,Vegetables,Tomato,2025-09-02,90.0,Metric Tonnes,4187.5,Rs./Quintal
Maharashtra,Nagpur,Nagpur Apmc,Vegetables,Tomato,2025-09-03,120.0,Metric Tonnes,2700.0,Rs./Quintal
Maharashtra,Nagpur,Nagpur Apmc,Vegetables,Tomato,2025-09-04,130.0,Metric Tonnes,2750.0,Rs./Quintal
Maharashtra,Nagpur,Nagpur Apmc,Vegetables,Tomato,2025-09-06,170.0,Metric Tonnes,2200.0,Rs./Quintal
Maharashtra,Nagpur,Nagpur Apmc,Vegetables,Tomato,2025-09-07,120.0,Metric Tonnes,2100.0,Rs./Quintal
Maharashtra,Nagpur,Nagpur Apmc,Vegetables,Tomato,2025-09-08,75.0,Metric Tonnes,2512.5,Rs./Quintal
Maharashtra,Nagpur,Nagpur Apmc,Vegetables,Tomato,2025-09-09,120.0,Metric Tonnes,2062.5,Rs./Quintal
Maharashtra,Nagpur,Nagpur Apmc,Vegetables,Tomato,2025-09-11,150.0,Metric Tonnes,1700.0,Rs./Quintal
Maharashtra,Nagpur,Nagpur Apmc,Vegetables,Tomato,2025-09-13,150.0,Metric Tonnes,2012.5,Rs./Quintal
Maharashtra,Nagpur,Nagpur Apmc,Vegetables,Tomato,2025-09-14,150.0,Metric Tonnes,1475.0,Rs./Quintal
Maharashtra,Nagpur,Nagpur Apmc,Vegetables,Tomato,2025-09-15,150.0,Metric Tonnes,1475.0,Rs./Quintal
Maharashtra,Nagpur,Nagpur Apmc,Vegetables,Tomato,2025-09-16,120.0,Metric Tonnes,1887.5,Rs./Quintal
Maharashtra,Nagpur,Nagpur Apmc,Vegetables,Tomato,2025-09-17,140.0,Metric Tonnes,2175.0,Rs./Quintal
Maharashtra,Nagpur,Nagpur Apmc,Vegetables,Tomato,2025-09-18,150.0,Metric Tonnes,2650.0,Rs./Quintal
Maharashtra,Nagpur,Nagpur Apmc,Vegetables,Tomato,2025-09-20,160.0,Metric Tonnes,2325.0,Rs./Quintal
Maharashtra,Nagpur,Nagpur Apmc,Vegetables,Tomato,2025-09-21,140.0,Metric Tonnes,2562.5,Rs./Quintal
Maharashtra,Nagpur,Nagpur Apmc,Vegetables,Tomato,2025-09-22,150.0,Metric Tonnes,2250.0,Rs./Quintal
Maharashtra,Nagpur,Nagpur Apmc,Vegetables,Tomato,2025-09-23,100.0,Metric Tonnes,2812.5,Rs./Quintal
Maharashtra,Nagpur,Nagpur Apmc,Vegetables,Tomato,2025-09-24,170.0,Metric Tonnes,2325.0,Rs./Quintal
Maharashtra,Nagpur,Nagpur Apmc,Vegetables,Tomato,2025-09-25,150.0,Metric Tonnes,2537.5,Rs./Quintal
Maharashtra,Nagpur,Nagpur Apmc,Vegetables,Tomato,2025-09-27,170.0,Metric Tonnes,2200.0,Rs./Quintal
Maharashtra,Nagpur,Nagpur Apmc,Vegetables,Tomato,2025-09-28,150.0,Metric Tonnes,1887.5,Rs./Quintal
Maharashtra,Nagpur,Nagpur Apmc,Vegetables,Tomato,2025-09-29,100.0,Metric Tonnes,2387.5,Rs./Quintal
Maharashtra,Nagpur,Nagpur Apmc,Vegetables,Tomato,2025-09-30,120.0,Metric Tonnes,2287.5,Rs./Quintal
Maharashtra,Nagpur,Nagpur Apmc,Vegetables,Tomato,2025-10-01,68.0,Metric Tonnes,2237.5,Rs./Quintal
Maharashtra,Nagpur,Nagpur Apmc,Vegetables,Tomato,2025-10-04,130.0,Metric Tonnes,2387.5,Rs./Quintal
Maharashtra,Nagpur,Nagpur Apmc,Vegetables,Tomato,2025-10-06,180.0,Metric Tonnes,2137.5,Rs./Quintal
Maharashtra,Nagpur,Nagpur Apmc,Vegetables,Tomato,2025-10-07,125.0,Metric Tonnes,2100.0,Rs./Quintal
Maharashtra,Nagpur,Nagpur Apmc,Vegetables,Tomato,2025-10-08,80.0,Metric Tonnes,2475.0,Rs./Quintal
Maharashtra,Nagpur,Nagpur Apmc,Vegetables,Tomato,2025-10-09,120.0,Metric Tonnes,2050.0,Rs./Quintal
Maharashtra,Nagpur,Nagpur Apmc,Vegetables,Tomato,2025-10-12,100.0,Metric Tonnes,2675.0,Rs./Quintal
Maharashtra,Nagpur,Nagpur Apmc,Vegetables,Tomato,2025-10-13,110.0,Metric Tonnes,2287.5,Rs./Quintal
Maharashtra,Nagpur,Nagpur Apmc,Vegetables,Tomato,2025-10-15,140.0,Metric Tonnes,1875.0,Rs./Quintal
Maharashtra,Nagpur,Nagpur Apmc,Vegetables,Tomato,2025-10-16,100.0,Metric Tonnes,2062.5,Rs./Quintal
Maharashtra,Nagpur,Nagpur Apmc,Vegetables,Tomato,2025-10-18,100.0,Metric Tonnes,2387.5,Rs./Quintal
Maharashtra,Nagpur,Nagpur Apmc,Vegetables,Tomato,2025-10-20,140.0,Metric Tonnes,2325.0,Rs./Quintal
Maharashtra,Nagpur,Nagpur Apmc,Vegetables,Tomato,2025-10-26,100.0,Metric Tonnes,1687.5,Rs./Quintal
Maharashtra,Nagpur,Nagpur Apmc,Vegetables,Tomato,2025-10-27,100.0,Metric Tonnes,2325.0,Rs./Quintal
Maharashtra,Nagpur,Nagpur Apmc,Vegetables,Tomato,2025-10-28,100.0,Metric Tonnes,2287.5,Rs./Quintal
Maharashtra,Nagpur,Nagpur Apmc,Vegetables,Tomato,2025-10-29,100.0,Metric Tonnes,2175.0,Rs./Quintal
Maharashtra,Nagpur,Nagpur Apmc,Vegetables,Tomato,2025-10-30,50.0,Metric Tonnes,2250.0,Rs./Quintal
Maharashtra,Nagpur,Nagpur Apmc,Vegetables,Tomato,2025-11-01,115.0,Metric Tonnes,2137.5,Rs./Quintal
Maharashtra,Nagpur,Nagpur Apmc,Vegetables,Tomato,2025-11-03,100.0,Metric Tonnes,1700.0,Rs./Quintal
Maharashtra,Nagpur,Nagpur Apmc,Vegetables,Tomato,2025-11-04,100.0,Metric Tonnes,1375.0,Rs./Quintal
Maharashtra,Nagpur,Nagpur Apmc,Vegetables,Tomato,2025-11-08,50.0,Metric Tonnes,1875.0,Rs./Quintal
Maharashtra,Nagpur,Nagpur Apmc,Vegetables,Tomato,2025-11-10,100.0,Metric Tonnes,2558.75,Rs./Quintal
Maharashtra,Nagpur,Nagpur Apmc,Vegetables,Tomato,2025-11-11,50.0,Metric Tonnes,3250.0,Rs./Quintal
Maharashtra,Nagpur,Nagpur Apmc,Vegetables,Tomato,2025-11-12,80.0,Metric Tonnes,2718.75,Rs./Quintal
Maharashtra,Nagpur,Nagpur Apmc,Vegetables,Tomato,2025-11-13,100.0,Metric Tonnes,3375.0,Rs./Quintal
Maharashtra,Nagpur,Nagpur Apmc,Vegetables,Tomato,2025-11-15,50.0,Metric Tonnes,1225.0,Rs./Quintal
Maharashtra,Nagpur,Nagpur Apmc,Vegetables,Tomato,2025-11-16,110.0,Metric Tonnes,3693.18,Rs./Quintal
Maharashtra,Nagpur,Nagpur Apmc,Vegetables,Tomato,2025-11-17,90.0,Metric Tonnes,3527.78,Rs./Quintal
Maharashtra,Nagpur,Nagpur Apmc,Vegetables,Tomato,2025-11-18,90.0,Metric Tonnes,4638.89,Rs./Quintal
Maharashtra,Nagpur,Nagpur Apmc,Vegetables,Tomato,2025-11-19,80.0,Metric Tonnes,5156.25,Rs./Quintal
Maharashtra,Nagpur,Nagpur Apmc,Vegetables,Tomato,2025-11-22,80.0,Metric Tonnes,4750.0,Rs./Quintal
Maharashtra,Nagpur,Nagpur Apmc,Vegetables,Tomato,2025-11-23,56.0,Metric Tonnes,6089.29,Rs./Quintal
Maharashtra,Nagpur,Nagpur Apmc,Vegetables,Tomato,2025-11-24,95.0,Metric Tonnes,5532.89,Rs./Quintal
Maharashtra,Nagpur,Nagpur Apmc,Vegetables,Tomato,2025-11-25,100.0,Metric Tonnes,4675.0,Rs./Quintal
Maharashtra,Nagpur,Nagpur Apmc,Vegetables,Tomato,2025-11-26,75.0,Metric Tonnes,3650.0,Rs./Quintal
Maharashtra,Nagpur,Nagpur Apmc,Vegetables,Tomato,2025-11-27,110.0,Metric Tonnes,3806.82,Rs./Quintal
Maharashtra,Nagpur,Nagpur Apmc,Vegetables,Tomato,2025-11-29,60.0,Metric Tonnes,2625.0,Rs./Quintal
Maharashtra,Nagpur,Nagpur Apmc,Vegetables,Tomato,2025-12-01,120.0,Metric Tonnes,3000.0,Rs./Quintal
Maharashtra,Nagpur,Nagpur Apmc,Vegetables,Tomato,2025-12-02,100.0,Metric Tonnes,4037.5,Rs./Quintal
Maharashtra,Nagpur,Nagpur Apmc,Vegetables,Tomato,2025-12-03,80.0,Metric Tonnes,3437.5,Rs./Quintal
Maharashtra,Nagpur,Nagpur Apmc,Vegetables,Tomato,2025-12-04,120.0,Metric Tonnes,3212.5,Rs./Quintal
Maharashtra,Nagpur,Nagpur Apmc,Vegetables,Tomato,2025-12-06,100.0,Metric Tonnes,3500.0,Rs./Quintal
Maharashtra,Nagpur,Nagpur Apmc,Vegetables,Tomato,2025-12-07,130.0,Metric Tonnes,3673.08,Rs./Quintal
Maharashtra,Nagpur,Nagpur Apmc,Vegetables,Tomato,2025-12-08,80.0,Metric Tonnes,3350.0,Rs./Quintal
Maharashtra,Nagpur,Nagpur Apmc,Vegetables,Tomato,2025-12-09,140.0,Metric Tonnes,3175.0,Rs./Quintal
Maharashtra,Nagpur,Nagpur Apmc,Vegetables,Tomato,2025-12-10,80.0,Metric Tonnes,3484.38,Rs./Quintal
Maharashtra,Nagpur,Nagpur Apmc,Vegetables,Tomato,2025-12-11,100.0,Metric Tonnes,4100.0,Rs./Quintal
Maharashtra,Nagpur,Nagpur Apmc,Vegetables,Tomato,2025-12-13,100.0,Metric Tonnes,4325.0,Rs./Quintal
Maharashtra,Nagpur,Nagpur Apmc,Vegetables,Tomato,2025-12-14,100.0,Metric Tonnes,4500.0,Rs./Quintal
Maharashtra,Nagpur,Nagpur Apmc,Vegetables,Tomato,2025-12-15,80.0,Metric Tonnes,4593.75,Rs./Quintal
Maharashtra,Nagpur,Nagpur Apmc,Vegetables,Tomato,2025-12-16,85.0,Metric Tonnes,4720.59,Rs./Quintal
Maharashtra,Nagpur,Nagpur Apmc,Vegetables,Tomato,2025-12-17,140.0,Metric Tonnes,4428.57,Rs./Quintal
Maharashtra,Nagpur,Nagpur Apmc,Vegetables,Tomato,2025-12-18,110.0,Metric Tonnes,4840.91,Rs./Quintal
Maharashtra,Nagpur,Nagpur Apmc,Vegetables,Tomato,2025-12-20,120.0,Metric Tonnes,4287.5,Rs./Quintal
Maharashtra,Nagpur,Nagpur Apmc,Vegetables,Tomato,2025-12-21,550.0,Metric Tonnes,4284.09,Rs./Quintal
Maharashtra,Nagpur,Nagpur Apmc,Vegetables,Tomato,2025-12-22,90.0,Metric Tonnes,5375.0,Rs./Quintal
Maharashtra,Nagpur,Nagpur Apmc,Vegetables,Tomato,2025-12-23,90.0,Metric Tonnes,4750.0,Rs./Quintal
Maharashtra,Nagpur,Nagpur Apmc,Vegetables,Tomato,2025-12-27,120.0,Metric Tonnes,4287.5,Rs./Quintal
Maharashtra,Nagpur,Nagpur Apmc,Vegetables,Tomato,2025-12-28,50.0,Metric Tonnes,4250.0,Rs./Quintal
Maharashtra,Nagpur,Nagpur Apmc,Vegetables,Tomato,2025-12-29,100.0,Metric Tonnes,3250.0,Rs./Quintal
Maharashtra,Nagpur,Nagpur Apmc,Vegetables,Tomato,2025-12-30,110.0,Metric Tonnes,3213.64,Rs./Quintal
Maharashtra,Nagpur,Nagpur Apmc,Vegetables,Tomato,2025-12-31,110.0,Metric Tonnes,4025.0,Rs./Quintal
Maharashtra,Nagpur,Nagpur Apmc,Vegetables,Tomato,2026-01-01,80.0,Metric Tonnes,4662.5,Rs./Quintal
Maharashtra,Nagpur,Nagpur Apmc,Vegetables,Tomato,2026-01-02,117.1,Metric Tonnes,2665.0,Rs./Quintal
Maharashtra,Nagpur,Nagpur Apmc,Vegetables,Tomato,2026-01-03,30.0,Metric Tonnes,4050.0,Rs./Quintal
Maharashtra,Nagpur,Nagpur Apmc,Vegetables,Tomato,2026-01-04,141.2,Metric Tonnes,2340.0,Rs./Quintal
Maharashtra,Nagpur,Nagpur Apmc,Vegetables,Tomato,2026-01-05,30.0,Metric Tonnes,3750.0,Rs./Quintal
Maharashtra,Nagpur,Nagpur Apmc,Vegetables,Tomato,2026-01-06,500.0,Metric Tonnes,3250.0,Rs./Quintal
Maharashtra,Nagpur,Nagpur Apmc,Vegetables,Tomato,2026-01-07,30.0,Metric Tonnes,3250.0,Rs./Quintal
Maharashtra,Nagpur,Nagpur Apmc,Vegetables,Tomato,2026-01-08,119.9,Metric Tonnes,1195.0,Rs./Quintal
Maharashtra,Nagpur,Nagpur Apmc,Vegetables,Tomato,2026-01-09,139.2,Metric Tonnes,1050.0,Rs./Quintal
Maharashtra,Nagpur,Nagpur Apmc,Vegetables,Tomato,2026-01-10,30.0,Metric Tonnes,2750.0,Rs./Quintal
Maharashtra,Nagpur,Nagpur Apmc,Vegetables,Tomato,2026-01-11,30.0,Metric Tonnes,2325.0,Rs./Quintal
Maharashtra,Nagpur,Nagpur Apmc,Vegetables,Tomato,2026-01-12,25.0,Metric Tonnes,2025.0,Rs./Quintal
Maharashtra,Nagpur,Nagpur Apmc,Vegetables,Tomato,2026-01-13,20.0,Metric Tonnes,3250.0,Rs./Quintal
Maharashtra,Nagpur,Nagpur Apmc,Vegetables,Tomato,2026-01-14,30.0,Metric Tonnes,2750.0,Rs./Quintal
Maharashtra,Nagpur,Nagpur Apmc,Vegetables,Tomato,2026-01-15,137.4,Metric Tonnes,200.0,Rs./Quintal
Maharashtra,Nagpur,Nagpur Apmc,Vegetables,Tomato,2026-01-16,142.6,Metric Tonnes,200.0,Rs./Quintal
Maharashtra,Nagpur,Nagpur Apmc,Vegetables,Tomato,2026-01-17,30.0,Metric Tonnes,2750.0,Rs./Quintal
Maharashtra,Nagpur,Nagpur Apmc,Vegetables,Tomato,2026-01-18,53.1,Metric Tonnes,245.0,Rs./Quintal
Maharashtra,Nagpur,Nagpur Apmc,Vegetables,Tomato,2026-01-19,25.0,Metric Tonnes,2325.0,Rs./Quintal
Maharashtra,Nagpur,Nagpur Apmc,Vegetables,Tomato,2026-01-20,35.0,Metric Tonnes,2325.0,Rs./Quintal
Maharashtra,Nagpur,Nagpur Apmc,Vegetables,Tomato,2026-01-21,30.0,Metric Tonnes,2875.0,Rs./Quintal
Maharashtra,Nagpur,Nagpur Apmc,Vegetables,Tomato,2026-01-22,134.5,Metric Tonnes,290.0,Rs./Quintal
Maharashtra,Nagpur,Nagpur Apmc,Vegetables,Tomato,2026-01-23,119.9,Metric Tonnes,260.0,Rs./Quintal
Maharashtra,Nagpur,Nagpur Apmc,Vegetables,Tomato,2026-01-24,25.0,Metric Tonnes,1875.0,Rs./Quintal
Maharashtra,Nagpur,Nagpur Apmc,Vegetables,Tomato,2026-01-25,107.7,Metric Tonnes,200.0,Rs./Quintal
Maharashtra,Nagpur,Nagpur Apmc,Vegetables,Tomato,2026-01-26,149.1,Metric Tonnes,200.0,Rs./Quintal
Maharashtra,Nagpur,Nagpur Apmc,Vegetables,Tomato,2026-01-27,30.0,Metric Tonnes,1875.0,Rs./Quintal
Maharashtra,Nagpur,Nagpur Apmc,Vegetables,Tomato,2026-01-28,92.8,Metric Tonnes,240.0,Rs./Quintal
Maharashtra,Nagpur,Nagpur Apmc,Vegetables,Tomato,2026-01-29,97.7,Metric Tonnes,305.0,Rs./Quintal
Maharashtra,Nagpur,Nagpur Apmc,Vegetables,Tomato,2026-01-30,112.9,Metric Tonnes,290.0,Rs./Quintal
Maharashtra,Nagpur,Nagpur Apmc,Vegetables,Tomato,2026-01-31,50.0,Metric Tonnes,1100.0,Rs./Quintal
Maharashtra,Nagpur,Nagpur Apmc,Vegetables,Tomato,2026-02-01,127.7,Metric Tonnes,390.0,Rs./Quintal
Maharashtra,Nagpur,Nagpur Apmc,Vegetables,Tomato,2026-02-02,50.0,Metric Tonnes,1150.0,Rs./Quintal
Maharashtra,Nagpur,Nagpur Apmc,Vegetables,Tomato,2026-02-03,70.0,Metric Tonnes,1375.0,Rs./Quintal
Maharashtra,Nagpur,Nagpur Apmc,Vegetables,Tomato,2026-02-04,50.0,Metric Tonnes,1325.0,Rs./Quintal
Maharashtra,Nagpur,Nagpur Apmc,Vegetables,Tomato,2026-02-05,2.5,Metric Tonnes,1875.0,Rs./Quintal
Maharashtra,Nagpur,Nagpur Apmc,Vegetables,Tomato,2026-02-06,136.8,Metric Tonnes,625.0,Rs./Quintal
Maharashtra,Nagpur,Nagpur Apmc,Vegetables,Tomato,2026-02-07,18.0,Metric Tonnes,1525.0,Rs./Quintal
Maharashtra,Nagpur,Nagpur Apmc,Vegetables,Tomato,2026-02-08,100.2,Metric Tonnes,515.0,Rs./Quintal
Maharashtra,Nagpur,Nagpur Apmc,Vegetables,Tomato,2026-02-09,50.0,Metric Tonnes,1150.0,Rs./Quintal
Maharashtra,Nagpur,Nagpur Apmc,Vegetables,Tomato,2026-02-10,50.0,Metric Tonnes,1325.0,Rs./Quintal
Maharashtra,Nagpur,Nagpur Apmc,Vegetables,Tomato,2026-02-11,30.0,Metric Tonnes,1150.0,Rs./Quintal
Maharashtra,Nagpur,Nagpur Apmc,Vegetables,Tomato,2026-02-12,30.0,Metric Tonnes,1025.0,Rs./Quintal
Maharashtra,Nagpur,Nagpur Apmc,Vegetables,Tomato,2026-02-13,141.5,Metric Tonnes,455.0,Rs./Quintal
Maharashtra,Nagpur,Nagpur Apmc,Vegetables,Tomato,2026-02-14,40.0,Metric Tonnes,1150.0,Rs./Quintal
Maharashtra,Nagpur,Nagpur Apmc,Vegetables,Tomato,2026-02-15,73.1,Metric Tonnes,420.0,Rs./Quintal
Maharashtra,Nagpur,Nagpur Apmc,Vegetables,Tomato,2026-02-16,20.0,Metric Tonnes,1425.0,Rs./Quintal
Maharashtra,Nagpur,Nagpur Apmc,Vegetables,Tomato,2026-02-17,30.0,Metric Tonnes,1425.0,Rs./Quintal
Maharashtra,Nagpur,Nagpur Apmc,Vegetables,Tomato,2026-02-18,25.0,Metric Tonnes,1325.0,Rs./Quintal
Maharashtra,Nagpur,Nagpur Apmc,Vegetables,Tomato,2026-02-19,94.6,Metric Tonnes,340.0,Rs./Quintal
Maharashtra,Nagpur,Nagpur Apmc,Vegetables,Tomato,2026-02-20,104.2,Metric Tonnes,375.0,Rs./Quintal
Maharashtra,Nagpur,Nagpur Apmc,Vegetables,Tomato,2026-02-21,50.0,Metric Tonnes,1325.0,Rs./Quintal
Maharashtra,Nagpur,Nagpur Apmc,Vegetables,Tomato,2026-02-22,122.5,Metric Tonnes,425.0,Rs./Quintal
Maharashtra,Nagpur,Nagpur Apmc,Vegetables,Tomato,2026-02-23,30.0,Metric Tonnes,1650.0,Rs./Quintal
Maharashtra,Nagpur,Nagpur Apmc,Vegetables,Tomato,2026-02-24,30.0,Metric Tonnes,1425.0,Rs./Quintal
Maharashtra,Nagpur,Nagpur Apmc,Vegetables,Tomato,2026-02-25,50.0,Metric Tonnes,950.0,Rs./Quintal
Maharashtra,Nagpur,Nagpur Apmc,Vegetables,Tomato,2026-02-26,40.0,Metric Tonnes,1325.0,Rs./Quintal
Maharashtra,Nagpur,Nagpur Apmc,Vegetables,Tomato,2026-02-27,115.3,Metric Tonnes,585.0,Rs./Quintal
Maharashtra,Nagpur,Nagpur Apmc,Vegetables,Tomato,2026-02-28,106.7,Metric Tonnes,725.0,Rs./Quintal
Maharashtra,Nagpur,Nagpur Apmc,Vegetables,Tomato,2026-03-01,111.3,Metric Tonnes,825.0,Rs./Quintal
Maharashtra,Nagpur,Nagpur Apmc,Vegetables,Tomato,2026-03-02,137.6,Metric Tonnes,905.0,Rs./Quintal
Maharashtra,Nagpur,Nagpur Apmc,Vegetables,Tomato,2026-03-03,117.0,Metric Tonnes,755.0,Rs./Quintal
Maharashtra,Nagpur,Nagpur Apmc,Vegetables,Tomato,2026-03-04,25.0,Metric Tonnes,1150.0,Rs./Quintal
Maharashtra,Nagpur,Nagpur Apmc,Vegetables,Tomato,2026-03-05,10.0,Metric Tonnes,1425.0,Rs./Quintal
Maharashtra,Nagpur,Nagpur Apmc,Vegetables,Tomato,2026-03-06,156.5,Metric Tonnes,420.0,Rs./Quintal
Maharashtra,Nagpur,Nagpur Apmc,Vegetables,Tomato,2026-03-07,30.0,Metric Tonnes,1650.0,Rs./Quintal
Maharashtra,Nagpur,Nagpur Apmc,Vegetables,Tomato,2026-03-08,40.0,Metric Tonnes,1925.0,Rs./Quintal
Maharashtra,Nagpur,Nagpur Apmc,Vegetables,Tomato,2026-03-09,30.0,Metric Tonnes,1875.0,Rs./Quintal
Maharashtra,Nagpur,Nagpur Apmc,Vegetables,Tomato,2026-03-10,40.0,Metric Tonnes,1325.0,Rs./Quintal
Maharashtra,Nagpur,Nagpur Apmc,Vegetables,Tomato,2026-03-11,40.0,Metric Tonnes,1650.0,Rs./Quintal
Maharashtra,Nagpur,Nagpur Apmc,Vegetables,Tomato,2026-03-12,60.0,Metric Tonnes,1875.0,Rs./Quintal
Maharashtra,Nagpur,Nagpur Apmc,Vegetables,Tomato,2026-03-13,71.3,Metric Tonnes,290.0,Rs./Quintal
Maharashtra,Nagpur,Nagpur Apmc,Vegetables,Tomato,2026-03-14,50.0,Metric Tonnes,1425.0,Rs./Quintal
Maharashtra,Nagpur,Nagpur Apmc,Vegetables,Tomato,2026-03-15,134.8,Metric Tonnes,365.0,Rs./Quintal
Maharashtra,Nagpur,Nagpur Apmc,Vegetables,Tomato,2026-03-16,30.0,Metric Tonnes,1525.0,Rs./Quintal
Maharashtra,Nagpur,Nagpur Apmc,Vegetables,Tomato,2026-03-17,40.0,Metric Tonnes,1550.0,Rs./Quintal
Maharashtra,Nagpur,Nagpur Apmc,Vegetables,Tomato,2026-03-18,131.3,Metric Tonnes,340.0,Rs./Quintal
Maharashtra,Nagpur,Nagpur Apmc,Vegetables,Tomato,2026-03-19,137.9,Metric Tonnes,370.0,Rs./Quintal
Maharashtra,Nagpur,Nagpur Apmc,Vegetables,Tomato,2026-03-20,100.0,Metric Tonnes,285.0,Rs./Quintal
Maharashtra,Nagpur,Nagpur Apmc,Vegetables,Tomato,2026-03-21,170.5,Metric Tonnes,420.0,Rs./Quintal
Maharashtra,Nagpur,Nagpur Apmc,Vegetables,Tomato,2026-03-22,50.0,Metric Tonnes,1325.0,Rs./Quintal
Maharashtra,Nagpur,Nagpur Apmc,Vegetables,Tomato,2026-03-23,50.0,Metric Tonnes,1875.0,Rs./Quintal
Maharashtra,Nagpur,Nagpur Apmc,Vegetables,Tomato,2026-03-24,30.0,Metric Tonnes,825.0,Rs./Quintal
Maharashtra,Nagpur,Nagpur Apmc,Vegetables,Tomato,2026-03-25,30.0,Metric Tonnes,825.0,Rs./Quintal
Maharashtra,Nagpur,Nagpur Apmc,Vegetables,Tomato,2026-03-26,113.3,Metric Tonnes,390.0,Rs./Quintal
Maharashtra,Nagpur,Nagpur Apmc,Vegetables,Tomato,2026-03-27,138.2,Metric Tonnes,260.0,Rs./Quintal
Maharashtra,Nagpur,Nagpur Apmc,Vegetables,Tomato,2026-03-28,50.0,Metric Tonnes,1575.0,Rs./Quintal
Maharashtra,Nagpur,Nagpur Apmc,Vegetables,Tomato,2026-03-29,92.1,Metric Tonnes,200.0,Rs./Quintal
Maharashtra,Nagpur,Nagpur Apmc,Vegetables,Tomato,2026-03-30,50.0,Metric Tonnes,1150.0,Rs./Quintal
Maharashtra,Nagpur,Nagpur Apmc,Vegetables,Tomato,2026-03-31,70.0,Metric Tonnes,925.0,Rs./Quintal
Maharashtra,Nagpur,Nagpur Apmc,Vegetables,Tomato,2026-04-01,30.0,Metric Tonnes,1150.0,Rs./Quintal
Maharashtra,Nagpur,Nagpur Apmc,Vegetables,Tomato,2026-04-02,50.0,Metric Tonnes,1325.0,Rs./Quintal
Maharashtra,Nagpur,Nagpur Apmc,Vegetables,Tomato,2026-04-03,143.3,Metric Tonnes,510.0,Rs./Quintal
Maharashtra,Nagpur,Nagpur Apmc,Vegetables,Tomato,2026-04-04,30.0,Metric Tonnes,1325.0,Rs./Quintal
Maharashtra,Nagpur,Nagpur Apmc,Vegetables,Tomato,2026-04-05,50.0,Metric Tonnes,1625.0,Rs./Quintal
Maharashtra,Nagpur,Nagpur Apmc,Vegetables,Tomato,2026-04-06,30.0,Metric Tonnes,1325.0,Rs./Quintal
Maharashtra,Nagpur,Nagpur Apmc,Vegetables,Tomato,2026-04-07,40.0,Metric Tonnes,1225.0,Rs./Quintal
Maharashtra,Nagpur,Nagpur Apmc,Vegetables,Tomato,2026-04-08,30.0,Metric Tonnes,925.0,Rs./Quintal
Maharashtra,Nagpur,Nagpur Apmc,Vegetables,Tomato,2026-04-09,30.0,Metric Tonnes,1225.0,Rs./Quintal
Maharashtra,Nagpur,Nagpur Apmc,Vegetables,Tomato,2026-04-10,122.1,Metric Tonnes,285.0,Rs./Quintal
Maharashtra,Nagpur,Nagpur Apmc,Vegetables,Tomato,2026-04-11,50.0,Metric Tonnes,1325.0,Rs./Quintal
Maharashtra,Nagpur,Nagpur Apmc,Vegetables,Tomato,2026-04-12,40.0,Metric Tonnes,1800.0,Rs./Quintal
Maharashtra,Nagpur,Nagpur Apmc,Vegetables,Tomato,2026-04-13,70.0,Metric Tonnes,1875.0,Rs./Quintal
Maharashtra,Nagpur,Nagpur Apmc,Vegetables,Tomato,2026-04-14,50.0,Metric Tonnes,1325.0,Rs./Quintal
Maharashtra,Nagpur,Nagpur Apmc,Vegetables,Tomato,2026-04-15,40.0,Metric Tonnes,1875.0,Rs./Quintal
Maharashtra,Nagpur,Nagpur Apmc,Vegetables,Tomato,2026-04-16,30.0,Metric Tonnes,1875.0,Rs./Quintal
Maharashtra,Nagpur,Nagpur Apmc,Vegetables,Tomato,2026-04-17,141.6,Metric Tonnes,310.0,Rs./Quintal
Maharashtra,Nagpur,Nagpur Apmc,Vegetables,Tomato,2026-04-18,50.0,Metric Tonnes,1875.0,Rs./Quintal
Maharashtra,Nagpur,Nagpur Apmc,Vegetables,Tomato,2026-04-19,107.2,Metric Tonnes,395.0,Rs./Quintal
Maharashtra,Nagpur,Nagpur Apmc,Vegetables,Tomato,2026-04-20,165.2,Metric Tonnes,200.0,Rs./Quintal
Maharashtra,Nagpur,Nagpur Apmc,Vegetables,Tomato,2026-04-21,50.0,Metric Tonnes,2025.0,Rs./Quintal
Maharashtra,Nagpur,Nagpur Apmc,Vegetables,Tomato,2026-04-22,50.0,Metric Tonnes,1875.0,Rs./Quintal
Maharashtra,Nagpur,Nagpur Apmc,Vegetables,Tomato,2026-04-23,50.0,Metric Tonnes,1875.0,Rs./Quintal
Maharashtra,Nagpur,Nagpur Apmc,Vegetables,Tomato,2026-04-24,103.8,Metric Tonnes,200.0,Rs./Quintal
Maharashtra,Nagpur,Nagpur Apmc,Vegetables,Tomato,2026-04-25,50.0,Metric Tonnes,1875.0,Rs./Quintal
Maharashtra,Nagpur,Nagpur Apmc,Vegetables,Tomato,2026-04-26,118.6,Metric Tonnes,205.0,Rs./Quintal
Maharashtra,Nagpur,Nagpur Apmc,Vegetables,Tomato,2026-04-27,50.0,Metric Tonnes,2025.0,Rs./Quintal
Maharashtra,Nagpur,Nagpur Apmc,Vegetables,Tomato,2026-04-28,50.0,Metric Tonnes,2375.0,Rs./Quintal
Maharashtra,Nagpur,Nagpur Apmc,Vegetables,Tomato,2026-04-29,55.0,Metric Tonnes,1875.0,Rs./Quintal
Maharashtra,Nagpur,Nagpur Apmc,Vegetables,Tomato,2026-04-30,45.0,Metric Tonnes,2900.0,Rs./Quintal
Maharashtra,Nagpur,Nagpur Apmc,Vegetables,Tomato,2026-05-01,60.2,Metric Tonnes,200.0,Rs./Quintal
Maharashtra,Nagpur,Nagpur Apmc,Vegetables,Tomato,2026-05-02,55.0,Metric Tonnes,2250.0,Rs./Quintal
Maharashtra,Nagpur,Nagpur Apmc,Vegetables,Tomato,2026-05-03,108.2,Metric Tonnes,275.0,Rs./Quintal
Maharashtra,Nagpur,Nagpur Apmc,Vegetables,Tomato,2026-05-04,75.0,Metric Tonnes,2025.0,Rs./Quintal
Maharashtra,Nagpur,Nagpur Apmc,Vegetables,Tomato,2026-05-05,50.0,Metric Tonnes,2375.0,Rs./Quintal
Maharashtra,Nagpur,Nagpur Apmc,Vegetables,Tomato,2026-05-06,55.0,Metric Tonnes,2250.0,Rs./Quintal
Maharashtra,Nagpur,Nagpur Apmc,Vegetables,Tomato,2026-05-07,60.0,Metric Tonnes,2375.0,Rs./Quintal
Maharashtra,Nagpur,Nagpur Apmc,Vegetables,Tomato,2026-05-08,138.4,Metric Tonnes,240.0,Rs./Quintal
Maharashtra,Nagpur,Nagpur Apmc,Vegetables,Tomato,2026-05-09,55.0,Metric Tonnes,2875.0,Rs./Quintal
Maharashtra,Nagpur,Nagpur Apmc,Vegetables,Tomato,2026-05-10,97.9,Metric Tonnes,380.0,Rs./Quintal
Maharashtra,Nagpur,Nagpur Apmc,Vegetables,Tomato,2026-05-11,55.0,Metric Tonnes,2300.0,Rs./Quintal
Maharashtra,Nagpur,Nagpur Apmc,Vegetables,Tomato,2026-05-12,50.0,Metric Tonnes,3125.0,Rs./Quintal
Maharashtra,Nagpur,Nagpur Apmc,Vegetables,Tomato,2026-05-13,45.0,Metric Tonnes,3125.0,Rs./Quintal
Maharashtra,Nagpur,Nagpur Apmc,Vegetables,Tomato,2026-05-14,55.0,Metric Tonnes,2900.0,Rs./Quintal
Maharashtra,Nagpur,Nagpur Apmc,Vegetables,Tomato,2026-05-15,110.5,Metric Tonnes,275.0,Rs./Quintal
Maharashtra,Nagpur,Nagpur Apmc,Vegetables,Tomato,2026-05-16,130.3,Metric Tonnes,265.0,Rs./Quintal
Maharashtra,Nagpur,Nagpur Apmc,Vegetables,Tomato,2026-05-17,85.5,Metric Tonnes,275.0,Rs./Quintal
Maharashtra,Nagpur,Nagpur Apmc,Vegetables,Tomato,2026-05-18,90.7,Metric Tonnes,260.0,Rs./Quintal
Maharashtra,Nagpur,Nagpur Apmc,Vegetables,Tomato,2026-05-19,136.7,Metric Tonnes,255.0,Rs./Quintal
Maharashtra,Nagpur,Nagpur Apmc,Vegetables,Tomato,2026-05-20,25.0,Metric Tonnes,4375.0,Rs./Quintal
Maharashtra,Nagpur,Nagpur Apmc,Vegetables,Tomato,2026-05-21,45.0,Metric Tonnes,3125.0,Rs./Quintal
Maharashtra,Nagpur,Nagpur Apmc,Vegetables,Tomato,2026-05-22,78.0,Metric Tonnes,495.0,Rs./Quintal
Maharashtra,Nagpur,Nagpur Apmc,Vegetables,Tomato,2026-05-23,65.0,Metric Tonnes,2750.0,Rs./Quintal
Maharashtra,Nagpur,Nagpur Apmc,Vegetables,Tomato,2026-05-24,107.5,Metric Tonnes,735.0,Rs./Quintal
Maharashtra,Nagpur,Nagpur Apmc,Vegetables,Tomato,2026-05-25,55.0,Metric Tonnes,3150.0,Rs./Quintal
Maharashtra,Nagpur,Nagpur Apmc,Vegetables,Tomato,2026-05-26,60.0,Metric Tonnes,2900.0,Rs./Quintal
Maharashtra,Nagpur,Nagpur Apmc,Vegetables,Tomato,2026-05-27,60.0,Metric Tonnes,2900.0,Rs./Quintal
Maharashtra,Nagpur,Nagpur Apmc,Vegetables,Tomato,2026-05-28,111.0,Metric Tonnes,750.0,Rs./Quintal
Maharashtra,Nagpur,Nagpur Apmc,Vegetables,Tomato,2026-05-29,105.4,Metric Tonnes,920.0,Rs./Quintal
Maharashtra,Nagpur,Nagpur Apmc,Vegetables,Tomato,2026-05-30,60.0,Metric Tonnes,2750.0,Rs./Quintal
Maharashtra,Nagpur,Nagpur Apmc,Vegetables,Tomato,2026-05-31,141.8,Metric Tonnes,585.0,Rs./Quintal
Maharashtra,Nagpur,Nagpur Apmc,Vegetables,Tomato,2026-06-01,70.0,Metric Tonnes,2525.0,Rs./Quintal
Maharashtra,Nagpur,Nagpur Apmc,Vegetables,Tomato,2026-06-02,65.0,Metric Tonnes,2250.0,Rs./Quintal
Maharashtra,Nagpur,Nagpur Apmc,Vegetables,Tomato,2026-06-03,60.0,Metric Tonnes,2250.0,Rs./Quintal
Maharashtra,Nagpur,Nagpur Apmc,Vegetables,Tomato,2026-06-04,70.0,Metric Tonnes,2375.0,Rs./Quintal
Maharashtra,Nagpur,Nagpur Apmc,Vegetables,Tomato,2026-06-05,165.6,Metric Tonnes,610.0,Rs./Quintal
Maharashtra,Nagpur,Nagpur Apmc,Vegetables,Tomato,2026-06-06,45.0,Metric Tonnes,4250.0,Rs./Quintal
Maharashtra,Nagpur,Nagpur Apmc,Vegetables,Tomato,2026-06-07,95.2,Metric Tonnes,740.0,Rs./Quintal
Maharashtra,Nagpur,Nagpur Apmc,Vegetables,Tomato,2026-06-08,45.0,Metric Tonnes,4275.0,Rs./Quintal
Maharashtra,Nagpur,Nagpur Apmc,Vegetables,Tomato,2026-06-09,55.0,Metric Tonnes,3750.0,Rs./Quintal
Maharashtra,Nagpur,Nagpur Apmc,Vegetables,Tomato,2026-06-10,50.0,Metric Tonnes,4250.0,Rs./Quintal
Maharashtra,Nagpur,Nagpur Apmc,Vegetables,Tomato,2026-06-11,50.0,Metric Tonnes,4500.0,Rs./Quintal
Maharashtra,Nagpur,Nagpur Apmc,Vegetables,Tomato,2026-06-12,126.6,Metric Tonnes,1255.0,Rs./Quintal
Maharashtra,Nagpur,Nagpur Apmc,Vegetables,Tomato,2026-06-13,65.0,Metric Tonnes,4250.0,Rs./Quintal
Maharashtra,Nagpur,Nagpur Apmc,Vegetables,Tomato,2026-06-14,75.0,Metric Tonnes,4000.0,Rs./Quintal
Maharashtra,Nagpur,Nagpur Apmc,Vegetables,Tomato,2026-06-15,80.0,Metric Tonnes,4750.0,Rs./Quintal
Maharashtra,Nagpur,Nagpur Apmc,Vegetables,Tomato,2026-06-16,70.0,Metric Tonnes,3125.0,Rs./Quintal
Maharashtra,Nagpur,Nagpur Apmc,Vegetables,Tomato,2026-06-17,80.0,Metric Tonnes,3625.0,Rs./Quintal
Maharashtra,Nagpur,Nagpur Apmc,Vegetables,Tomato,2026-06-18,80.0,Metric Tonnes,4750.0,Rs./Quintal
Maharashtra,Nagpur,Nagpur Apmc,Vegetables,Tomato,2026-06-19,145.3,Metric Tonnes,1395.0,Rs./Quintal
Maharashtra,Nagpur,Nagpur Apmc,Vegetables,Tomato,2026-06-20,75.0,Metric Tonnes,3750.0,Rs./Quintal
Maharashtra,Nagpur,Nagpur Apmc,Vegetables,Tomato,2026-06-21,113.4,Metric Tonnes,1595.0,Rs./Quintal
Maharashtra,Nagpur,Nagpur Apmc,Vegetables,Tomato,2026-06-22,70.0,Metric Tonnes,4375.0,Rs./Quintal
Maharashtra,Nagpur,Nagpur Apmc,Vegetables,Tomato,2026-06-23,65.0,Metric Tonnes,3875.0,Rs./Quintal
Maharashtra,Nagpur,Nagpur Apmc,Vegetables,Tomato,2026-06-24,150.0,Metric Tonnes,3750.0,Rs./Quintal
Maharashtra,Nagpur,Nagpur Apmc,Vegetables,Tomato,2026-06-25,170.0,Metric Tonnes,3250.0,Rs./Quintal
Maharashtra,Nagpur,Nagpur Apmc,Vegetables,Tomato,2026-06-26,112.9,Metric Tonnes,1785.0,Rs./Quintal
Maharashtra,Nagpur,Nagpur Apmc,Vegetables,Tomato,2026-06-27,160.0,Metric Tonnes,2875.0,Rs./Quintal
Maharashtra,Nagpur,Nagpur Apmc,Vegetables,Tomato,2026-06-28,119.3,Metric Tonnes,2125.0,Rs./Quintal
Maharashtra,Nagpur,Nagpur Apmc,Vegetables,Tomato,2026-06-29,130.0,Metric Tonnes,3750.0,Rs./Quintal
Maharashtra,Nagpur,Nagpur Apmc,Vegetables,Tomato,2026-06-30,80.0,Metric Tonnes,3150.0,Rs./Quintal
Maharashtra,Nagpur,Nagpur Apmc,Vegetables,Tomato,2026-07-01,100.0,Metric Tonnes,3375.0,Rs./Quintal
Maharashtra,Nagpur,Nagpur Apmc,Vegetables,Tomato,2026-07-02,40.0,Metric Tonnes,3375.0,Rs./Quintal
Maharashtra,Nagpur,Nagpur Apmc,Vegetables,Tomato,2026-07-03,124.4,Metric Tonnes,2370.0,Rs./Quintal
Maharashtra,Nagpur,Nagpur Apmc,Vegetables,Tomato,2026-07-04,70.0,Metric Tonnes,3375.0,Rs./Quintal
Maharashtra,Nagpur,Nagpur Apmc,Vegetables,Tomato,2026-07-05,138.4,Metric Tonnes,2500.0,Rs./Quintal
Maharashtra,Nagpur,Nagpur Apmc,Vegetables,Tomato,2026-07-06,280.0,Metric Tonnes,2250.0,Rs./Quintal
Maharashtra,Nagpur,Nagpur Apmc,Vegetables,Tomato,2026-07-07,120.0,Metric Tonnes,3625.0,Rs./Quintal
Maharashtra,Nagpur,Nagpur Apmc,Vegetables,Tomato,2026-07-08,100.0,Metric Tonnes,3250.0,Rs./Quintal
Maharashtra,Nagpur,Nagpur Apmc,Vegetables,Tomato,2026-07-09,120.0,Metric Tonnes,2750.0,Rs./Quintal
Maharashtra,Nagpur,Nagpur Apmc,Vegetables,Tomato,2026-07-10,88.8,Metric Tonnes,3140.0,Rs./Quintal
Maharashtra,Nagpur,Nagpur Apmc,Vegetables,Tomato,2026-07-11,60.0,Metric Tonnes,4375.0,Rs./Quintal
Maharashtra,Nagpur,Nagpur Apmc,Vegetables,Tomato,2026-07-12,108.2,Metric Tonnes,3220.0,Rs./Quintal
Maharashtra,Nagpur,Nagpur Apmc,Vegetables,Tomato,2026-07-13,160.0,Metric Tonnes,2750.0,Rs./Quintal
Maharashtra,Nagpur,Nagpur Apmc,Vegetables,Tomato,2026-07-14,150.0,Metric Tonnes,3250.0,Rs./Quintal
Maharashtra,Nagpur,Nagpur Apmc,Vegetables,Tomato,2026-07-15,70.0,Metric Tonnes,3150.0,Rs./Quintal
Maharashtra,Nagpur,Nagpur Apmc,Vegetables,Tomato,2026-07-16,100.0,Metric Tonnes,2750.0,Rs./Quintal
Maharashtra,Nagpur,Nagpur Apmc,Vegetables,Tomato,2026-07-17,132.3,Metric Tonnes,2545.0,Rs./Quintal
Maharashtra,Nagpur,Nagpur Apmc,Vegetables,Tomato,2026-07-18,150.0,Metric Tonnes,3250.0,Rs./Quintal
Maharashtra,Nagpur,Nagpur Apmc,Vegetables,Tomato,2026-07-19,91.8,Metric Tonnes,3095.0,Rs./Quintal
Maharashtra,Nagpur,Nagpur Apmc,Vegetables,Tomato,2026-07-20,100.0,Metric Tonnes,2025.0,Rs./Quintal
Maharashtra,Nagpur,Nagpur Apmc,Vegetables,Tomato,2026-07-21,70.0,Metric Tonnes,2650.0,Rs./Quintal
Maharashtra,Nagpur,Nagpur Apmc,Vegetables,Tomato,2026-07-22,80.0,Metric Tonnes,2375.0,Rs./Quintal
Maharashtra,Nagpur,Nagpur Apmc,Vegetables,Tomato,2026-07-23,100.0,Metric Tonnes,2375.0,Rs./Quintal
Maharashtra,Nagpur,Nagpur Apmc,Vegetables,Tomato,2026-07-24,86.1,Metric Tonnes,3825.0,Rs./Quintal
Maharashtra,Nagpur,Nagpur Apmc,Vegetables,Tomato,2026-07-25,50.0,Metric Tonnes,3375.0,Rs./Quintal
Maharashtra,Nagpur,Nagpur Apmc,Vegetables,Tomato,2026-07-26,148.1,Metric Tonnes,3190.0,Rs./Quintal
Maharashtra,Nagpur,Nagpur Apmc,Vegetables,Tomato,2026-07-27,60.0,Metric Tonnes,2650.0,Rs./Quintal
Maharashtra,Nagpur,Nagpur Apmc,Vegetables,Tomato,2026-07-28,110.0,Metric Tonnes,2750.0,Rs./Quintal
Maharashtra,Nagpur,Nagpur Apmc,Vegetables,Tomato,2026-07-29,80.0,Metric Tonnes,2750.0,Rs./Quintal
Maharashtra,Nagpur,Nagpur Apmc,Vegetables,Tomato,2026-07-30,90.0,Metric Tonnes,2875.0,Rs./Quintal
Maharashtra,Nagpur,Nagpur Apmc,Vegetables,Tomato,2026-07-31,131.9,Metric Tonnes,5230.0,Rs./Quintal
Maharashtra,Nagpur,Nagpur Apmc,Vegetables,Tomato,2026-08-01,120.0,Metric Tonnes,1850.0,Rs./Quintal
Maharashtra,Nagpur,Nagpur Apmc,Vegetables,Tomato,2026-08-02,109.2,Metric Tonnes,4735.0,Rs./Quintal
Maharashtra,Nagpur,Nagpur Apmc,Vegetables,Tomato,2026-08-03,100.0,Metric Tonnes,3025.0,Rs./Quintal
Maharashtra,Nagpur,Nagpur Apmc,Vegetables,Tomato,2026-08-04,110.3,Metric Tonnes,5230.0,Rs./Quintal
Maharashtra,Nagpur,Nagpur Apmc,Vegetables,Tomato,2026-08-05,97.2,Metric Tonnes,5330.0,Rs./Quintal
Maharashtra,Nagpur,Nagpur Apmc,Vegetables,Tomato,2026-08-06,100.0,Metric Tonnes,2875.0,Rs./Quintal
Maharashtra,Nagpur,Nagpur Apmc,Vegetables,Tomato,2026-08-07,111.9,Metric Tonnes,6150.0,Rs./Quintal
Maharashtra,Nagpur,Nagpur Apmc,Vegetables,Tomato,2026-08-08,170.0,Metric Tonnes,3025.0,Rs./Quintal
Maharashtra,Nagpur,Nagpur Apmc,Vegetables,Tomato,2026-08-09,123.2,Metric Tonnes,5180.0,Rs./Quintal
Maharashtra,Nashik,Nasik Apmc,Vegetables,Tomato,2025-01-01,177.2,Metric Tonnes,700.0,Rs./Quintal
Maharashtra,Nashik,Nasik Apmc,Vegetables,Tomato,2025-01-02,181.2,Metric Tonnes,750.0,Rs./Quintal
Maharashtra,Nashik,Nasik Apmc,Vegetables,Tomato,2025-01-03,185.9,Metric Tonnes,600.0,Rs./Quintal
Maharashtra,Nashik,Nasik Apmc,Vegetables,Tomato,2025-01-04,146.2,Metric Tonnes,650.0,Rs./Quintal
Maharashtra,Nashik,Nasik Apmc,Vegetables,Tomato,2025-01-05,187.0,Metric Tonnes,700.0,Rs./Quintal
Maharashtra,Nashik,Nasik Apmc,Vegetables,Tomato,2025-01-06,199.3,Metric Tonnes,750.0,Rs./Quintal
Maharashtra,Nashik,Nasik Apmc,Vegetables,Tomato,2025-01-07,157.8,Metric Tonnes,850.0,Rs./Quintal
Maharashtra,Nashik,Nasik Apmc,Vegetables,Tomato,2025-01-08,229.3,Metric Tonnes,650.0,Rs./Quintal
Maharashtra,Nashik,Nasik Apmc,Vegetables,Tomato,2025-01-09,222.8,Metric Tonnes,660.0,Rs./Quintal
Maharashtra,Nashik,Nasik Apmc,Vegetables,Tomato,2025-01-10,216.1,Metric Tonnes,500.0,Rs./Quintal
Maharashtra,Nashik,Nasik Apmc,Vegetables,Tomato,2025-01-11,27.0,Metric Tonnes,550.0,Rs./Quintal
Maharashtra,Nashik,Nasik Apmc,Vegetables,Tomato,2025-01-12,218.8,Metric Tonnes,600.0,Rs./Quintal
Maharashtra,Nashik,Nasik Apmc,Vegetables,Tomato,2025-01-13,228.2,Metric Tonnes,750.0,Rs./Quintal
Maharashtra,Nashik,Nasik Apmc,Vegetables,Tomato,2025-01-14,181.5,Metric Tonnes,800.0,Rs./Quintal
Maharashtra,Nashik,Nasik Apmc,Vegetables,Tomato,2025-01-15,23.5,Metric Tonnes,650.0,Rs./Quintal
Maharashtra,Nashik,Nasik Apmc,Vegetables,Tomato,2025-01-16,215.8,Metric Tonnes,650.0,Rs./Quintal
Maharashtra,Nashik,Nasik Apmc,Vegetables,Tomato,2025-01-17,295.9,Metric Tonnes,550.0,Rs./Quintal
Maharashtra,Nashik,Nasik Apmc,Vegetables,Tomato,2025-01-18,283.0,Metric Tonnes,500.0,Rs./Quintal
Maharashtra,Nashik,Nasik Apmc,Vegetables,Tomato,2025-01-19,284.2,Metric Tonnes,500.0,Rs./Quintal
Maharashtra,Nashik,Nasik Apmc,Vegetables,Tomato,2025-01-20,355.4,Metric Tonnes,500.0,Rs./Quintal
Maharashtra,Nashik,Nasik Apmc,Vegetables,Tomato,2025-01-21,17.0,Metric Tonnes,3000.0,Rs./Quintal
Maharashtra,Nashik,Nasik Apmc,Vegetables,Tomato,2025-01-22,278.9,Metric Tonnes,500.0,Rs./Quintal
Maharashtra,Nashik,Nasik Apmc,Vegetables,Tomato,2025-01-23,219.2,Metric Tonnes,500.0,Rs./Quintal
Maharashtra,Nashik,Nasik Apmc,Vegetables,Tomato,2025-01-24,256.0,Metric Tonnes,500.0,Rs./Quintal
Maharashtra,Nashik,Nasik Apmc,Vegetables,Tomato,2025-01-25,231.2,Metric Tonnes,600.0,Rs./Quintal
Maharashtra,Nashik,Nasik Apmc,Vegetables,Tomato,2025-01-26,236.8,Metric Tonnes,550.0,Rs./Quintal
Maharashtra,Nashik,Nasik Apmc,Vegetables,Tomato,2025-01-27,228.4,Metric Tonnes,550.0,Rs./Quintal
Maharashtra,Nashik,Nasik Apmc,Vegetables,Tomato,2025-01-28,270.4,Metric Tonnes,600.0,Rs./Quintal
Maharashtra,Nashik,Nasik Apmc,Vegetables,Tomato,2025-01-29,252.2,Metric Tonnes,650.0,Rs./Quintal
Maharashtra,Nashik,Nasik Apmc,Vegetables,Tomato,2025-01-30,250.1,Metric Tonnes,650.0,Rs./Quintal
Maharashtra,Nashik,Nasik Apmc,Vegetables,Tomato,2025-01-31,266.2,Metric Tonnes,700.0,Rs./Quintal
Maharashtra,Nashik,Nasik Apmc,Vegetables,Tomato,2025-02-01,492.0,Metric Tonnes,650.0,Rs./Quintal
Maharashtra,Nashik,Nasik Apmc,Vegetables,Tomato,2025-02-02,1176.8,Metric Tonnes,600.0,Rs./Quintal
Maharashtra,Nashik,Nasik Apmc,Vegetables,Tomato,2025-02-03,241.6,Metric Tonnes,650.0,Rs./Quintal
Maharashtra,Nashik,Nasik Apmc,Vegetables,Tomato,2025-02-04,258.0,Metric Tonnes,575.0,Rs./Quintal
Maharashtra,Nashik,Nasik Apmc,Vegetables,Tomato,2025-02-05,289.0,Metric Tonnes,500.0,Rs./Quintal
Maharashtra,Nashik,Nasik Apmc,Vegetables,Tomato,2025-02-06,302.6,Metric Tonnes,500.0,Rs./Quintal
Maharashtra,Nashik,Nasik Apmc,Vegetables,Tomato,2025-02-07,295.1,Metric Tonnes,550.0,Rs./Quintal
Maharashtra,Nashik,Nasik Apmc,Vegetables,Tomato,2025-02-12,270.6,Metric Tonnes,650.0,Rs./Quintal
Maharashtra,Nashik,Nasik Apmc,Vegetables,Tomato,2025-02-13,230.8,Metric Tonnes,600.0,Rs./Quintal
Maharashtra,Nashik,Nasik Apmc,Vegetables,Tomato,2025-02-14,251.1,Metric Tonnes,600.0,Rs./Quintal
Maharashtra,Nashik,Nasik Apmc,Vegetables,Tomato,2025-02-15,209.0,Metric Tonnes,550.0,Rs./Quintal
Maharashtra,Nashik,Nasik Apmc,Vegetables,Tomato,2025-02-16,238.0,Metric Tonnes,550.0,Rs./Quintal
Maharashtra,Nashik,Nasik Apmc,Vegetables,Tomato,2025-02-17,189.1,Metric Tonnes,550.0,Rs./Quintal
Maharashtra,Nashik,Nasik Apmc,Vegetables,Tomato,2025-02-18,193.2,Metric Tonnes,600.0,Rs./Quintal
Maharashtra,Nashik,Nasik Apmc,Vegetables,Tomato,2025-02-20,203.1,Metric Tonnes,600.0,Rs./Quintal
Maharashtra,Nashik,Nasik Apmc,Vegetables,Tomato,2025-02-21,229.8,Metric Tonnes,650.0,Rs./Quintal
Maharashtra,Nashik,Nasik Apmc,Vegetables,Tomato,2025-02-22,224.9,Metric Tonnes,600.0,Rs./Quintal
Maharashtra,Nashik,Nasik Apmc,Vegetables,Tomato,2025-02-23,210.4,Metric Tonnes,550.0,Rs./Quintal
Maharashtra,Nashik,Nasik Apmc,Vegetables,Tomato,2025-02-24,229.7,Metric Tonnes,600.0,Rs./Quintal
Maharashtra,Nashik,Nasik Apmc,Vegetables,Tomato,2025-02-26,143.3,Metric Tonnes,550.0,Rs./Quintal
Maharashtra,Nashik,Nasik Apmc,Vegetables,Tomato,2025-02-27,238.2,Metric Tonnes,550.0,Rs./Quintal
Maharashtra,Nashik,Nasik Apmc,Vegetables,Tomato,2025-02-28,218.0,Metric Tonnes,600.0,Rs./Quintal
Maharashtra,Nashik,Nasik Apmc,Vegetables,Tomato,2025-03-01,214.2,Metric Tonnes,550.0,Rs./Quintal
Maharashtra,Nashik,Nasik Apmc,Vegetables,Tomato,2025-03-02,236.0,Metric Tonnes,600.0,Rs./Quintal
Maharashtra,Nashik,Nasik Apmc,Vegetables,Tomato,2025-03-03,209.5,Metric Tonnes,600.0,Rs./Quintal
Maharashtra,Nashik,Nasik Apmc,Vegetables,Tomato,2025-03-04,195.7,Metric Tonnes,600.0,Rs./Quintal
Maharashtra,Nashik,Nasik Apmc,Vegetables,Tomato,2025-03-05,267.2,Metric Tonnes,550.0,Rs./Quintal
Maharashtra,Nashik,Nasik Apmc,Vegetables,Tomato,2025-03-06,232.1,Metric Tonnes,600.0,Rs./Quintal
Maharashtra,Nashik,Nasik Apmc,Vegetables,Tomato,2025-03-07,207.8,Metric Tonnes,550.0,Rs./Quintal
Maharashtra,Nashik,Nasik Apmc,Vegetables,Tomato,2025-03-08,194.8,Metric Tonnes,600.0,Rs./Quintal
Maharashtra,Nashik,Nasik Apmc,Vegetables,Tomato,2025-03-09,172.8,Metric Tonnes,650.0,Rs./Quintal
Maharashtra,Nashik,Nasik Apmc,Vegetables,Tomato,2025-03-10,336.6,Metric Tonnes,750.0,Rs./Quintal
Maharashtra,Nashik,Nasik Apmc,Vegetables,Tomato,2025-03-11,172.1,Metric Tonnes,700.0,Rs./Quintal
Maharashtra,Nashik,Nasik Apmc,Vegetables,Tomato,2025-03-12,119.8,Metric Tonnes,600.0,Rs./Quintal
Maharashtra,Nashik,Nasik Apmc,Vegetables,Tomato,2025-03-14,156.5,Metric Tonnes,600.0,Rs./Quintal
Maharashtra,Nashik,Nasik Apmc,Vegetables,Tomato,2025-03-15,195.9,Metric Tonnes,650.0,Rs./Quintal
Maharashtra,Nashik,Nasik Apmc,Vegetables,Tomato,2025-03-16,229.7,Metric Tonnes,600.0,Rs./Quintal
Maharashtra,Nashik,Nasik Apmc,Vegetables,Tomato,2025-03-17,233.5,Metric Tonnes,600.0,Rs./Quintal
Maharashtra,Nashik,Nasik Apmc,Vegetables,Tomato,2025-03-18,229.5,Metric Tonnes,600.0,Rs./Quintal
Maharashtra,Nashik,Nasik Apmc,Vegetables,Tomato,2025-03-19,192.7,Metric Tonnes,550.0,Rs./Quintal
Maharashtra,Nashik,Nasik Apmc,Vegetables,Tomato,2025-03-20,197.7,Metric Tonnes,550.0,Rs./Quintal
Maharashtra,Nashik,Nasik Apmc,Vegetables,Tomato,2025-03-21,180.8,Metric Tonnes,600.0,Rs./Quintal
Maharashtra,Nashik,Nasik Apmc,Vegetables,Tomato,2025-03-22,179.5,Metric Tonnes,650.0,Rs./Quintal
Maharashtra,Nashik,Nasik Apmc,Vegetables,Tomato,2025-03-23,18.5,Metric Tonnes,850.0,Rs./Quintal
Maharashtra,Nashik,Nasik Apmc,Vegetables,Tomato,2025-03-24,209.4,Metric Tonnes,600.0,Rs./Quintal
Maharashtra,Nashik,Nasik Apmc,Vegetables,Tomato,2025-03-25,173.1,Metric Tonnes,600.0,Rs./Quintal
Maharashtra,Nashik,Nasik Apmc,Vegetables,Tomato,2025-03-26,198.5,Metric Tonnes,850.0,Rs./Quintal
Maharashtra,Nashik,Nasik Apmc,Vegetables,Tomato,2025-03-27,248.2,Metric Tonnes,700.0,Rs./Quintal
Maharashtra,Nashik,Nasik Apmc,Vegetables,Tomato,2025-03-28,211.9,Metric Tonnes,600.0,Rs./Quintal
Maharashtra,Nashik,Nasik Apmc,Vegetables,Tomato,2025-03-29,229.3,Metric Tonnes,450.0,Rs./Quintal
Maharashtra,Nashik,Nasik Apmc,Vegetables,Tomato,2025-03-30,158.8,Metric Tonnes,550.0,Rs./Quintal
Maharashtra,Nashik,Nasik Apmc,Vegetables,Tomato,2025-03-31,175.2,Metric Tonnes,550.0,Rs./Quintal
Maharashtra,Nashik,Nasik Apmc,Vegetables,Tomato,2025-04-01,213.6,Metric Tonnes,500.0,Rs./Quintal
Maharashtra,Nashik,Nasik Apmc,Vegetables,Tomato,2025-04-02,177.1,Metric Tonnes,550.0,Rs./Quintal
Maharashtra,Nashik,Nasik Apmc,Vegetables,Tomato,2025-04-03,185.5,Metric Tonnes,700.0,Rs./Quintal
Maharashtra,Nashik,Nasik Apmc,Vegetables,Tomato,2025-04-04,207.5,Metric Tonnes,500.0,Rs./Quintal
Maharashtra,Nashik,Nasik Apmc,Vegetables,Tomato,2025-04-05,171.7,Metric Tonnes,550.0,Rs./Quintal
Maharashtra,Nashik,Nasik Apmc,Vegetables,Tomato,2025-04-06,190.0,Metric Tonnes,650.0,Rs./Quintal
Maharashtra,Nashik,Nasik Apmc,Vegetables,Tomato,2025-04-07,146.1,Metric Tonnes,750.0,Rs./Quintal
Maharashtra,Nashik,Nasik Apmc,Vegetables,Tomato,2025-04-08,170.4,Metric Tonnes,700.0,Rs./Quintal
Maharashtra,Nashik,Nasik Apmc,Vegetables,Tomato,2025-04-09,132.6,Metric Tonnes,700.0,Rs./Quintal
Maharashtra,Nashik,Nasik Apmc,Vegetables,Tomato,2025-04-10,214.9,Metric Tonnes,700.0,Rs./Quintal
Maharashtra,Nashik,Nasik Apmc,Vegetables,Tomato,2025-04-11,194.5,Metric Tonnes,800.0,Rs./Quintal
Maharashtra,Nashik,Nasik Apmc,Vegetables,Tomato,2025-04-14,202.9,Metric Tonnes,750.0,Rs./Quintal
Maharashtra,Nashik,Nasik Apmc,Vegetables,Tomato,2025-04-15,113.7,Metric Tonnes,700.0,Rs./Quintal
Maharashtra,Nashik,Nasik Apmc,Vegetables,Tomato,2025-04-16,215.5,Metric Tonnes,700.0,Rs./Quintal
Maharashtra,Nashik,Nasik Apmc,Vegetables,Tomato,2025-04-19,147.6,Metric Tonnes,700.0,Rs./Quintal
Maharashtra,Nashik,Nasik Apmc,Vegetables,Tomato,2025-04-20,174.6,Metric Tonnes,700.0,Rs./Quintal
Maharashtra,Nashik,Nasik Apmc,Vegetables,Tomato,2025-04-21,160.1,Metric Tonnes,700.0,Rs./Quintal
Maharashtra,Nashik,Nasik Apmc,Vegetables,Tomato,2025-04-22,222.5,Metric Tonnes,700.0,Rs./Quintal
Maharashtra,Nashik,Nasik Apmc,Vegetables,Tomato,2025-04-23,278.9,Metric Tonnes,750.0,Rs./Quintal
Maharashtra,Nashik,Nasik Apmc,Vegetables,Tomato,2025-04-24,274.6,Metric Tonnes,750.0,Rs./Quintal
Maharashtra,Nashik,Nasik Apmc,Vegetables,Tomato,2025-04-25,196.8,Metric Tonnes,650.0,Rs./Quintal
Maharashtra,Nashik,Nasik Apmc,Vegetables,Tomato,2025-04-28,195.5,Metric Tonnes,750.0,Rs./Quintal
Maharashtra,Nashik,Nasik Apmc,Vegetables,Tomato,2025-05-01,205.0,Metric Tonnes,1000.0,Rs./Quintal
Maharashtra,Nashik,Nasik Apmc,Vegetables,Tomato,2025-05-02,280.6,Metric Tonnes,650.0,Rs./Quintal
Maharashtra,Nashik,Nasik Apmc,Vegetables,Tomato,2025-05-03,280.6,Metric Tonnes,650.0,Rs./Quintal
Maharashtra,Nashik,Nasik Apmc,Vegetables,Tomato,2025-05-04,341.9,Metric Tonnes,850.0,Rs./Quintal
Maharashtra,Nashik,Nasik Apmc,Vegetables,Tomato,2025-05-05,296.2,Metric Tonnes,800.0,Rs./Quintal
Maharashtra,Nashik,Nasik Apmc,Vegetables,Tomato,2025-05-06,204.6,Metric Tonnes,700.0,Rs./Quintal
Maharashtra,Nashik,Nasik Apmc,Vegetables,Tomato,2025-05-07,191.0,Metric Tonnes,650.0,Rs./Quintal
Maharashtra,Nashik,Nasik Apmc,Vegetables,Tomato,2025-05-08,314.5,Metric Tonnes,750.0,Rs./Quintal
Maharashtra,Nashik,Nasik Apmc,Vegetables,Tomato,2025-05-09,279.5,Metric Tonnes,750.0,Rs./Quintal
Maharashtra,Nashik,Nasik Apmc,Vegetables,Tomato,2025-05-10,29.3,Metric Tonnes,700.0,Rs./Quintal
Maharashtra,Nashik,Nasik Apmc,Vegetables,Tomato,2025-05-11,292.7,Metric Tonnes,650.0,Rs./Quintal
Maharashtra,Nashik,Nasik Apmc,Vegetables,Tomato,2025-05-12,232.3,Metric Tonnes,650.0,Rs./Quintal
Maharashtra,Nashik,Nasik Apmc,Vegetables,Tomato,2025-05-15,190.5,Metric Tonnes,950.0,Rs./Quintal
Maharashtra,Nashik,Nasik Apmc,Vegetables,Tomato,2025-05-16,213.4,Metric Tonnes,900.0,Rs./Quintal
Maharashtra,Nashik,Nasik Apmc,Vegetables,Tomato,2025-05-17,172.2,Metric Tonnes,1000.0,Rs./Quintal
Maharashtra,Nashik,Nasik Apmc,Vegetables,Tomato,2025-05-18,304.9,Metric Tonnes,1000.0,Rs./Quintal
Maharashtra,Nashik,Nasik Apmc,Vegetables,Tomato,2025-05-19,163.7,Metric Tonnes,900.0,Rs./Quintal
Maharashtra,Nashik,Nasik Apmc,Vegetables,Tomato,2025-05-20,148.5,Metric Tonnes,1000.0,Rs./Quintal
Maharashtra,Nashik,Nasik Apmc,Vegetables,Tomato,2025-05-21,253.1,Metric Tonnes,800.0,Rs./Quintal
Maharashtra,Nashik,Nasik Apmc,Vegetables,Tomato,2025-05-22,253.7,Metric Tonnes,800.0,Rs./Quintal
Maharashtra,Nashik,Nasik Apmc,Vegetables,Tomato,2025-05-23,194.2,Metric Tonnes,1400.0,Rs./Quintal
Maharashtra,Nashik,Nasik Apmc,Vegetables,Tomato,2025-05-24,196.6,Metric Tonnes,1000.0,Rs./Quintal
Maharashtra,Nashik,Nasik Apmc,Vegetables,Tomato,2025-05-25,206.5,Metric Tonnes,1050.0,Rs./Quintal
Maharashtra,Nashik,Nasik Apmc,Vegetables,Tomato,2025-05-26,242.1,Metric Tonnes,1000.0,Rs./Quintal
Maharashtra,Nashik,Nasik Apmc,Vegetables,Tomato,2025-05-27,1400.7,Metric Tonnes,1000.0,Rs./Quintal
Maharashtra,Nashik,Nasik Apmc,Vegetables,Tomato,2025-05-28,1317.2,Metric Tonnes,1250.0,Rs./Quintal
Maharashtra,Nashik,Nasik Apmc,Vegetables,Tomato,2025-05-29,2001.5,Metric Tonnes,1100.0,Rs./Quintal
Maharashtra,Nashik,Nasik Apmc,Vegetables,Tomato,2025-05-30,1075.6,Metric Tonnes,850.0,Rs./Quintal
Maharashtra,Nashik,Nasik Apmc,Vegetables,Tomato,2025-05-31,207.8,Metric Tonnes,900.0,Rs./Quintal
Maharashtra,Nashik,Nasik Apmc,Vegetables,Tomato,2025-06-01,208.4,Metric Tonnes,1050.0,Rs./Quintal
Maharashtra,Nashik,Nasik Apmc,Vegetables,Tomato,2025-06-02,180.4,Metric Tonnes,1250.0,Rs./Quintal
Maharashtra,Nashik,Nasik Apmc,Vegetables,Tomato,2025-06-03,176.7,Metric Tonnes,1200.0,Rs./Quintal
Maharashtra,Nashik,Nasik Apmc,Vegetables,Tomato,2025-06-04,205.2,Metric Tonnes,1000.0,Rs./Quintal
Maharashtra,Nashik,Nasik Apmc,Vegetables,Tomato,2025-06-05,169.2,Metric Tonnes,1100.0,Rs./Quintal
Maharashtra,Nashik,Nasik Apmc,Vegetables,Tomato,2025-06-06,172.4,Metric Tonnes,1000.0,Rs./Quintal
Maharashtra,Nashik,Nasik Apmc,Vegetables,Tomato,2025-06-07,150.1,Metric Tonnes,1100.0,Rs./Quintal
Maharashtra,Nashik,Nasik Apmc,Vegetables,Tomato,2025-06-08,138.7,Metric Tonnes,5400.0,Rs./Quintal
Maharashtra,Nashik,Nasik Apmc,Vegetables,Tomato,2025-06-09,144.9,Metric Tonnes,1300.0,Rs./Quintal
Maharashtra,Nashik,Nasik Apmc,Vegetables,Tomato,2025-06-10,137.9,Metric Tonnes,1350.0,Rs./Quintal
Maharashtra,Nashik,Nasik Apmc,Vegetables,Tomato,2025-06-11,406.2,Metric Tonnes,1500.0,Rs./Quintal
Maharashtra,Nashik,Nasik Apmc,Vegetables,Tomato,2025-06-12,218.3,Metric Tonnes,1300.0,Rs./Quintal
Maharashtra,Nashik,Nasik Apmc,Vegetables,Tomato,2025-06-13,170.1,Metric Tonnes,1350.0,Rs./Quintal
Maharashtra,Nashik,Nasik Apmc,Vegetables,Tomato,2025-06-14,298.6,Metric Tonnes,950.0,Rs./Quintal
Maharashtra,Nashik,Nasik Apmc,Vegetables,Tomato,2025-06-15,334.4,Metric Tonnes,1350.0,Rs./Quintal
Maharashtra,Nashik,Nasik Apmc,Vegetables,Tomato,2025-06-16,117.7,Metric Tonnes,1250.0,Rs./Quintal
Maharashtra,Nashik,Nasik Apmc,Vegetables,Tomato,2025-06-17,241.6,Metric Tonnes,1050.0,Rs./Quintal
Maharashtra,Nashik,Nasik Apmc,Vegetables,Tomato,2025-06-18,172.8,Metric Tonnes,1050.0,Rs./Quintal
Maharashtra,Nashik,Nasik Apmc,Vegetables,Tomato,2025-06-19,149.6,Metric Tonnes,1100.0,Rs./Quintal
Maharashtra,Nashik,Nasik Apmc,Vegetables,Tomato,2025-06-20,147.0,Metric Tonnes,1000.0,Rs./Quintal
Maharashtra,Nashik,Nasik Apmc,Vegetables,Tomato,2025-06-21,173.2,Metric Tonnes,950.0,Rs./Quintal
Maharashtra,Nashik,Nasik Apmc,Vegetables,Tomato,2025-06-22,180.0,Metric Tonnes,750.0,Rs./Quintal
Maharashtra,Nashik,Nasik Apmc,Vegetables,Tomato,2025-06-23,164.1,Metric Tonnes,800.0,Rs./Quintal
Maharashtra,Nashik,Nasik Apmc,Vegetables,Tomato,2025-06-24,127.6,Metric Tonnes,1050.0,Rs./Quintal
Maharashtra,Nashik,Nasik Apmc,Vegetables,Tomato,2025-06-25,145.2,Metric Tonnes,1050.0,Rs./Quintal
Maharashtra,Nashik,Nasik Apmc,Vegetables,Tomato,2025-06-26,121.4,Metric Tonnes,1050.0,Rs./Quintal
Maharashtra,Nashik,Nasik Apmc,Vegetables,Tomato,2025-06-27,143.4,Metric Tonnes,1000.0,Rs./Quintal
Maharashtra,Nashik,Nasik Apmc,Vegetables,Tomato,2025-06-28,182.3,Metric Tonnes,1150.0,Rs./Quintal
Maharashtra,Nashik,Nasik Apmc,Vegetables,Tomato,2025-06-29,175.2,Metric Tonnes,1250.0,Rs./Quintal
Maharashtra,Nashik,Nasik Apmc,Vegetables,Tomato,2025-06-30,182.2,Metric Tonnes,1250.0,Rs./Quintal
Maharashtra,Nashik,Nasik Apmc,Vegetables,Tomato,2025-07-02,168.2,Metric Tonnes,1000.0,Rs./Quintal
Maharashtra,Nashik,Nasik Apmc,Vegetables,Tomato,2025-07-03,174.8,Metric Tonnes,1250.0,Rs./Quintal
Maharashtra,Nashik,Nasik Apmc,Vegetables,Tomato,2025-07-04,178.9,Metric Tonnes,1300.0,Rs./Quintal
Maharashtra,Nashik,Nasik Apmc,Vegetables,Tomato,2025-07-05,175.3,Metric Tonnes,1300.0,Rs./Quintal
Maharashtra,Nashik,Nasik Apmc,Vegetables,Tomato,2025-07-06,179.3,Metric Tonnes,1250.0,Rs./Quintal
Maharashtra,Nashik,Nasik Apmc,Vegetables,Tomato,2025-07-07,179.1,Metric Tonnes,1350.0,Rs./Quintal
Maharashtra,Nashik,Nasik Apmc,Vegetables,Tomato,2025-07-08,168.4,Metric Tonnes,1400.0,Rs./Quintal
Maharashtra,Nashik,Nasik Apmc,Vegetables,Tomato,2025-07-09,128.4,Metric Tonnes,3000.0,Rs./Quintal
Maharashtra,Nashik,Nasik Apmc,Vegetables,Tomato,2025-07-10,188.8,Metric Tonnes,1300.0,Rs./Quintal
Maharashtra,Nashik,Nasik Apmc,Vegetables,Tomato,2025-07-11,207.6,Metric Tonnes,1250.0,Rs./Quintal
Maharashtra,Nashik,Nasik Apmc,Vegetables,Tomato,2025-07-12,1072.7,Metric Tonnes,1250.0,Rs./Quintal
Maharashtra,Nashik,Nasik Apmc,Vegetables,Tomato,2025-07-13,234.5,Metric Tonnes,1100.0,Rs./Quintal
Maharashtra,Nashik,Nasik Apmc,Vegetables,Tomato,2025-07-14,238.6,Metric Tonnes,1050.0,Rs./Quintal
Maharashtra,Nashik,Nasik Apmc,Vegetables,Tomato,2025-07-15,185.6,Metric Tonnes,1300.0,Rs./Quintal
Maharashtra,Nashik,Nasik Apmc,Vegetables,Tomato,2025-07-16,209.3,Metric Tonnes,1250.0,Rs./Quintal
Maharashtra,Nashik,Nasik Apmc,Vegetables,Tomato,2025-07-17,224.0,Metric Tonnes,1300.0,Rs./Quintal
Maharashtra,Nashik,Nasik Apmc,Vegetables,Tomato,2025-07-18,135.3,Metric Tonnes,1300.0,Rs./Quintal
Maharashtra,Nashik,Nasik Apmc,Vegetables,Tomato,2025-07-19,175.6,Metric Tonnes,1400.0,Rs./Quintal
Maharashtra,Nashik,Nasik Apmc,Vegetables,Tomato,2025-07-20,175.9,Metric Tonnes,1500.0,Rs./Quintal
Maharashtra,Nashik,Nasik Apmc,Vegetables,Tomato,2025-07-21,170.8,Metric Tonnes,1500.0,Rs./Quintal
Maharashtra,Nashik,Nasik Apmc,Vegetables,Tomato,2025-07-22,139.8,Metric Tonnes,1600.0,Rs./Quintal
Maharashtra,Nashik,Nasik Apmc,Vegetables,Tomato,2025-07-24,160.0,Metric Tonnes,1600.0,Rs./Quintal
Maharashtra,Nashik,Nasik Apmc,Vegetables,Tomato,2025-07-26,154.8,Metric Tonnes,2150.0,Rs./Quintal
Maharashtra,Nashik,Nasik Apmc,Vegetables,Tomato,2025-07-27,145.4,Metric Tonnes,2750.0,Rs./Quintal
Maharashtra,Nashik,Nasik Apmc,Vegetables,Tomato,2025-07-28,156.4,Metric Tonnes,2650.0,Rs./Quintal
Maharashtra,Nashik,Nasik Apmc,Vegetables,Tomato,2025-07-29,143.8,Metric Tonnes,2750.0,Rs./Quintal
Maharashtra,Nashik,Nasik Apmc,Vegetables,Tomato,2025-07-30,147.5,Metric Tonnes,2850.0,Rs./Quintal
Maharashtra,Nashik,Nasik Apmc,Vegetables,Tomato,2025-07-31,172.7,Metric Tonnes,2250.0,Rs./Quintal
Maharashtra,Nashik,Nasik Apmc,Vegetables,Tomato,2025-08-01,187.5,Metric Tonnes,2250.0,Rs./Quintal
Maharashtra,Nashik,Nasik Apmc,Vegetables,Tomato,2025-08-02,155.4,Metric Tonnes,2150.0,Rs./Quintal
Maharashtra,Nashik,Nasik Apmc,Vegetables,Tomato,2025-08-03,169.6,Metric Tonnes,2250.0,Rs./Quintal
Maharashtra,Nashik,Nasik Apmc,Vegetables,Tomato,2025-08-04,126.4,Metric Tonnes,2500.0,Rs./Quintal
Maharashtra,Nashik,Nasik Apmc,Vegetables,Tomato,2025-08-05,155.3,Metric Tonnes,2550.0,Rs./Quintal
Maharashtra,Nashik,Nasik Apmc,Vegetables,Tomato,2025-08-06,130.6,Metric Tonnes,2250.0,Rs./Quintal
Maharashtra,Nashik,Nasik Apmc,Vegetables,Tomato,2025-08-07,130.4,Metric Tonnes,2500.0,Rs./Quintal
Maharashtra,Nashik,Nasik Apmc,Vegetables,Tomato,2025-08-08,155.4,Metric Tonnes,2300.0,Rs./Quintal
Maharashtra,Nashik,Nasik Apmc,Vegetables,Tomato,2025-08-09,162.2,Metric Tonnes,2550.0,Rs./Quintal
Maharashtra,Nashik,Nasik Apmc,Vegetables,Tomato,2025-08-10,192.4,Metric Tonnes,2575.0,Rs./Quintal
Maharashtra,Nashik,Nasik Apmc,Vegetables,Tomato,2025-08-11,223.5,Metric Tonnes,2300.0,Rs./Quintal
Maharashtra,Nashik,Nasik Apmc,Vegetables,Tomato,2025-08-12,178.6,Metric Tonnes,2350.0,Rs./Quintal
Maharashtra,Nashik,Nasik Apmc,Vegetables,Tomato,2025-08-13,162.5,Metric Tonnes,2500.0,Rs./Quintal
Maharashtra,Nashik,Nasik Apmc,Vegetables,Tomato,2025-08-15,148.2,Metric Tonnes,2250.0,Rs./Quintal
Maharashtra,Nashik,Nasik Apmc,Vegetables,Tomato,2025-08-16,130.5,Metric Tonnes,2500.0,Rs./Quintal
Maharashtra,Nashik,Nasik Apmc,Vegetables,Tomato,2025-08-17,167.0,Metric Tonnes,2725.0,Rs./Quintal
Maharashtra,Nashik,Nasik Apmc,Vegetables,Tomato,2025-08-18,151.1,Metric Tonnes,2750.0,Rs./Quintal
Maharashtra,Nashik,Nasik Apmc,Vegetables,Tomato,2025-08-20,155.0,Metric Tonnes,2500.0,Rs./Quintal
Maharashtra,Nashik,Nasik Apmc,Vegetables,Tomato,2025-08-22,209.1,Metric Tonnes,1250.0,Rs./Quintal
Maharashtra,Nashik,Nasik Apmc,Vegetables,Tomato,2025-08-23,155.2,Metric Tonnes,1500.0,Rs./Quintal
Maharashtra,Nashik,Nasik Apmc,Vegetables,Tomato,2025-08-24,224.3,Metric Tonnes,1400.0,Rs./Quintal
Maharashtra,Nashik,Nasik Apmc,Vegetables,Tomato,2025-08-25,224.1,Metric Tonnes,1250.0,Rs./Quintal
Maharashtra,Nashik,Nasik Apmc,Vegetables,Tomato,2025-08-27,186.8,Metric Tonnes,1100.0,Rs./Quintal
Maharashtra,Nashik,Nasik Apmc,Vegetables,Tomato,2025-08-28,185.6,Metric Tonnes,1300.0,Rs./Quintal
Maharashtra,Nashik,Nasik Apmc,Vegetables,Tomato,2025-08-29,194.9,Metric Tonnes,1350.0,Rs./Quintal
Maharashtra,Nashik,Nasik Apmc,Vegetables,Tomato,2025-08-30,176.7,Metric Tonnes,1400.0,Rs./Quintal
Maharashtra,Nashik,Nasik Apmc,Vegetables,Tomato,2025-08-31,215.6,Metric Tonnes,1550.0,Rs./Quintal
Maharashtra,Nashik,Nasik Apmc,Vegetables,Tomato,2025-09-01,220.5,Metric Tonnes,1400.0,Rs./Quintal
Maharashtra,Nashik,Nasik Apmc,Vegetables,Tomato,2025-09-02,193.6,Metric Tonnes,1250.0,Rs./Quintal
Maharashtra,Nashik,Nasik Apmc,Vegetables,Tomato,2025-09-03,224.4,Metric Tonnes,1000.0,Rs./Quintal
Maharashtra,Nashik,Nasik Apmc,Vegetables,Tomato,2025-09-04,233.2,Metric Tonnes,1000.0,Rs./Quintal
Maharashtra,Nashik,Nasik Apmc,Vegetables,Tomato,2025-09-05,197.2,Metric Tonnes,1000.0,Rs./Quintal
Maharashtra,Nashik,Nasik Apmc,Vegetables,Tomato,2025-09-06,179.5,Metric Tonnes,1000.0,Rs./Quintal
Maharashtra,Nashik,Nasik Apmc,Vegetables,Tomato,2025-09-07,213.1,Metric Tonnes,750.0,Rs./Quintal
Maharashtra,Nashik,Nasik Apmc,Vegetables,Tomato,2025-09-08,248.2,Metric Tonnes,1000.0,Rs./Quintal
Maharashtra,Nashik,Nasik Apmc,Vegetables,Tomato,2025-09-09,269.2,Metric Tonnes,1025.0,Rs./Quintal
Maharashtra,Nashik,Nasik Apmc,Vegetables,Tomato,2025-09-10,329.1,Metric Tonnes,625.0,Rs./Quintal
Maharashtra,Nashik,Nasik Apmc,Vegetables,Tomato,2025-09-11,497.8,Metric Tonnes,500.0,Rs./Quintal
Maharashtra,Nashik,Nasik Apmc,Vegetables,Tomato,2025-09-12,275.2,Metric Tonnes,550.0,Rs./Quintal
Maharashtra,Nashik,Nasik Apmc,Vegetables,Tomato,2025-09-13,230.0,Metric Tonnes,700.0,Rs./Quintal
Maharashtra,Nashik,Nasik Apmc,Vegetables,Tomato,2025-09-14,235.3,Metric Tonnes,875.0,Rs./Quintal
Maharashtra,Nashik,Nasik Apmc,Vegetables,Tomato,2025-09-15,269.2,Metric Tonnes,550.0,Rs./Quintal
Maharashtra,Nashik,Nasik Apmc,Vegetables,Tomato,2025-09-16,270.2,Metric Tonnes,500.0,Rs./Quintal
Maharashtra,Nashik,Nasik Apmc,Vegetables,Tomato,2025-09-17,321.8,Metric Tonnes,550.0,Rs./Quintal
Maharashtra,Nashik,Nasik Apmc,Vegetables,Tomato,2025-09-18,217.4,Metric Tonnes,500.0,Rs./Quintal
Maharashtra,Nashik,Nasik Apmc,Vegetables,Tomato,2025-09-19,256.2,Metric Tonnes,600.0,Rs./Quintal
Maharashtra,Nashik,Nasik Apmc,Vegetables,Tomato,2025-09-20,273.8,Metric Tonnes,700.0,Rs./Quintal
Maharashtra,Nashik,Nasik Apmc,Vegetables,Tomato,2025-09-21,295.2,Metric Tonnes,1000.0,Rs./Quintal
Maharashtra,Nashik,Nasik Apmc,Vegetables,Tomato,2025-09-23,320.4,Metric Tonnes,800.0,Rs./Quintal
Maharashtra,Nashik,Nasik Apmc,Vegetables,Tomato,2025-09-24,339.6,Metric Tonnes,850.0,Rs./Quintal
Maharashtra,Nashik,Nasik Apmc,Vegetables,Tomato,2025-09-25,335.0,Metric Tonnes,850.0,Rs./Quintal
Maharashtra,Nashik,Nasik Apmc,Vegetables,Tomato,2025-09-27,321.5,Metric Tonnes,1050.0,Rs./Quintal
Maharashtra,Nashik,Nasik Apmc,Vegetables,Tomato,2025-09-28,189.4,Metric Tonnes,1250.0,Rs./Quintal
Maharashtra,Nashik,Nasik Apmc,Vegetables,Tomato,2025-09-29,345.6,Metric Tonnes,1100.0,Rs./Quintal
Maharashtra,Nashik,Nasik Apmc,Vegetables,Tomato,2025-09-30,381.3,Metric Tonnes,800.0,Rs./Quintal
Maharashtra,Nashik,Nasik Apmc,Vegetables,Tomato,2025-10-02,371.0,Metric Tonnes,1275.0,Rs./Quintal
Maharashtra,Nashik,Nasik Apmc,Vegetables,Tomato,2025-10-03,374.6,Metric Tonnes,825.0,Rs./Quintal
Maharashtra,Nashik,Nasik Apmc,Vegetables,Tomato,2025-10-06,347.9,Metric Tonnes,1050.0,Rs./Quintal
Maharashtra,Nashik,Nasik Apmc,Vegetables,Tomato,2025-10-07,300.4,Metric Tonnes,1075.0,Rs./Quintal
Maharashtra,Nashik,Nasik Apmc,Vegetables,Tomato,2025-10-08,368.2,Metric Tonnes,550.0,Rs./Quintal
Maharashtra,Nashik,Nasik Apmc,Vegetables,Tomato,2025-10-11,300.8,Metric Tonnes,1000.0,Rs./Quintal
Maharashtra,Nashik,Nasik Apmc,Vegetables,Tomato,2025-10-12,370.6,Metric Tonnes,1025.0,Rs./Quintal
Maharashtra,Nashik,Nasik Apmc,Vegetables,Tomato,2025-10-13,415.2,Metric Tonnes,1005.0,Rs./Quintal
Maharashtra,Nashik,Nasik Apmc,Vegetables,Tomato,2025-10-14,195.4,Metric Tonnes,1125.0,Rs./Quintal
Maharashtra,Nashik,Nasik Apmc,Vegetables,Tomato,2025-10-15,205.6,Metric Tonnes,1125.0,Rs./Quintal
Maharashtra,Nashik,Nasik Apmc,Vegetables,Tomato,2025-10-16,207.6,Metric Tonnes,1000.0,Rs./Quintal
Maharashtra,Nashik,Nasik Apmc,Vegetables,Tomato,2025-10-23,292.6,Metric Tonnes,550.0,Rs./Quintal
Maharashtra,Nashik,Nasik Apmc,Vegetables,Tomato,2025-10-24,234.6,Metric Tonnes,500.0,Rs./Quintal
Maharashtra,Nashik,Nasik Apmc,Vegetables,Tomato,2025-10-25,305.7,Metric Tonnes,525.0,Rs./Quintal
Maharashtra,Nashik,Nasik Apmc,Vegetables,Tomato,2025-10-26,271.2,Metric Tonnes,500.0,Rs./Quintal
Maharashtra,Nashik,Nasik Apmc,Vegetables,Tomato,2025-10-27,271.8,Metric Tonnes,507.0,Rs./Quintal
Maharashtra,Nashik,Nasik Apmc,Vegetables,Tomato,2025-10-28,236.5,Metric Tonnes,450.0,Rs./Quintal
Maharashtra,Nashik,Nasik Apmc,Vegetables,Tomato,2025-10-29,216.3,Metric Tonnes,525.0,Rs./Quintal
Maharashtra,Nashik,Nasik Apmc,Vegetables,Tomato,2025-10-30,253.0,Metric Tonnes,700.0,Rs./Quintal
Maharashtra,Nashik,Nasik Apmc,Vegetables,Tomato,2025-10-31,257.7,Metric Tonnes,625.0,Rs./Quintal
Maharashtra,Nashik,Nasik Apmc,Vegetables,Tomato,2025-11-01,249.5,Metric Tonnes,650.0,Rs./Quintal
Maharashtra,Nashik,Nasik Apmc,Vegetables,Tomato,2025-11-02,276.1,Metric Tonnes,675.0,Rs./Quintal
Maharashtra,Nashik,Nasik Apmc,Vegetables,Tomato,2025-11-03,199.2,Metric Tonnes,825.0,Rs./Quintal
Maharashtra,Nashik,Nasik Apmc,Vegetables,Tomato,2025-11-05,217.8,Metric Tonnes,1300.0,Rs./Quintal
Maharashtra,Nashik,Nasik Apmc,Vegetables,Tomato,2025-11-06,202.4,Metric Tonnes,1050.0,Rs./Quintal
Maharashtra,Nashik,Nasik Apmc,Vegetables,Tomato,2025-11-07,185.0,Metric Tonnes,1100.0,Rs./Quintal
Maharashtra,Nashik,Nasik Apmc,Vegetables,Tomato,2025-11-17,110.8,Metric Tonnes,2000.0,Rs./Quintal
Maharashtra,Nashik,Nasik Apmc,Vegetables,Tomato,2025-11-18,119.8,Metric Tonnes,2250.0,Rs./Quintal
Maharashtra,Nashik,Nasik Apmc,Vegetables,Tomato,2025-11-20,99.3,Metric Tonnes,2250.0,Rs./Quintal
Maharashtra,Nashik,Nasik Apmc,Vegetables,Tomato,2025-11-21,87.8,Metric Tonnes,2375.0,Rs./Quintal
Maharashtra,Nashik,Nasik Apmc,Vegetables,Tomato,2025-11-23,89.2,Metric Tonnes,2555.0,Rs./Quintal
Maharashtra,Nashik,Nasik Apmc,Vegetables,Tomato,2025-11-24,86.8,Metric Tonnes,2500.0,Rs./Quintal
Maharashtra,Nashik,Nasik Apmc,Vegetables,Tomato,2025-11-26,83.1,Metric Tonnes,1750.0,Rs./Quintal
Maharashtra,Nashik,Nasik Apmc,Vegetables,Tomato,2025-11-27,24.4,Metric Tonnes,1250.0,Rs./Quintal
Maharashtra,Nashik,Nasik Apmc,Vegetables,Tomato,2025-11-28,84.8,Metric Tonnes,1200.0,Rs./Quintal
Maharashtra,Nashik,Nasik Apmc,Vegetables,Tomato,2025-11-30,77.8,Metric Tonnes,1375.0,Rs./Quintal
Maharashtra,Nashik,Nasik Apmc,Vegetables,Tomato,2025-12-01,68.6,Metric Tonnes,1500.0,Rs./Quintal
Maharashtra,Nashik,Nasik Apmc,Vegetables,Tomato,2025-12-02,67.0,Metric Tonnes,1375.0,Rs./Quintal
Maharashtra,Nashik,Nasik Apmc,Vegetables,Tomato,2025-12-03,71.9,Metric Tonnes,1505.0,Rs./Quintal
Maharashtra,Nashik,Nasik Apmc,Vegetables,Tomato,2025-12-04,68.9,Metric Tonnes,1500.0,Rs./Quintal
Maharashtra,Nashik,Nasik Apmc,Vegetables,Tomato,2025-12-05,66.7,Metric Tonnes,1375.0,Rs./Quintal
Maharashtra,Nashik,Nasik Apmc,Vegetables,Tomato,2025-12-07,59.9,Metric Tonnes,1400.0,Rs./Quintal
Maharashtra,Nashik,Nasik Apmc,Vegetables,Tomato,2025-12-08,60.4,Metric Tonnes,1250.0,Rs./Quintal
Maharashtra,Nashik,Nasik Apmc,Vegetables,Tomato,2025-12-09,48.2,Metric Tonnes,1375.0,Rs./Quintal
Maharashtra,Nashik,Nasik Apmc,Vegetables,Tomato,2025-12-10,50.0,Metric Tonnes,1250.0,Rs./Quintal
Maharashtra,Nashik,Nasik Apmc,Vegetables,Tomato,2025-12-11,42.9,Metric Tonnes,1450.0,Rs./Quintal
Maharashtra,Nashik,Nasik Apmc,Vegetables,Tomato,2025-12-13,44.2,Metric Tonnes,1450.0,Rs./Quintal
Maharashtra,Nashik,Nasik Apmc,Vegetables,Tomato,2025-12-14,44.1,Metric Tonnes,1750.0,Rs./Quintal
Maharashtra,Nashik,Nasik Apmc,Vegetables,Tomato,2025-12-15,32.1,Metric Tonnes,1875.0,Rs./Quintal
Maharashtra,Nashik,Nasik Apmc,Vegetables,Tomato,2025-12-16,47.7,Metric Tonnes,2000.0,Rs./Quintal
Maharashtra,Nashik,Nasik Apmc,Vegetables,Tomato,2025-12-17,45.5,Metric Tonnes,1875.0,Rs./Quintal
Maharashtra,Nashik,Nasik Apmc,Vegetables,Tomato,2025-12-18,57.2,Metric Tonnes,1950.0,Rs./Quintal
Maharashtra,Nashik,Nasik Apmc,Vegetables,Tomato,2025-12-19,45.5,Metric Tonnes,1650.0,Rs./Quintal
Maharashtra,Nashik,Nasik Apmc,Vegetables,Tomato,2025-12-21,45.4,Metric Tonnes,1700.0,Rs./Quintal
Maharashtra,Nashik,Nasik Apmc,Vegetables,Tomato,2025-12-22,46.5,Metric Tonnes,2150.0,Rs./Quintal
Maharashtra,Nashik,Nasik Apmc,Vegetables,Tomato,2025-12-23,73.7,Metric Tonnes,2500.0,Rs./Quintal
Maharashtra,Nashik,Nasik Apmc,Vegetables,Tomato,2025-12-24,69.3,Metric Tonnes,2250.0,Rs./Quintal
Maharashtra,Nashik,Nasik Apmc,Vegetables,Tomato,2025-12-29,54.8,Metric Tonnes,2575.0,Rs./Quintal
Maharashtra,Nashik,Nasik Apmc,Vegetables,Tomato,2025-12-30,67.5,Metric Tonnes,2125.0,Rs./Quintal
Maharashtra,Nashik,Nasik Apmc,Vegetables,Tomato,2025-12-31,65.4,Metric Tonnes,2125.0,Rs./Quintal
Maharashtra,Nashik,Nasik Apmc,Vegetables,Tomato,2026-01-01,273.8,Metric Tonnes,1800.0,Rs./Quintal
Maharashtra,Nashik,Nasik Apmc,Vegetables,Tomato,2026-01-02,64.6,Metric Tonnes,1875.0,Rs./Quintal
Maharashtra,Nashik,Nasik Apmc,Vegetables,Tomato,2026-01-03,197.9,Metric Tonnes,1535.0,Rs./Quintal
Maharashtra,Nashik,Nasik Apmc,Vegetables,Tomato,2026-01-04,59.2,Metric Tonnes,2055.0,Rs./Quintal
Maharashtra,Nashik,Nasik Apmc,Vegetables,Tomato,2026-01-05,63.1,Metric Tonnes,2000.0,Rs./Quintal
Maharashtra,Nashik,Nasik Apmc,Vegetables,Tomato,2026-01-06,81.3,Metric Tonnes,1750.0,Rs./Quintal
Maharashtra,Nashik,Nasik Apmc,Vegetables,Tomato,2026-01-07,71.5,Metric Tonnes,1500.0,Rs./Quintal
Maharashtra,Nashik,Nasik Apmc,Vegetables,Tomato,2026-01-08,84.1,Metric Tonnes,1500.0,Rs./Quintal
Maharashtra,Nashik,Nasik Apmc,Vegetables,Tomato,2026-01-09,63.3,Metric Tonnes,1300.0,Rs./Quintal
Maharashtra,Nashik,Nasik Apmc,Vegetables,Tomato,2026-01-10,126.7,Metric Tonnes,1205.0,Rs./Quintal
Maharashtra,Nashik,Nasik Apmc,Vegetables,Tomato,2026-01-11,70.4,Metric Tonnes,1300.0,Rs./Quintal
Maharashtra,Nashik,Nasik Apmc,Vegetables,Tomato,2026-01-12,74.7,Metric Tonnes,1600.0,Rs./Quintal
Maharashtra,Nashik,Nasik Apmc,Vegetables,Tomato,2026-01-13,68.9,Metric Tonnes,1500.0,Rs./Quintal
Maharashtra,Nashik,Nasik Apmc,Vegetables,Tomato,2026-01-14,160.3,Metric Tonnes,920.0,Rs./Quintal
Maharashtra,Nashik,Nasik Apmc,Vegetables,Tomato,2026-01-15,55.3,Metric Tonnes,1375.0,Rs./Quintal
Maharashtra,Nashik,Nasik Apmc,Vegetables,Tomato,2026-01-16,54.1,Metric Tonnes,1500.0,Rs./Quintal
Maharashtra,Nashik,Nasik Apmc,Vegetables,Tomato,2026-01-17,191.6,Metric Tonnes,570.0,Rs./Quintal
Maharashtra,Nashik,Nasik Apmc,Vegetables,Tomato,2026-01-18,82.4,Metric Tonnes,1375.0,Rs./Quintal
Maharashtra,Nashik,Nasik Apmc,Vegetables,Tomato,2026-01-19,221.2,Metric Tonnes,655.0,Rs./Quintal
Maharashtra,Nashik,Nasik Apmc,Vegetables,Tomato,2026-01-20,331.6,Metric Tonnes,680.0,Rs./Quintal
Maharashtra,Nashik,Nasik Apmc,Vegetables,Tomato,2026-01-21,75.2,Metric Tonnes,1550.0,Rs./Quintal
Maharashtra,Nashik,Nasik Apmc,Vegetables,Tomato,2026-01-22,92.1,Metric Tonnes,1250.0,Rs./Quintal
Maharashtra,Nashik,Nasik Apmc,Vegetables,Tomato,2026-01-23,89.0,Metric Tonnes,1300.0,Rs./Quintal
Maharashtra,Nashik,Nasik Apmc,Vegetables,Tomato,2026-01-24,188.1,Metric Tonnes,355.0,Rs./Quintal
Maharashtra,Nashik,Nasik Apmc,Vegetables,Tomato,2026-01-25,87.8,Metric Tonnes,1250.0,Rs./Quintal
Maharashtra,Nashik,Nasik Apmc,Vegetables,Tomato,2026-01-26,76.7,Metric Tonnes,1125.0,Rs./Quintal
Maharashtra,Nashik,Nasik Apmc,Vegetables,Tomato,2026-01-27,91.5,Metric Tonnes,750.0,Rs./Quintal
Maharashtra,Nashik,Nasik Apmc,Vegetables,Tomato,2026-01-28,86.4,Metric Tonnes,1075.0,Rs./Quintal
Maharashtra,Nashik,Nasik Apmc,Vegetables,Tomato,2026-01-29,118.9,Metric Tonnes,350.0,Rs./Quintal
Maharashtra,Nashik,Nasik Apmc,Vegetables,Tomato,2026-01-30,104.3,Metric Tonnes,1100.0,Rs./Quintal
Maharashtra,Nashik,Nasik Apmc,Vegetables,Tomato,2026-01-31,138.5,Metric Tonnes,245.0,Rs./Quintal
Maharashtra,Nashik,Nasik Apmc,Vegetables,Tomato,2026-02-01,101.4,Metric Tonnes,750.0,Rs./Quintal
Maharashtra,Nashik,Nasik Apmc,Vegetables,Tomato,2026-02-02,102.6,Metric Tonnes,675.0,Rs./Quintal
Maharashtra,Nashik,Nasik Apmc,Vegetables,Tomato,2026-02-03,96.3,Metric Tonnes,800.0,Rs./Quintal
Maharashtra,Nashik,Nasik Apmc,Vegetables,Tomato,2026-02-04,105.5,Metric Tonnes,650.0,Rs./Quintal
Maharashtra,Nashik,Nasik Apmc,Vegetables,Tomato,2026-02-05,109.2,Metric Tonnes,650.0,Rs./Quintal
Maharashtra,Nashik,Nasik Apmc,Vegetables,Tomato,2026-02-06,115.7,Metric Tonnes,700.0,Rs./Quintal
Maharashtra,Nashik,Nasik Apmc,Vegetables,Tomato,2026-02-07,337.5,Metric Tonnes,345.0,Rs./Quintal
Maharashtra,Nashik,Nasik Apmc,Vegetables,Tomato,2026-02-08,196.5,Metric Tonnes,285.0,Rs./Quintal
Maharashtra,Nashik,Nasik Apmc,Vegetables,Tomato,2026-02-09,111.4,Metric Tonnes,800.0,Rs./Quintal
Maharashtra,Nashik,Nasik Apmc,Vegetables,Tomato,2026-02-10,94.3,Metric Tonnes,650.0,Rs./Quintal
Maharashtra,Nashik,Nasik Apmc,Vegetables,Tomato,2026-02-11,84.0,Metric Tonnes,625.0,Rs./Quintal
Maharashtra,Nashik,Nasik Apmc,Vegetables,Tomato,2026-02-12,97.8,Metric Tonnes,625.0,Rs./Quintal
Maharashtra,Nashik,Nasik Apmc,Vegetables,Tomato,2026-02-13,112.0,Metric Tonnes,650.0,Rs./Quintal
Maharashtra,Nashik,Nasik Apmc,Vegetables,Tomato,2026-02-14,297.2,Metric Tonnes,475.0,Rs./Quintal
Maharashtra,Nashik,Nasik Apmc,Vegetables,Tomato,2026-02-15,101.5,Metric Tonnes,650.0,Rs./Quintal
Maharashtra,Nashik,Nasik Apmc,Vegetables,Tomato,2026-02-16,98.2,Metric Tonnes,700.0,Rs./Quintal
Maharashtra,Nashik,Nasik Apmc,Vegetables,Tomato,2026-02-17,248.1,Metric Tonnes,460.0,Rs./Quintal
Maharashtra,Nashik,Nasik Apmc,Vegetables,Tomato,2026-02-18,184.4,Metric Tonnes,325.0,Rs./Quintal
Maharashtra,Nashik,Nasik Apmc,Vegetables,Tomato,2026-02-19,100.2,Metric Tonnes,700.0,Rs./Quintal
Maharashtra,Nashik,Nasik Apmc,Vegetables,Tomato,2026-02-20,87.3,Metric Tonnes,675.0,Rs./Quintal
Maharashtra,Nashik,Nasik Apmc,Vegetables,Tomato,2026-02-21,195.5,Metric Tonnes,560.0,Rs./Quintal
Maharashtra,Nashik,Nasik Apmc,Vegetables,Tomato,2026-02-22,114.7,Metric Tonnes,750.0,Rs./Quintal
Maharashtra,Nashik,Nasik Apmc,Vegetables,Tomato,2026-02-23,127.5,Metric Tonnes,700.0,Rs./Quintal
Maharashtra,Nashik,Nasik Apmc,Vegetables,Tomato,2026-02-24,122.0,Metric Tonnes,675.0,Rs./Quintal
Maharashtra,Nashik,Nasik Apmc,Vegetables,Tomato,2026-02-25,316.8,Metric Tonnes,420.0,Rs./Quintal
Maharashtra,Nashik,Nasik Apmc,Vegetables,Tomato,2026-02-26,134.7,Metric Tonnes,725.0,Rs./Quintal
Maharashtra,Nashik,Nasik Apmc,Vegetables,Tomato,2026-02-27,113.4,Metric Tonnes,750.0,Rs./Quintal
Maharashtra,Nashik,Nasik Apmc,Vegetables,Tomato,2026-02-28,219.7,Metric Tonnes,245.0,Rs./Quintal
Maharashtra,Nashik,Nasik Apmc,Vegetables,Tomato,2026-03-01,106.2,Metric Tonnes,800.0,Rs./Quintal
Maharashtra,Nashik,Nasik Apmc,Vegetables,Tomato,2026-03-02,199.7,Metric Tonnes,360.0,Rs./Quintal
Maharashtra,Nashik,Nasik Apmc,Vegetables,Tomato,2026-03-03,110.6,Metric Tonnes,750.0,Rs./Quintal
Maharashtra,Nashik,Nasik Apmc,Vegetables,Tomato,2026-03-04,109.4,Metric Tonnes,700.0,Rs./Quintal
Maharashtra,Nashik,Nasik Apmc,Vegetables,Tomato,2026-03-05,114.3,Metric Tonnes,800.0,Rs./Quintal
Maharashtra,Nashik,Nasik Apmc,Vegetables,Tomato,2026-03-06,123.2,Metric Tonnes,650.0,Rs./Quintal
Maharashtra,Nashik,Nasik Apmc,Vegetables,Tomato,2026-03-07,101.5,Metric Tonnes,465.0,Rs./Quintal
Maharashtra,Nashik,Nasik Apmc,Vegetables,Tomato,2026-03-08,108.1,Metric Tonnes,875.0,Rs./Quintal
Maharashtra,Nashik,Nasik Apmc,Vegetables,Tomato,2026-03-09,113.2,Metric Tonnes,875.0,Rs./Quintal
Maharashtra,Nashik,Nasik Apmc,Vegetables,Tomato,2026-03-10,135.6,Metric Tonnes,925.0,Rs./Quintal
Maharashtra,Nashik,Nasik Apmc,Vegetables,Tomato,2026-03-11,116.0,Metric Tonnes,950.0,Rs./Quintal
Maharashtra,Nashik,Nasik Apmc,Vegetables,Tomato,2026-03-12,160.0,Metric Tonnes,850.0,Rs./Quintal
Maharashtra,Nashik,Nasik Apmc,Vegetables,Tomato,2026-03-13,136.6,Metric Tonnes,900.0,Rs./Quintal
Maharashtra,Nashik,Nasik Apmc,Vegetables,Tomato,2026-03-14,173.8,Metric Tonnes,360.0,Rs./Quintal
Maharashtra,Nashik,Nasik Apmc,Vegetables,Tomato,2026-03-15,144.0,Metric Tonnes,900.0,Rs./Quintal
Maharashtra,Nashik,Nasik Apmc,Vegetables,Tomato,2026-03-16,180.2,Metric Tonnes,875.0,Rs./Quintal
Maharashtra,Nashik,Nasik Apmc,Vegetables,Tomato,2026-03-17,165.2,Metric Tonnes,800.0,Rs./Quintal
Maharashtra,Nashik,Nasik Apmc,Vegetables,Tomato,2026-03-18,260.4,Metric Tonnes,470.0,Rs./Quintal
Maharashtra,Nashik,Nasik Apmc,Vegetables,Tomato,2026-03-19,137.6,Metric Tonnes,650.0,Rs./Quintal
Maharashtra,Nashik,Nasik Apmc,Vegetables,Tomato,2026-03-20,153.6,Metric Tonnes,500.0,Rs./Quintal
Maharashtra,Nashik,Nasik Apmc,Vegetables,Tomato,2026-03-21,306.3,Metric Tonnes,730.0,Rs./Quintal
Maharashtra,Nashik,Nasik Apmc,Vegetables,Tomato,2026-03-22,199.3,Metric Tonnes,500.0,Rs./Quintal
Maharashtra,Nashik,Nasik Apmc,Vegetables,Tomato,2026-03-23,175.2,Metric Tonnes,550.0,Rs./Quintal
Maharashtra,Nashik,Nasik Apmc,Vegetables,Tomato,2026-03-24,227.7,Metric Tonnes,800.0,Rs./Quintal
Maharashtra,Nashik,Nasik Apmc,Vegetables,Tomato,2026-03-25,182.6,Metric Tonnes,755.0,Rs./Quintal
Maharashtra,Nashik,Nasik Apmc,Vegetables,Tomato,2026-03-26,190.4,Metric Tonnes,500.0,Rs./Quintal
Maharashtra,Nashik,Nasik Apmc,Vegetables,Tomato,2026-03-27,206.0,Metric Tonnes,500.0,Rs./Quintal
Maharashtra,Nashik,Nasik Apmc,Vegetables,Tomato,2026-03-28,168.7,Metric Tonnes,825.0,Rs./Quintal
Maharashtra,Nashik,Nasik Apmc,Vegetables,Tomato,2026-03-29,190.5,Metric Tonnes,500.0,Rs./Quintal
Maharashtra,Nashik,Nasik Apmc,Vegetables,Tomato,2026-03-30,170.1,Metric Tonnes,575.0,Rs./Quintal
Maharashtra,Nashik,Nasik Apmc,Vegetables,Tomato,2026-03-31,155.8,Metric Tonnes,500.0,Rs./Quintal
Maharashtra,Nashik,Nasik Apmc,Vegetables,Tomato,2026-04-01,173.0,Metric Tonnes,550.0,Rs./Quintal
Maharashtra,Nashik,Nasik Apmc,Vegetables,Tomato,2026-04-02,367.6,Metric Tonnes,800.0,Rs./Quintal
Maharashtra,Nashik,Nasik Apmc,Vegetables,Tomato,2026-04-03,173.8,Metric Tonnes,500.0,Rs./Quintal
Maharashtra,Nashik,Nasik Apmc,Vegetables,Tomato,2026-04-04,238.3,Metric Tonnes,630.0,Rs./Quintal
Maharashtra,Nashik,Nasik Apmc,Vegetables,Tomato,2026-04-05,190.4,Metric Tonnes,550.0,Rs./Quintal
Maharashtra,Nashik,Nasik Apmc,Vegetables,Tomato,2026-04-06,227.8,Metric Tonnes,500.0,Rs./Quintal
Maharashtra,Nashik,Nasik Apmc,Vegetables,Tomato,2026-04-07,180.7,Metric Tonnes,550.0,Rs./Quintal
Maharashtra,Nashik,Nasik Apmc,Vegetables,Tomato,2026-04-08,171.5,Metric Tonnes,600.0,Rs./Quintal
Maharashtra,Nashik,Nasik Apmc,Vegetables,Tomato,2026-04-09,330.9,Metric Tonnes,415.0,Rs./Quintal
Maharashtra,Nashik,Nasik Apmc,Vegetables,Tomato,2026-04-10,156.1,Metric Tonnes,550.0,Rs./Quintal
Maharashtra,Nashik,Nasik Apmc,Vegetables,Tomato,2026-04-11,233.2,Metric Tonnes,405.0,Rs./Quintal
Maharashtra,Nashik,Nasik Apmc,Vegetables,Tomato,2026-04-12,151.2,Metric Tonnes,650.0,Rs./Quintal
Maharashtra,Nashik,Nasik Apmc,Vegetables,Tomato,2026-04-13,149.4,Metric Tonnes,900.0,Rs./Quintal
Maharashtra,Nashik,Nasik Apmc,Vegetables,Tomato,2026-04-14,141.1,Metric Tonnes,1100.0,Rs./Quintal
Maharashtra,Nashik,Nasik Apmc,Vegetables,Tomato,2026-04-15,133.0,Metric Tonnes,1100.0,Rs./Quintal
Maharashtra,Nashik,Nasik Apmc,Vegetables,Tomato,2026-04-16,160.7,Metric Tonnes,1000.0,Rs./Quintal
Maharashtra,Nashik,Nasik Apmc,Vegetables,Tomato,2026-04-17,149.7,Metric Tonnes,1050.0,Rs./Quintal
Maharashtra,Nashik,Nasik Apmc,Vegetables,Tomato,2026-04-18,215.7,Metric Tonnes,670.0,Rs./Quintal
Maharashtra,Nashik,Nasik Apmc,Vegetables,Tomato,2026-04-19,311.0,Metric Tonnes,660.0,Rs./Quintal
Maharashtra,Nashik,Nasik Apmc,Vegetables,Tomato,2026-04-20,146.6,Metric Tonnes,1350.0,Rs./Quintal
Maharashtra,Nashik,Nasik Apmc,Vegetables,Tomato,2026-04-21,119.6,Metric Tonnes,1250.0,Rs./Quintal
Maharashtra,Nashik,Nasik Apmc,Vegetables,Tomato,2026-04-22,168.9,Metric Tonnes,650.0,Rs./Quintal
Maharashtra,Nashik,Nasik Apmc,Vegetables,Tomato,2026-04-23,150.8,Metric Tonnes,905.0,Rs./Quintal
Maharashtra,Nashik,Nasik Apmc,Vegetables,Tomato,2026-04-24,167.3,Metric Tonnes,750.0,Rs./Quintal
Maharashtra,Nashik,Nasik Apmc,Vegetables,Tomato,2026-04-25,143.2,Metric Tonnes,600.0,Rs./Quintal
Maharashtra,Nashik,Nasik Apmc,Vegetables,Tomato,2026-04-26,150.0,Metric Tonnes,800.0,Rs./Quintal
Maharashtra,Nashik,Nasik Apmc,Vegetables,Tomato,2026-04-27,197.0,Metric Tonnes,1050.0,Rs./Quintal
Maharashtra,Nashik,Nasik Apmc,Vegetables,Tomato,2026-04-28,125.6,Metric Tonnes,1275.0,Rs./Quintal
Maharashtra,Nashik,Nasik Apmc,Vegetables,Tomato,2026-04-29,169.0,Metric Tonnes,1150.0,Rs./Quintal
Maharashtra,Nashik,Nasik Apmc,Vegetables,Tomato,2026-04-30,186.1,Metric Tonnes,1255.0,Rs./Quintal
Maharashtra,Nashik,Nasik Apmc,Vegetables,Tomato,2026-05-01,165.8,Metric Tonnes,1100.0,Rs./Quintal
Maharashtra,Nashik,Nasik Apmc,Vegetables,Tomato,2026-05-02,193.8,Metric Tonnes,850.0,Rs./Quintal
Maharashtra,Nashik,Nasik Apmc,Vegetables,Tomato,2026-05-03,194.2,Metric Tonnes,1030.0,Rs./Quintal
Maharashtra,Nashik,Nasik Apmc,Vegetables,Tomato,2026-05-04,173.4,Metric Tonnes,1050.0,Rs./Quintal
Maharashtra,Nashik,Nasik Apmc,Vegetables,Tomato,2026-05-05,195.8,Metric Tonnes,900.0,Rs./Quintal
Maharashtra,Nashik,Nasik Apmc,Vegetables,Tomato,2026-05-06,123.9,Metric Tonnes,1330.0,Rs./Quintal
Maharashtra,Nashik,Nasik Apmc,Vegetables,Tomato,2026-05-07,207.3,Metric Tonnes,950.0,Rs./Quintal
Maharashtra,Nashik,Nasik Apmc,Vegetables,Tomato,2026-05-08,92.6,Metric Tonnes,1505.0,Rs./Quintal
Maharashtra,Nashik,Nasik Apmc,Vegetables,Tomato,2026-05-09,90.0,Metric Tonnes,1515.0,Rs./Quintal
Maharashtra,Nashik,Nasik Apmc,Vegetables,Tomato,2026-05-10,166.4,Metric Tonnes,1050.0,Rs./Quintal
Maharashtra,Nashik,Nasik Apmc,Vegetables,Tomato,2026-05-11,162.8,Metric Tonnes,1150.0,Rs./Quintal
Maharashtra,Nashik,Nasik Apmc,Vegetables,Tomato,2026-05-12,214.4,Metric Tonnes,1300.0,Rs./Quintal
Maharashtra,Nashik,Nasik Apmc,Vegetables,Tomato,2026-05-13,172.2,Metric Tonnes,1300.0,Rs./Quintal
Maharashtra,Nashik,Nasik Apmc,Vegetables,Tomato,2026-05-14,164.8,Metric Tonnes,1400.0,Rs./Quintal
Maharashtra,Nashik,Nasik Apmc,Vegetables,Tomato,2026-05-15,171.6,Metric Tonnes,1500.0,Rs./Quintal
Maharashtra,Nashik,Nasik Apmc,Vegetables,Tomato,2026-05-16,171.2,Metric Tonnes,840.0,Rs./Quintal
Maharashtra,Nashik,Nasik Apmc,Vegetables,Tomato,2026-05-17,173.1,Metric Tonnes,1250.0,Rs./Quintal
Maharashtra,Nashik,Nasik Apmc,Vegetables,Tomato,2026-05-18,194.6,Metric Tonnes,1300.0,Rs./Quintal
Maharashtra,Nashik,Nasik Apmc,Vegetables,Tomato,2026-05-19,208.9,Metric Tonnes,1200.0,Rs./Quintal
Maharashtra,Nashik,Nasik Apmc,Vegetables,Tomato,2026-05-20,169.7,Metric Tonnes,1150.0,Rs./Quintal
Maharashtra,Nashik,Nasik Apmc,Vegetables,Tomato,2026-05-21,170.4,Metric Tonnes,1250.0,Rs./Quintal
Maharashtra,Nashik,Nasik Apmc,Vegetables,Tomato,2026-05-22,196.6,Metric Tonnes,1150.0,Rs./Quintal
Maharashtra,Nashik,Nasik Apmc,Vegetables,Tomato,2026-05-23,251.9,Metric Tonnes,515.0,Rs./Quintal
Maharashtra,Nashik,Nasik Apmc,Vegetables,Tomato,2026-05-24,172.5,Metric Tonnes,1200.0,Rs./Quintal
Maharashtra,Nashik,Nasik Apmc,Vegetables,Tomato,2026-05-25,279.9,Metric Tonnes,530.0,Rs./Quintal
Maharashtra,Nashik,Nasik Apmc,Vegetables,Tomato,2026-05-26,223.5,Metric Tonnes,635.0,Rs./Quintal
Maharashtra,Nashik,Nasik Apmc,Vegetables,Tomato,2026-05-27,190.6,Metric Tonnes,515.0,Rs./Quintal
Maharashtra,Nashik,Nasik Apmc,Vegetables,Tomato,2026-05-28,158.3,Metric Tonnes,1500.0,Rs./Quintal
Maharashtra,Nashik,Nasik Apmc,Vegetables,Tomato,2026-05-29,163.3,Metric Tonnes,1600.0,Rs./Quintal
Maharashtra,Nashik,Nasik Apmc,Vegetables,Tomato,2026-05-30,174.7,Metric Tonnes,575.0,Rs./Quintal
Maharashtra,Nashik,Nasik Apmc,Vegetables,Tomato,2026-05-31,178.0,Metric Tonnes,1850.0,Rs./Quintal
Maharashtra,Nashik,Nasik Apmc,Vegetables,Tomato,2026-06-01,192.5,Metric Tonnes,1625.0,Rs./Quintal
Maharashtra,Nashik,Nasik Apmc,Vegetables,Tomato,2026-06-02,154.7,Metric Tonnes,1575.0,Rs./Quintal
Maharashtra,Nashik,Nasik Apmc,Vegetables,Tomato,2026-06-03,134.0,Metric Tonnes,2000.0,Rs./Quintal
Maharashtra,Nashik,Nasik Apmc,Vegetables,Tomato,2026-06-04,163.6,Metric Tonnes,1600.0,Rs./Quintal
Maharashtra,Nashik,Nasik Apmc,Vegetables,Tomato,2026-06-05,151.2,Metric Tonnes,1550.0,Rs./Quintal
Maharashtra,Nashik,Nasik Apmc,Vegetables,Tomato,2026-06-06,184.9,Metric Tonnes,350.0,Rs./Quintal
Maharashtra,Nashik,Nasik Apmc,Vegetables,Tomato,2026-06-07,129.2,Metric Tonnes,1700.0,Rs./Quintal
Maharashtra,Nashik,Nasik Apmc,Vegetables,Tomato,2026-06-08,134.8,Metric Tonnes,1875.0,Rs./Quintal
Maharashtra,Nashik,Nasik Apmc,Vegetables,Tomato,2026-06-09,151.0,Metric Tonnes,1950.0,Rs./Quintal
Maharashtra,Nashik,Nasik Apmc,Vegetables,Tomato,2026-06-10,145.0,Metric Tonnes,2050.0,Rs./Quintal
Maharashtra,Nashik,Nasik Apmc,Vegetables,Tomato,2026-06-11,148.3,Metric Tonnes,2125.0,Rs./Quintal
Maharashtra,Nashik,Nasik Apmc,Vegetables,Tomato,2026-06-12,160.2,Metric Tonnes,1975.0,Rs./Quintal
Maharashtra,Nashik,Nasik Apmc,Vegetables,Tomato,2026-06-13,233.1,Metric Tonnes,640.0,Rs./Quintal
Maharashtra,Nashik,Nasik Apmc,Vegetables,Tomato,2026-06-14,158.2,Metric Tonnes,1850.0,Rs./Quintal
Maharashtra,Nashik,Nasik Apmc,Vegetables,Tomato,2026-06-15,142.6,Metric Tonnes,1975.0,Rs./Quintal
Maharashtra,Nashik,Nasik Apmc,Vegetables,Tomato,2026-06-16,135.5,Metric Tonnes,1875.0,Rs./Quintal
Maharashtra,Nashik,Nasik Apmc,Vegetables,Tomato,2026-06-17,128.9,Metric Tonnes,2150.0,Rs./Quintal
Maharashtra,Nashik,Nasik Apmc,Vegetables,Tomato,2026-06-18,127.0,Metric Tonnes,1900.0,Rs./Quintal
Maharashtra,Nashik,Nasik Apmc,Vegetables,Tomato,2026-06-19,92.0,Metric Tonnes,2000.0,Rs./Quintal
Maharashtra,Nashik,Nasik Apmc,Vegetables,Tomato,2026-06-20,294.8,Metric Tonnes,820.0,Rs./Quintal
Maharashtra,Nashik,Nasik Apmc,Vegetables,Tomato,2026-06-21,108.8,Metric Tonnes,1925.0,Rs./Quintal
Maharashtra,Nashik,Nasik Apmc,Vegetables,Tomato,2026-06-22,105.4,Metric Tonnes,2000.0,Rs./Quintal
Maharashtra,Nashik,Nasik Apmc,Vegetables,Tomato,2026-06-23,98.8,Metric Tonnes,1950.0,Rs./Quintal
Maharashtra,Nashik,Nasik Apmc,Vegetables,Tomato,2026-06-24,88.5,Metric Tonnes,1875.0,Rs./Quintal
Maharashtra,Nashik,Nasik Apmc,Vegetables,Tomato,2026-06-25,111.8,Metric Tonnes,1550.0,Rs./Quintal
Maharashtra,Nashik,Nasik Apmc,Vegetables,Tomato,2026-06-26,101.7,Metric Tonnes,1125.0,Rs./Quintal
Maharashtra,Nashik,Nasik Apmc,Vegetables,Tomato,2026-06-27,339.7,Metric Tonnes,1065.0,Rs./Quintal
Maharashtra,Nashik,Nasik Apmc,Vegetables,Tomato,2026-06-28,115.2,Metric Tonnes,1250.0,Rs./Quintal
Maharashtra,Nashik,Nasik Apmc,Vegetables,Tomato,2026-06-29,116.6,Metric Tonnes,1150.0,Rs./Quintal
Maharashtra,Nashik,Nasik Apmc,Vegetables,Tomato,2026-06-30,87.3,Metric Tonnes,1250.0,Rs./Quintal
Maharashtra,Nashik,Nasik Apmc,Vegetables,Tomato,2026-07-01,99.2,Metric Tonnes,1200.0,Rs./Quintal
Maharashtra,Nashik,Nasik Apmc,Vegetables,Tomato,2026-07-02,86.1,Metric Tonnes,1250.0,Rs./Quintal
Maharashtra,Nashik,Nasik Apmc,Vegetables,Tomato,2026-07-03,74.0,Metric Tonnes,1375.0,Rs./Quintal
Maharashtra,Nashik,Nasik Apmc,Vegetables,Tomato,2026-07-04,232.3,Metric Tonnes,920.0,Rs./Quintal
Maharashtra,Nashik,Nasik Apmc,Vegetables,Tomato,2026-07-05,92.2,Metric Tonnes,1250.0,Rs./Quintal
Maharashtra,Nashik,Nasik Apmc,Vegetables,Tomato,2026-07-06,98.0,Metric Tonnes,1500.0,Rs./Quintal
Maharashtra,Nashik,Nasik Apmc,Vegetables,Tomato,2026-07-07,47.6,Metric Tonnes,1250.0,Rs./Quintal
Maharashtra,Nashik,Nasik Apmc,Vegetables,Tomato,2026-07-08,53.0,Metric Tonnes,1550.0,Rs./Quintal
Maharashtra,Nashik,Nasik Apmc,Vegetables,Tomato,2026-07-09,63.5,Metric Tonnes,1350.0,Rs./Quintal
Maharashtra,Nashik,Nasik Apmc,Vegetables,Tomato,2026-07-10,102.5,Metric Tonnes,1375.0,Rs./Quintal
Maharashtra,Nashik,Nasik Apmc,Vegetables,Tomato,2026-07-11,164.6,Metric Tonnes,1345.0,Rs./Quintal
Maharashtra,Nashik,Nasik Apmc,Vegetables,Tomato,2026-07-12,204.0,Metric Tonnes,1305.0,Rs./Quintal
Maharashtra,Nashik,Nasik Apmc,Vegetables,Tomato,2026-07-13,110.1,Metric Tonnes,1350.0,Rs./Quintal
Maharashtra,Nashik,Nasik Apmc,Vegetables,Tomato,2026-07-14,115.2,Metric Tonnes,1325.0,Rs./Quintal
Maharashtra,Nashik,Nasik Apmc,Vegetables,Tomato,2026-07-15,112.8,Metric Tonnes,1250.0,Rs./Quintal
Maharashtra,Nashik,Nasik Apmc,Vegetables,Tomato,2026-07-16,124.0,Metric Tonnes,1055.0,Rs./Quintal
Maharashtra,Nashik,Nasik Apmc,Vegetables,Tomato,2026-07-17,101.0,Metric Tonnes,1125.0,Rs./Quintal
Maharashtra,Nashik,Nasik Apmc,Vegetables,Tomato,2026-07-18,283.4,Metric Tonnes,1185.0,Rs./Quintal
Maharashtra,Nashik,Nasik Apmc,Vegetables,Tomato,2026-07-19,97.0,Metric Tonnes,1050.0,Rs./Quintal
Maharashtra,Nashik,Nasik Apmc,Vegetables,Tomato,2026-07-20,254.3,Metric Tonnes,1380.0,Rs./Quintal
Maharashtra,Nashik,Nasik Apmc,Vegetables,Tomato,2026-07-21,88.0,Metric Tonnes,1125.0,Rs./Quintal
Maharashtra,Nashik,Nasik Apmc,Vegetables,Tomato,2026-07-22,85.0,Metric Tonnes,1050.0,Rs./Quintal
Maharashtra,Nashik,Nasik Apmc,Vegetables,Tomato,2026-07-23,245.0,Metric Tonnes,670.0,Rs./Quintal
Maharashtra,Nashik,Nasik Apmc,Vegetables,Tomato,2026-07-24,63.5,Metric Tonnes,1125.0,Rs./Quintal
Maharashtra,Nashik,Nasik Apmc,Vegetables,Tomato,2026-07-25,121.2,Metric Tonnes,905.0,Rs./Quintal
Maharashtra,Nashik,Nasik Apmc,Vegetables,Tomato,2026-07-26,73.3,Metric Tonnes,1875.0,Rs./Quintal
Maharashtra,Nashik,Nasik Apmc,Vegetables,Tomato,2026-07-27,87.6,Metric Tonnes,1500.0,Rs./Quintal
Maharashtra,Nashik,Nasik Apmc,Vegetables,Tomato,2026-07-28,98.5,Metric Tonnes,1375.0,Rs./Quintal
Maharashtra,Nashik,Nasik Apmc,Vegetables,Tomato,2026-07-29,85.2,Metric Tonnes,1400.0,Rs./Quintal
Maharashtra,Nashik,Nasik Apmc,Vegetables,Tomato,2026-07-30,86.6,Metric Tonnes,1375.0,Rs./Quintal
Maharashtra,Nashik,Nasik Apmc,Vegetables,Tomato,2026-07-31,82.4,Metric Tonnes,1400.0,Rs./Quintal
Maharashtra,Nashik,Nasik Apmc,Vegetables,Tomato,2026-08-01,13.2,Metric Tonnes,1010.0,Rs./Quintal
Maharashtra,Nashik,Nasik Apmc,Vegetables,Tomato,2026-08-02,90.0,Metric Tonnes,1550.0,Rs./Quintal
Maharashtra,Nashik,Nasik Apmc,Vegetables,Tomato,2026-08-03,67.3,Metric Tonnes,1500.0,Rs./Quintal
Maharashtra,Nashik,Nasik Apmc,Vegetables,Tomato,2026-08-04,67.3,Metric Tonnes,1500.0,Rs./Quintal
Maharashtra,Nashik,Nasik Apmc,Vegetables,Tomato,2026-08-05,118.6,Metric Tonnes,1250.0,Rs./Quintal
Maharashtra,Nashik,Nasik Apmc,Vegetables,Tomato,2026-08-06,121.4,Metric Tonnes,465.0,Rs./Quintal
Maharashtra,Nashik,Nasik Apmc,Vegetables,Tomato,2026-08-07,188.9,Metric Tonnes,495.0,Rs./Quintal
Maharashtra,Nashik,Nasik Apmc,Vegetables,Tomato,2026-08-08,268.0,Metric Tonnes,510.0,Rs./Quintal
Maharashtra,Nashik,Nasik Apmc,Vegetables,Tomato,2026-08-09,126.3,Metric Tonnes,485.0,Rs./Quintal
Maharashtra,Nashik,Pimpalgaon Baswant Apmc,Vegetables,Tomato,2025-01-01,113.5,Metric Tonnes,1125.0,Rs./Quintal
Maharashtra,Nashik,Pimpalgaon Baswant Apmc,Vegetables,Tomato,2025-01-02,60.6,Metric Tonnes,1000.0,Rs./Quintal
Maharashtra,Nashik,Pimpalgaon Baswant Apmc,Vegetables,Tomato,2025-01-03,72.0,Metric Tonnes,955.0,Rs./Quintal
Maharashtra,Nashik,Pimpalgaon Baswant Apmc,Vegetables,Tomato,2025-01-04,28.4,Metric Tonnes,850.0,Rs./Quintal
Maharashtra,Nashik,Pimpalgaon Baswant Apmc,Vegetables,Tomato,2025-01-05,3.5,Metric Tonnes,900.0,Rs./Quintal
Maharashtra,Nashik,Pimpalgaon Baswant Apmc,Vegetables,Tomato,2025-01-06,42.6,Metric Tonnes,800.0,Rs./Quintal
Maharashtra,Nashik,Pimpalgaon Baswant Apmc,Vegetables,Tomato,2025-01-07,44.4,Metric Tonnes,825.0,Rs./Quintal
Maharashtra,Nashik,Pimpalgaon Baswant Apmc,Vegetables,Tomato,2025-01-08,28.4,Metric Tonnes,1250.0,Rs./Quintal
Maharashtra,Nashik,Pimpalgaon Baswant Apmc,Vegetables,Tomato,2025-01-09,19.9,Metric Tonnes,1050.0,Rs./Quintal
Maharashtra,Nashik,Pimpalgaon Baswant Apmc,Vegetables,Tomato,2025-01-10,25.5,Metric Tonnes,900.0,Rs./Quintal
Maharashtra,Nashik,Pimpalgaon Baswant Apmc,Vegetables,Tomato,2025-01-11,7.3,Metric Tonnes,750.0,Rs./Quintal
Maharashtra,Nashik,Pimpalgaon Baswant Apmc,Vegetables,Tomato,2025-01-12,3.5,Metric Tonnes,750.0,Rs./Quintal
Maharashtra,Nashik,Pimpalgaon Baswant Apmc,Vegetables,Tomato,2025-01-13,36.0,Metric Tonnes,825.0,Rs./Quintal
Maharashtra,Nashik,Pimpalgaon Baswant Apmc,Vegetables,Tomato,2025-01-15,16.1,Metric Tonnes,850.0,Rs./Quintal
Maharashtra,Nashik,Pimpalgaon Baswant Apmc,Vegetables,Tomato,2025-01-16,22.3,Metric Tonnes,655.0,Rs./Quintal
Maharashtra,Nashik,Pimpalgaon Baswant Apmc,Vegetables,Tomato,2025-01-17,29.1,Metric Tonnes,450.0,Rs./Quintal
Maharashtra,Nashik,Pimpalgaon Baswant Apmc,Vegetables,Tomato,2025-01-18,6.8,Metric Tonnes,550.0,Rs./Quintal
Maharashtra,Nashik,Pimpalgaon Baswant Apmc,Vegetables,Tomato,2025-01-19,3.8,Metric Tonnes,500.0,Rs./Quintal
Maharashtra,Nashik,Pimpalgaon Baswant Apmc,Vegetables,Tomato,2025-01-20,20.4,Metric Tonnes,575.0,Rs./Quintal
Maharashtra,Nashik,Pimpalgaon Baswant Apmc,Vegetables,Tomato,2025-01-21,38.1,Metric Tonnes,550.0,Rs./Quintal
Maharashtra,Nashik,Pimpalgaon Baswant Apmc,Vegetables,Tomato,2025-01-22,28.6,Metric Tonnes,655.0,Rs./Quintal
Maharashtra,Nashik,Pimpalgaon Baswant Apmc,Vegetables,Tomato,2025-01-23,8.8,Metric Tonnes,605.0,Rs./Quintal
Maharashtra,Nashik,Pimpalgaon Baswant Apmc,Vegetables,Tomato,2025-01-24,7.1,Metric Tonnes,500.0,Rs./Quintal
Maharashtra,Nashik,Pimpalgaon Baswant Apmc,Vegetables,Tomato,2025-01-25,8.4,Metric Tonnes,525.0,Rs./Quintal
Maharashtra,Nashik,Pimpalgaon Baswant Apmc,Vegetables,Tomato,2025-01-26,4.3,Metric Tonnes,550.0,Rs./Quintal
Maharashtra,Nashik,Pimpalgaon Baswant Apmc,Vegetables,Tomato,2025-01-27,24.3,Metric Tonnes,825.0,Rs./Quintal
Maharashtra,Nashik,Pimpalgaon Baswant Apmc,Vegetables,Tomato,2025-01-28,28.9,Metric Tonnes,755.0,Rs./Quintal
Maharashtra,Nashik,Pimpalgaon Baswant Apmc,Vegetables,Tomato,2025-01-29,14.4,Metric Tonnes,705.0,Rs./Quintal
Maharashtra,Nashik,Pimpalgaon Baswant Apmc,Vegetables,Tomato,2025-01-30,13.5,Metric Tonnes,675.0,Rs./Quintal
Maharashtra,Nashik,Pimpalgaon Baswant Apmc,Vegetables,Tomato,2025-01-31,10.5,Metric Tonnes,625.0,Rs./Quintal
Maharashtra,Nashik,Pimpalgaon Baswant Apmc,Vegetables,Tomato,2025-02-01,44.8,Metric Tonnes,600.0,Rs./Quintal
Maharashtra,Nashik,Pimpalgaon Baswant Apmc,Vegetables,Tomato,2025-02-02,21.2,Metric Tonnes,675.0,Rs./Quintal
Maharashtra,Nashik,Pimpalgaon Baswant Apmc,Vegetables,Tomato,2025-02-03,6.4,Metric Tonnes,550.0,Rs./Quintal
Maharashtra,Nashik,Pimpalgaon Baswant Apmc,Vegetables,Tomato,2025-02-04,6.1,Metric Tonnes,550.0,Rs./Quintal
Maharashtra,Nashik,Pimpalgaon Baswant Apmc,Vegetables,Tomato,2025-02-05,9.1,Metric Tonnes,575.0,Rs./Quintal
Maharashtra,Nashik,Pimpalgaon Baswant Apmc,Vegetables,Tomato,2025-02-06,4.7,Metric Tonnes,650.0,Rs./Quintal
Maharashtra,Nashik,Pimpalgaon Baswant Apmc,Vegetables,Tomato,2025-02-07,3.6,Metric Tonnes,550.0,Rs./Quintal
Maharashtra,Nashik,Pimpalgaon Baswant Apmc,Vegetables,Tomato,2025-02-12,7.7,Metric Tonnes,675.0,Rs./Quintal
Maharashtra,Nashik,Pimpalgaon Baswant Apmc,Vegetables,Tomato,2025-02-13,2.5,Metric Tonnes,655.0,Rs./Quintal
Maharashtra,Nashik,Pimpalgaon Baswant Apmc,Vegetables,Tomato,2025-02-14,9.5,Metric Tonnes,655.0,Rs./Quintal
Maharashtra,Nashik,Pimpalgaon Baswant Apmc,Vegetables,Tomato,2025-02-15,5.5,Metric Tonnes,605.0,Rs./Quintal
Maharashtra,Nashik,Pimpalgaon Baswant Apmc,Vegetables,Tomato,2025-02-16,3.6,Metric Tonnes,625.0,Rs./Quintal
Maharashtra,Nashik,Pimpalgaon Baswant Apmc,Vegetables,Tomato,2025-02-17,3.9,Metric Tonnes,655.0,Rs./Quintal
Maharashtra,Nashik,Pimpalgaon Baswant Apmc,Vegetables,Tomato,2025-02-18,4.2,Metric Tonnes,605.0,Rs./Quintal
Maharashtra,Nashik,Pimpalgaon Baswant Apmc,Vegetables,Tomato,2025-02-19,3.5,Metric Tonnes,655.0,Rs./Quintal
Maharashtra,Nashik,Pimpalgaon Baswant Apmc,Vegetables,Tomato,2025-02-20,2.9,Metric Tonnes,605.0,Rs./Quintal
Maharashtra,Nashik,Pimpalgaon Baswant Apmc,Vegetables,Tomato,2025-02-21,11.9,Metric Tonnes,705.0,Rs./Quintal
Maharashtra,Nashik,Pimpalgaon Baswant Apmc,Vegetables,Tomato,2025-02-22,2.1,Metric Tonnes,555.0,Rs./Quintal
Maharashtra,Nashik,Pimpalgaon Baswant Apmc,Vegetables,Tomato,2025-02-23,2.7,Metric Tonnes,605.0,Rs./Quintal
Maharashtra,Nashik,Pimpalgaon Baswant Apmc,Vegetables,Tomato,2025-02-24,8.6,Metric Tonnes,555.0,Rs./Quintal
Maharashtra,Nashik,Pimpalgaon Baswant Apmc,Vegetables,Tomato,2025-02-26,6.1,Metric Tonnes,655.0,Rs./Quintal
Maharashtra,Nashik,Pimpalgaon Baswant Apmc,Vegetables,Tomato,2025-02-27,12.5,Metric Tonnes,605.0,Rs./Quintal
Maharashtra,Nashik,Pimpalgaon Baswant Apmc,Vegetables,Tomato,2025-02-28,11.3,Metric Tonnes,605.0,Rs./Quintal
Maharashtra,Nashik,Pimpalgaon Baswant Apmc,Vegetables,Tomato,2025-03-01,5.7,Metric Tonnes,605.0,Rs./Quintal
Maharashtra,Nashik,Pimpalgaon Baswant Apmc,Vegetables,Tomato,2025-03-02,1.5,Metric Tonnes,555.0,Rs./Quintal
Maharashtra,Nashik,Pimpalgaon Baswant Apmc,Vegetables,Tomato,2025-03-03,9.8,Metric Tonnes,655.0,Rs./Quintal
Maharashtra,Nashik,Pimpalgaon Baswant Apmc,Vegetables,Tomato,2025-03-04,21.0,Metric Tonnes,555.0,Rs./Quintal
Maharashtra,Nashik,Pimpalgaon Baswant Apmc,Vegetables,Tomato,2025-03-05,14.8,Metric Tonnes,655.0,Rs./Quintal
Maharashtra,Nashik,Pimpalgaon Baswant Apmc,Vegetables,Tomato,2025-03-06,15.2,Metric Tonnes,605.0,Rs./Quintal
Maharashtra,Nashik,Pimpalgaon Baswant Apmc,Vegetables,Tomato,2025-03-07,6.2,Metric Tonnes,555.0,Rs./Quintal
Maharashtra,Nashik,Pimpalgaon Baswant Apmc,Vegetables,Tomato,2025-03-08,4.3,Metric Tonnes,605.0,Rs./Quintal
Maharashtra,Nashik,Pimpalgaon Baswant Apmc,Vegetables,Tomato,2025-03-09,3.4,Metric Tonnes,555.0,Rs./Quintal
Maharashtra,Nashik,Pimpalgaon Baswant Apmc,Vegetables,Tomato,2025-03-10,7.4,Metric Tonnes,500.0,Rs./Quintal
Maharashtra,Nashik,Pimpalgaon Baswant Apmc,Vegetables,Tomato,2025-03-11,3.2,Metric Tonnes,555.0,Rs./Quintal
Maharashtra,Nashik,Pimpalgaon Baswant Apmc,Vegetables,Tomato,2025-03-12,7.5,Metric Tonnes,555.0,Rs./Quintal
Maharashtra,Nashik,Pimpalgaon Baswant Apmc,Vegetables,Tomato,2025-03-13,11.5,Metric Tonnes,555.0,Rs./Quintal
Maharashtra,Nashik,Pimpalgaon Baswant Apmc,Vegetables,Tomato,2025-03-14,2.3,Metric Tonnes,755.0,Rs./Quintal
Maharashtra,Nashik,Pimpalgaon Baswant Apmc,Vegetables,Tomato,2025-03-15,4.8,Metric Tonnes,605.0,Rs./Quintal
Maharashtra,Nashik,Pimpalgaon Baswant Apmc,Vegetables,Tomato,2025-03-16,3.6,Metric Tonnes,525.0,Rs./Quintal
Maharashtra,Nashik,Pimpalgaon Baswant Apmc,Vegetables,Tomato,2025-03-17,14.0,Metric Tonnes,655.0,Rs./Quintal
Maharashtra,Nashik,Pimpalgaon Baswant Apmc,Vegetables,Tomato,2025-03-18,8.2,Metric Tonnes,605.0,Rs./Quintal
Maharashtra,Nashik,Pimpalgaon Baswant Apmc,Vegetables,Tomato,2025-03-19,5.6,Metric Tonnes,555.0,Rs./Quintal
Maharashtra,Nashik,Pimpalgaon Baswant Apmc,Vegetables,Tomato,2025-03-20,8.0,Metric Tonnes,555.0,Rs./Quintal
Maharashtra,Nashik,Pimpalgaon Baswant Apmc,Vegetables,Tomato,2025-03-21,5.1,Metric Tonnes,655.0,Rs./Quintal
Maharashtra,Nashik,Pimpalgaon Baswant Apmc,Vegetables,Tomato,2025-03-22,10.6,Metric Tonnes,705.0,Rs./Quintal
Maharashtra,Nashik,Pimpalgaon Baswant Apmc,Vegetables,Tomato,2025-03-23,4.8,Metric Tonnes,675.0,Rs./Quintal
Maharashtra,Nashik,Pimpalgaon Baswant Apmc,Vegetables,Tomato,2025-03-24,11.4,Metric Tonnes,655.0,Rs./Quintal
Maharashtra,Nashik,Pimpalgaon Baswant Apmc,Vegetables,Tomato,2025-03-25,13.1,Metric Tonnes,725.0,Rs./Quintal
Maharashtra,Nashik,Pimpalgaon Baswant Apmc,Vegetables,Tomato,2025-03-26,5.7,Metric Tonnes,655.0,Rs./Quintal
Maharashtra,Nashik,Pimpalgaon Baswant Apmc,Vegetables,Tomato,2025-03-27,9.3,Metric Tonnes,605.0,Rs./Quintal
Maharashtra,Nashik,Pimpalgaon Baswant Apmc,Vegetables,Tomato,2025-03-28,1.7,Metric Tonnes,555.0,Rs./Quintal
Maharashtra,Nashik,Pimpalgaon Baswant Apmc,Vegetables,Tomato,2025-03-29,3.0,Metric Tonnes,625.0,Rs./Quintal
Maharashtra,Nashik,Pimpalgaon Baswant Apmc,Vegetables,Tomato,2025-03-30,2.3,Metric Tonnes,600.0,Rs./Quintal
Maharashtra,Nashik,Pimpalgaon Baswant Apmc,Vegetables,Tomato,2025-03-31,4.1,Metric Tonnes,555.0,Rs./Quintal
Maharashtra,Nashik,Pimpalgaon Baswant Apmc,Vegetables,Tomato,2025-04-01,5.1,Metric Tonnes,655.0,Rs./Quintal
Maharashtra,Nashik,Pimpalgaon Baswant Apmc,Vegetables,Tomato,2025-04-02,2.6,Metric Tonnes,605.0,Rs./Quintal
Maharashtra,Nashik,Pimpalgaon Baswant Apmc,Vegetables,Tomato,2025-04-03,6.9,Metric Tonnes,605.0,Rs./Quintal
Maharashtra,Nashik,Pimpalgaon Baswant Apmc,Vegetables,Tomato,2025-04-04,3.5,Metric Tonnes,555.0,Rs./Quintal
Maharashtra,Nashik,Pimpalgaon Baswant Apmc,Vegetables,Tomato,2025-04-05,9.0,Metric Tonnes,555.0,Rs./Quintal
Maharashtra,Nashik,Pimpalgaon Baswant Apmc,Vegetables,Tomato,2025-04-07,7.0,Metric Tonnes,550.0,Rs./Quintal
Maharashtra,Nashik,Pimpalgaon Baswant Apmc,Vegetables,Tomato,2025-04-08,8.5,Metric Tonnes,705.0,Rs./Quintal
Maharashtra,Nashik,Pimpalgaon Baswant Apmc,Vegetables,Tomato,2025-04-10,5.2,Metric Tonnes,755.0,Rs./Quintal
Maharashtra,Nashik,Pimpalgaon Baswant Apmc,Vegetables,Tomato,2025-04-11,5.8,Metric Tonnes,725.0,Rs./Quintal
Maharashtra,Nashik,Pimpalgaon Baswant Apmc,Vegetables,Tomato,2025-04-12,3.3,Metric Tonnes,650.0,Rs./Quintal
Maharashtra,Nashik,Pimpalgaon Baswant Apmc,Vegetables,Tomato,2025-04-14,8.6,Metric Tonnes,625.0,Rs./Quintal
Maharashtra,Nashik,Pimpalgaon Baswant Apmc,Vegetables,Tomato,2025-04-15,5.0,Metric Tonnes,555.0,Rs./Quintal
Maharashtra,Nashik,Pimpalgaon Baswant Apmc,Vegetables,Tomato,2025-04-16,10.2,Metric Tonnes,625.0,Rs./Quintal
Maharashtra,Nashik,Pimpalgaon Baswant Apmc,Vegetables,Tomato,2025-04-17,7.7,Metric Tonnes,555.0,Rs./Quintal
Maharashtra,Nashik,Pimpalgaon Baswant Apmc,Vegetables,Tomato,2025-04-18,6.7,Metric Tonnes,550.0,Rs./Quintal
Maharashtra,Nashik,Pimpalgaon Baswant Apmc,Vegetables,Tomato,2025-04-19,9.8,Metric Tonnes,625.0,Rs./Quintal
Maharashtra,Nashik,Pimpalgaon Baswant Apmc,Vegetables,Tomato,2025-04-21,5.8,Metric Tonnes,755.0,Rs./Quintal
Maharashtra,Nashik,Pimpalgaon Baswant Apmc,Vegetables,Tomato,2025-04-22,2.6,Metric Tonnes,705.0,Rs./Quintal
Maharashtra,Nashik,Pimpalgaon Baswant Apmc,Vegetables,Tomato,2025-04-23,4.0,Metric Tonnes,755.0,Rs./Quintal
Maharashtra,Nashik,Pimpalgaon Baswant Apmc,Vegetables,Tomato,2025-04-24,6.6,Metric Tonnes,755.0,Rs./Quintal
Maharashtra,Nashik,Pimpalgaon Baswant Apmc,Vegetables,Tomato,2025-04-25,15.4,Metric Tonnes,605.0,Rs./Quintal
Maharashtra,Nashik,Pimpalgaon Baswant Apmc,Vegetables,Tomato,2025-04-26,9.3,Metric Tonnes,855.0,Rs./Quintal
Maharashtra,Nashik,Pimpalgaon Baswant Apmc,Vegetables,Tomato,2025-04-28,15.0,Metric Tonnes,600.0,Rs./Quintal
Maharashtra,Nashik,Pimpalgaon Baswant Apmc,Vegetables,Tomato,2025-04-29,26.4,Metric Tonnes,755.0,Rs./Quintal
Maharashtra,Nashik,Pimpalgaon Baswant Apmc,Vegetables,Tomato,2025-05-01,4.4,Metric Tonnes,950.0,Rs./Quintal
Maharashtra,Nashik,Pimpalgaon Baswant Apmc,Vegetables,Tomato,2025-05-02,12.7,Metric Tonnes,900.0,Rs./Quintal
Maharashtra,Nashik,Pimpalgaon Baswant Apmc,Vegetables,Tomato,2025-05-03,23.0,Metric Tonnes,805.0,Rs./Quintal
Maharashtra,Nashik,Pimpalgaon Baswant Apmc,Vegetables,Tomato,2025-05-04,3.8,Metric Tonnes,950.0,Rs./Quintal
Maharashtra,Nashik,Pimpalgaon Baswant Apmc,Vegetables,Tomato,2025-05-05,37.0,Metric Tonnes,905.0,Rs./Quintal
Maharashtra,Nashik,Pimpalgaon Baswant Apmc,Vegetables,Tomato,2025-05-06,19.3,Metric Tonnes,755.0,Rs./Quintal
Maharashtra,Nashik,Pimpalgaon Baswant Apmc,Vegetables,Tomato,2025-05-07,37.2,Metric Tonnes,805.0,Rs./Quintal
Maharashtra,Nashik,Pimpalgaon Baswant Apmc,Vegetables,Tomato,2025-05-08,27.0,Metric Tonnes,755.0,Rs./Quintal
Maharashtra,Nashik,Pimpalgaon Baswant Apmc,Vegetables,Tomato,2025-05-09,42.7,Metric Tonnes,855.0,Rs./Quintal
Maharashtra,Nashik,Pimpalgaon Baswant Apmc,Vegetables,Tomato,2025-05-10,21.9,Metric Tonnes,905.0,Rs./Quintal
Maharashtra,Nashik,Pimpalgaon Baswant Apmc,Vegetables,Tomato,2025-05-11,4.1,Metric Tonnes,500.0,Rs./Quintal
Maharashtra,Nashik,Pimpalgaon Baswant Apmc,Vegetables,Tomato,2025-05-12,17.7,Metric Tonnes,755.0,Rs./Quintal
Maharashtra,Nashik,Pimpalgaon Baswant Apmc,Vegetables,Tomato,2025-05-15,42.5,Metric Tonnes,1055.0,Rs./Quintal
Maharashtra,Nashik,Pimpalgaon Baswant Apmc,Vegetables,Tomato,2025-05-16,23.9,Metric Tonnes,1005.0,Rs./Quintal
Maharashtra,Nashik,Pimpalgaon Baswant Apmc,Vegetables,Tomato,2025-05-17,24.2,Metric Tonnes,1255.0,Rs./Quintal
Maharashtra,Nashik,Pimpalgaon Baswant Apmc,Vegetables,Tomato,2025-05-18,5.0,Metric Tonnes,1250.0,Rs./Quintal
Maharashtra,Nashik,Pimpalgaon Baswant Apmc,Vegetables,Tomato,2025-05-19,28.5,Metric Tonnes,1255.0,Rs./Quintal
Maharashtra,Nashik,Pimpalgaon Baswant Apmc,Vegetables,Tomato,2025-05-20,6.0,Metric Tonnes,1305.0,Rs./Quintal
Maharashtra,Nashik,Pimpalgaon Baswant Apmc,Vegetables,Tomato,2025-05-21,15.3,Metric Tonnes,755.0,Rs./Quintal
Maharashtra,Nashik,Pimpalgaon Baswant Apmc,Vegetables,Tomato,2025-05-22,16.4,Metric Tonnes,1105.0,Rs./Quintal
Maharashtra,Nashik,Pimpalgaon Baswant Apmc,Vegetables,Tomato,2025-05-23,20.8,Metric Tonnes,1255.0,Rs./Quintal
Maharashtra,Nashik,Pimpalgaon Baswant Apmc,Vegetables,Tomato,2025-05-24,3.2,Metric Tonnes,1105.0,Rs./Quintal
Maharashtra,Nashik,Pimpalgaon Baswant Apmc,Vegetables,Tomato,2025-05-26,13.0,Metric Tonnes,1355.0,Rs./Quintal
Maharashtra,Nashik,Pimpalgaon Baswant Apmc,Vegetables,Tomato,2025-05-27,28.1,Metric Tonnes,1055.0,Rs./Quintal
Maharashtra,Nashik,Pimpalgaon Baswant Apmc,Vegetables,Tomato,2025-05-28,18.9,Metric Tonnes,1055.0,Rs./Quintal
Maharashtra,Nashik,Pimpalgaon Baswant Apmc,Vegetables,Tomato,2025-05-29,14.6,Metric Tonnes,1505.0,Rs./Quintal
Maharashtra,Nashik,Pimpalgaon Baswant Apmc,Vegetables,Tomato,2025-05-30,34.8,Metric Tonnes,1055.0,Rs./Quintal
Maharashtra,Nashik,Pimpalgaon Baswant Apmc,Vegetables,Tomato,2025-05-31,3.6,Metric Tonnes,1255.0,Rs./Quintal
Maharashtra,Nashik,Pimpalgaon Baswant Apmc,Vegetables,Tomato,2025-06-02,23.3,Metric Tonnes,1055.0,Rs./Quintal
Maharashtra,Nashik,Pimpalgaon Baswant Apmc,Vegetables,Tomato,2025-06-03,5.0,Metric Tonnes,1005.0,Rs./Quintal
Maharashtra,Nashik,Pimpalgaon Baswant Apmc,Vegetables,Tomato,2025-06-04,16.7,Metric Tonnes,1105.0,Rs./Quintal
Maharashtra,Nashik,Pimpalgaon Baswant Apmc,Vegetables,Tomato,2025-06-05,10.0,Metric Tonnes,1155.0,Rs./Quintal
Maharashtra,Nashik,Pimpalgaon Baswant Apmc,Vegetables,Tomato,2025-06-06,3.2,Metric Tonnes,1055.0,Rs./Quintal
Maharashtra,Nashik,Pimpalgaon Baswant Apmc,Vegetables,Tomato,2025-06-07,5.5,Metric Tonnes,1005.0,Rs./Quintal
Maharashtra,Nashik,Pimpalgaon Baswant Apmc,Vegetables,Tomato,2025-06-09,14.0,Metric Tonnes,1255.0,Rs./Quintal
Maharashtra,Nashik,Pimpalgaon Baswant Apmc,Vegetables,Tomato,2025-06-10,5.9,Metric Tonnes,1555.0,Rs./Quintal
Maharashtra,Nashik,Pimpalgaon Baswant Apmc,Vegetables,Tomato,2025-06-11,12.1,Metric Tonnes,1805.0,Rs./Quintal
Maharashtra,Nashik,Pimpalgaon Baswant Apmc,Vegetables,Tomato,2025-06-12,3.0,Metric Tonnes,1705.0,Rs./Quintal
Maharashtra,Nashik,Pimpalgaon Baswant Apmc,Vegetables,Tomato,2025-06-13,10.7,Metric Tonnes,1705.0,Rs./Quintal
Maharashtra,Nashik,Pimpalgaon Baswant Apmc,Vegetables,Tomato,2025-06-14,12.4,Metric Tonnes,1655.0,Rs./Quintal
Maharashtra,Nashik,Pimpalgaon Baswant Apmc,Vegetables,Tomato,2025-06-16,14.9,Metric Tonnes,1355.0,Rs./Quintal
Maharashtra,Nashik,Pimpalgaon Baswant Apmc,Vegetables,Tomato,2025-06-17,17.6,Metric Tonnes,1255.0,Rs./Quintal
Maharashtra,Nashik,Pimpalgaon Baswant Apmc,Vegetables,Tomato,2025-06-18,4.9,Metric Tonnes,1255.0,Rs./Quintal
Maharashtra,Nashik,Pimpalgaon Baswant Apmc,Vegetables,Tomato,2025-06-19,5.6,Metric Tonnes,1255.0,Rs./Quintal
Maharashtra,Nashik,Pimpalgaon Baswant Apmc,Vegetables,Tomato,2025-06-20,7.1,Metric Tonnes,1005.0,Rs./Quintal
Maharashtra,Nashik,Pimpalgaon Baswant Apmc,Vegetables,Tomato,2025-06-21,2.5,Metric Tonnes,1105.0,Rs./Quintal
Maharashtra,Nashik,Pimpalgaon Baswant Apmc,Vegetables,Tomato,2025-06-23,3.0,Metric Tonnes,1005.0,Rs./Quintal
Maharashtra,Nashik,Pimpalgaon Baswant Apmc,Vegetables,Tomato,2025-06-24,7.6,Metric Tonnes,1255.0,Rs./Quintal
Maharashtra,Nashik,Pimpalgaon Baswant Apmc,Vegetables,Tomato,2025-06-25,3.5,Metric Tonnes,1055.0,Rs./Quintal
Maharashtra,Nashik,Pimpalgaon Baswant Apmc,Vegetables,Tomato,2025-06-26,4.5,Metric Tonnes,1305.0,Rs./Quintal
Maharashtra,Nashik,Pimpalgaon Baswant Apmc,Vegetables,Tomato,2025-06-27,4.4,Metric Tonnes,1555.0,Rs./Quintal
Maharashtra,Nashik,Pimpalgaon Baswant Apmc,Vegetables,Tomato,2025-06-28,4.4,Metric Tonnes,1355.0,Rs./Quintal
Maharashtra,Nashik,Pimpalgaon Baswant Apmc,Vegetables,Tomato,2025-06-30,7.5,Metric Tonnes,1305.0,Rs./Quintal
Maharashtra,Nashik,Pimpalgaon Baswant Apmc,Vegetables,Tomato,2025-07-02,0.8,Metric Tonnes,1755.0,Rs./Quintal
Maharashtra,Nashik,Pimpalgaon Baswant Apmc,Vegetables,Tomato,2025-07-03,2.6,Metric Tonnes,1655.0,Rs./Quintal
Maharashtra,Nashik,Pimpalgaon Baswant Apmc,Vegetables,Tomato,2025-07-04,9.2,Metric Tonnes,1555.0,Rs./Quintal
Maharashtra,Nashik,Pimpalgaon Baswant Apmc,Vegetables,Tomato,2025-07-05,3.3,Metric Tonnes,1605.0,Rs./Quintal
Maharashtra,Nashik,Pimpalgaon Baswant Apmc,Vegetables,Tomato,2025-07-07,2.4,Metric Tonnes,1755.0,Rs./Quintal
Maharashtra,Nashik,Pimpalgaon Baswant Apmc,Vegetables,Tomato,2025-07-08,2.7,Metric Tonnes,1805.0,Rs./Quintal
Maharashtra,Nashik,Pimpalgaon Baswant Apmc,Vegetables,Tomato,2025-07-09,2.2,Metric Tonnes,1755.0,Rs./Quintal
Maharashtra,Nashik,Pimpalgaon Baswant Apmc,Vegetables,Tomato,2025-07-10,1.5,Metric Tonnes,2005.0,Rs./Quintal
Maharashtra,Nashik,Pimpalgaon Baswant Apmc,Vegetables,Tomato,2025-07-11,7.4,Metric Tonnes,1805.0,Rs./Quintal
Maharashtra,Nashik,Pimpalgaon Baswant Apmc,Vegetables,Tomato,2025-07-12,4.1,Metric Tonnes,1755.0,Rs./Quintal
Maharashtra,Nashik,Pimpalgaon Baswant Apmc,Vegetables,Tomato,2025-07-14,12.4,Metric Tonnes,1355.0,Rs./Quintal
Maharashtra,Nashik,Pimpalgaon Baswant Apmc,Vegetables,Tomato,2025-07-15,10.1,Metric Tonnes,1555.0,Rs./Quintal
Maharashtra,Nashik,Pimpalgaon Baswant Apmc,Vegetables,Tomato,2025-07-16,13.3,Metric Tonnes,1655.0,Rs./Quintal
Maharashtra,Nashik,Pimpalgaon Baswant Apmc,Vegetables,Tomato,2025-07-17,11.5,Metric Tonnes,1805.0,Rs./Quintal
Maharashtra,Nashik,Pimpalgaon Baswant Apmc,Vegetables,Tomato,2025-07-18,19.6,Metric Tonnes,1855.0,Rs./Quintal
Maharashtra,Nashik,Pimpalgaon Baswant Apmc,Vegetables,Tomato,2025-07-19,17.9,Metric Tonnes,2055.0,Rs./Quintal
Maharashtra,Nashik,Pimpalgaon Baswant Apmc,Vegetables,Tomato,2025-07-20,20.4,Metric Tonnes,2505.0,Rs./Quintal
Maharashtra,Nashik,Pimpalgaon Baswant Apmc,Vegetables,Tomato,2025-07-21,46.0,Metric Tonnes,2505.0,Rs./Quintal
Maharashtra,Nashik,Pimpalgaon Baswant Apmc,Vegetables,Tomato,2025-07-22,34.6,Metric Tonnes,2505.0,Rs./Quintal
Maharashtra,Nashik,Pimpalgaon Baswant Apmc,Vegetables,Tomato,2025-07-23,80.6,Metric Tonnes,3005.0,Rs./Quintal
Maharashtra,Nashik,Pimpalgaon Baswant Apmc,Vegetables,Tomato,2025-07-26,43.5,Metric Tonnes,4505.0,Rs./Quintal
Maharashtra,Nashik,Pimpalgaon Baswant Apmc,Vegetables,Tomato,2025-07-27,68.1,Metric Tonnes,4505.0,Rs./Quintal
Maharashtra,Nashik,Pimpalgaon Baswant Apmc,Vegetables,Tomato,2025-07-28,136.4,Metric Tonnes,4755.0,Rs./Quintal
Maharashtra,Nashik,Pimpalgaon Baswant Apmc,Vegetables,Tomato,2025-07-29,98.8,Metric Tonnes,3000.0,Rs./Quintal
Maharashtra,Nashik,Pimpalgaon Baswant Apmc,Vegetables,Tomato,2025-07-30,173.5,Metric Tonnes,4505.0,Rs./Quintal
Maharashtra,Nashik,Pimpalgaon Baswant Apmc,Vegetables,Tomato,2025-07-31,177.7,Metric Tonnes,4555.0,Rs./Quintal
Maharashtra,Nashik,Pimpalgaon Baswant Apmc,Vegetables,Tomato,2025-08-01,180.3,Metric Tonnes,4255.0,Rs./Quintal
Maharashtra,Nashik,Pimpalgaon Baswant Apmc,Vegetables,Tomato,2025-08-02,300.2,Metric Tonnes,3255.0,Rs./Quintal
Maharashtra,Nashik,Pimpalgaon Baswant Apmc,Vegetables,Tomato,2025-08-03,247.9,Metric Tonnes,3955.0,Rs./Quintal
Maharashtra,Nashik,Pimpalgaon Baswant Apmc,Vegetables,Tomato,2025-08-04,430.0,Metric Tonnes,4255.0,Rs./Quintal
Maharashtra,Nashik,Pimpalgaon Baswant Apmc,Vegetables,Tomato,2025-08-05,582.4,Metric Tonnes,4275.0,Rs./Quintal
Maharashtra,Nashik,Pimpalgaon Baswant Apmc,Vegetables,Tomato,2025-08-06,509.1,Metric Tonnes,3805.0,Rs./Quintal
Maharashtra,Nashik,Pimpalgaon Baswant Apmc,Vegetables,Tomato,2025-08-07,652.7,Metric Tonnes,3555.0,Rs./Quintal
Maharashtra,Nashik,Pimpalgaon Baswant Apmc,Vegetables,Tomato,2025-08-08,749.5,Metric Tonnes,3425.0,Rs./Quintal
Maharashtra,Nashik,Pimpalgaon Baswant Apmc,Vegetables,Tomato,2025-08-09,663.7,Metric Tonnes,3905.0,Rs./Quintal
Maharashtra,Nashik,Pimpalgaon Baswant Apmc,Vegetables,Tomato,2025-08-10,749.1,Metric Tonnes,3505.0,Rs./Quintal
Maharashtra,Nashik,Pimpalgaon Baswant Apmc,Vegetables,Tomato,2025-08-11,1622.5,Metric Tonnes,3255.0,Rs./Quintal
Maharashtra,Nashik,Pimpalgaon Baswant Apmc,Vegetables,Tomato,2025-08-12,1453.9,Metric Tonnes,3105.0,Rs./Quintal
Maharashtra,Nashik,Pimpalgaon Baswant Apmc,Vegetables,Tomato,2025-08-13,1528.4,Metric Tonnes,3725.0,Rs./Quintal
Maharashtra,Nashik,Pimpalgaon Baswant Apmc,Vegetables,Tomato,2025-08-15,1253.9,Metric Tonnes,3955.0,Rs./Quintal
Maharashtra,Nashik,Pimpalgaon Baswant Apmc,Vegetables,Tomato,2025-08-16,1384.5,Metric Tonnes,3605.0,Rs./Quintal
Maharashtra,Nashik,Pimpalgaon Baswant Apmc,Vegetables,Tomato,2025-08-17,1037.6,Metric Tonnes,4255.0,Rs./Quintal
Maharashtra,Nashik,Pimpalgaon Baswant Apmc,Vegetables,Tomato,2025-08-18,1796.3,Metric Tonnes,4425.0,Rs./Quintal
Maharashtra,Nashik,Pimpalgaon Baswant Apmc,Vegetables,Tomato,2025-08-19,1823.2,Metric Tonnes,3805.0,Rs./Quintal
Maharashtra,Nashik,Pimpalgaon Baswant Apmc,Vegetables,Tomato,2025-08-20,3247.8,Metric Tonnes,3555.0,Rs./Quintal
Maharashtra,Nashik,Pimpalgaon Baswant Apmc,Vegetables,Tomato,2025-08-22,2154.0,Metric Tonnes,2325.0,Rs./Quintal
Maharashtra,Nashik,Pimpalgaon Baswant Apmc,Vegetables,Tomato,2025-08-23,2488.5,Metric Tonnes,2255.0,Rs./Quintal
Maharashtra,Nashik,Pimpalgaon Baswant Apmc,Vegetables,Tomato,2025-08-24,1975.0,Metric Tonnes,2005.0,Rs./Quintal
Maharashtra,Nashik,Pimpalgaon Baswant Apmc,Vegetables,Tomato,2025-08-25,7956.0,Metric Tonnes,1775.0,Rs./Quintal
Maharashtra,Nashik,Pimpalgaon Baswant Apmc,Vegetables,Tomato,2025-08-27,2470.0,Metric Tonnes,1750.0,Rs./Quintal
Maharashtra,Nashik,Pimpalgaon Baswant Apmc,Vegetables,Tomato,2025-08-28,3356.3,Metric Tonnes,1875.0,Rs./Quintal
Maharashtra,Nashik,Pimpalgaon Baswant Apmc,Vegetables,Tomato,2025-08-29,3557.4,Metric Tonnes,1825.0,Rs./Quintal
Maharashtra,Nashik,Pimpalgaon Baswant Apmc,Vegetables,Tomato,2025-08-30,2630.3,Metric Tonnes,2255.0,Rs./Quintal
Maharashtra,Nashik,Pimpalgaon Baswant Apmc,Vegetables,Tomato,2025-08-31,1828.6,Metric Tonnes,2255.0,Rs./Quintal
Maharashtra,Nashik,Pimpalgaon Baswant Apmc,Vegetables,Tomato,2025-09-01,3309.9,Metric Tonnes,2375.0,Rs./Quintal
Maharashtra,Nashik,Pimpalgaon Baswant Apmc,Vegetables,Tomato,2025-09-02,3392.2,Metric Tonnes,2105.0,Rs./Quintal
Maharashtra,Nashik,Pimpalgaon Baswant Apmc,Vegetables,Tomato,2025-09-03,3975.9,Metric Tonnes,1655.0,Rs./Quintal
Maharashtra,Nashik,Pimpalgaon Baswant Apmc,Vegetables,Tomato,2025-09-04,3153.9,Metric Tonnes,1575.0,Rs./Quintal
Maharashtra,Nashik,Pimpalgaon Baswant Apmc,Vegetables,Tomato,2025-09-05,1911.6,Metric Tonnes,1825.0,Rs./Quintal
Maharashtra,Nashik,Pimpalgaon Baswant Apmc,Vegetables,Tomato,2025-09-06,1933.9,Metric Tonnes,1605.0,Rs./Quintal
Maharashtra,Nashik,Pimpalgaon Baswant Apmc,Vegetables,Tomato,2025-09-07,1595.0,Metric Tonnes,1755.0,Rs./Quintal
Maharashtra,Nashik,Pimpalgaon Baswant Apmc,Vegetables,Tomato,2025-09-08,5691.8,Metric Tonnes,1375.0,Rs./Quintal
Maharashtra,Nashik,Pimpalgaon Baswant Apmc,Vegetables,Tomato,2025-09-09,3639.4,Metric Tonnes,1105.0,Rs./Quintal
Maharashtra,Nashik,Pimpalgaon Baswant Apmc,Vegetables,Tomato,2025-09-10,4436.8,Metric Tonnes,755.0,Rs./Quintal
Maharashtra,Nashik,Pimpalgaon Baswant Apmc,Vegetables,Tomato,2025-09-11,8724.6,Metric Tonnes,705.0,Rs./Quintal
Maharashtra,Nashik,Pimpalgaon Baswant Apmc,Vegetables,Tomato,2025-09-12,4503.0,Metric Tonnes,1105.0,Rs./Quintal
Maharashtra,Nashik,Pimpalgaon Baswant Apmc,Vegetables,Tomato,2025-09-13,2568.9,Metric Tonnes,1250.0,Rs./Quintal
Maharashtra,Nashik,Pimpalgaon Baswant Apmc,Vegetables,Tomato,2025-09-14,1383.6,Metric Tonnes,1005.0,Rs./Quintal
Maharashtra,Nashik,Pimpalgaon Baswant Apmc,Vegetables,Tomato,2025-09-15,5811.7,Metric Tonnes,775.0,Rs./Quintal
Maharashtra,Nashik,Pimpalgaon Baswant Apmc,Vegetables,Tomato,2025-09-16,5456.7,Metric Tonnes,755.0,Rs./Quintal
Maharashtra,Nashik,Pimpalgaon Baswant Apmc,Vegetables,Tomato,2025-09-17,4917.0,Metric Tonnes,755.0,Rs./Quintal
Maharashtra,Nashik,Pimpalgaon Baswant Apmc,Vegetables,Tomato,2025-09-18,5117.6,Metric Tonnes,575.0,Rs./Quintal
Maharashtra,Nashik,Pimpalgaon Baswant Apmc,Vegetables,Tomato,2025-09-19,5569.2,Metric Tonnes,875.0,Rs./Quintal
Maharashtra,Nashik,Pimpalgaon Baswant Apmc,Vegetables,Tomato,2025-09-20,3914.6,Metric Tonnes,1255.0,Rs./Quintal
Maharashtra,Nashik,Pimpalgaon Baswant Apmc,Vegetables,Tomato,2025-09-21,2022.3,Metric Tonnes,1955.0,Rs./Quintal
Maharashtra,Nashik,Pimpalgaon Baswant Apmc,Vegetables,Tomato,2025-09-22,5960.6,Metric Tonnes,1875.0,Rs./Quintal
Maharashtra,Nashik,Pimpalgaon Baswant Apmc,Vegetables,Tomato,2025-09-23,7323.1,Metric Tonnes,1455.0,Rs./Quintal
Maharashtra,Nashik,Pimpalgaon Baswant Apmc,Vegetables,Tomato,2025-09-24,7107.8,Metric Tonnes,1005.0,Rs./Quintal
Maharashtra,Nashik,Pimpalgaon Baswant Apmc,Vegetables,Tomato,2025-09-25,6894.8,Metric Tonnes,1105.0,Rs./Quintal
Maharashtra,Nashik,Pimpalgaon Baswant Apmc,Vegetables,Tomato,2025-09-27,3036.3,Metric Tonnes,1155.0,Rs./Quintal
Maharashtra,Nashik,Pimpalgaon Baswant Apmc,Vegetables,Tomato,2025-09-28,525.0,Metric Tonnes,1555.0,Rs./Quintal
Maharashtra,Nashik,Pimpalgaon Baswant Apmc,Vegetables,Tomato,2025-09-29,7607.2,Metric Tonnes,1305.0,Rs./Quintal
Maharashtra,Nashik,Pimpalgaon Baswant Apmc,Vegetables,Tomato,2025-09-30,7686.3,Metric Tonnes,1250.0,Rs./Quintal
Maharashtra,Nashik,Pimpalgaon Baswant Apmc,Vegetables,Tomato,2025-10-02,1319.2,Metric Tonnes,1350.0,Rs./Quintal
Maharashtra,Nashik,Pimpalgaon Baswant Apmc,Vegetables,Tomato,2025-10-03,6506.1,Metric Tonnes,1205.0,Rs./Quintal
Maharashtra,Nashik,Pimpalgaon Baswant Apmc,Vegetables,Tomato,2025-10-07,7765.1,Metric Tonnes,1105.0,Rs./Quintal
Maharashtra,Nashik,Pimpalgaon Baswant Apmc,Vegetables,Tomato,2025-10-08,6868.4,Metric Tonnes,1275.0,Rs./Quintal
Maharashtra,Nashik,Pimpalgaon Baswant Apmc,Vegetables,Tomato,2025-10-09,7998.3,Metric Tonnes,855.0,Rs./Quintal
Maharashtra,Nashik,Pimpalgaon Baswant Apmc,Vegetables,Tomato,2025-10-11,4185.5,Metric Tonnes,1105.0,Rs./Quintal
Maharashtra,Nashik,Pimpalgaon Baswant Apmc,Vegetables,Tomato,2025-10-12,1572.3,Metric Tonnes,1355.0,Rs./Quintal
Maharashtra,Nashik,Pimpalgaon Baswant Apmc,Vegetables,Tomato,2025-10-14,7912.6,Metric Tonnes,1355.0,Rs./Quintal
Maharashtra,Nashik,Pimpalgaon Baswant Apmc,Vegetables,Tomato,2025-10-15,6729.3,Metric Tonnes,1555.0,Rs./Quintal
Maharashtra,Nashik,Pimpalgaon Baswant Apmc,Vegetables,Tomato,2025-10-16,7424.4,Metric Tonnes,1205.0,Rs./Quintal
Maharashtra,Nashik,Pimpalgaon Baswant Apmc,Vegetables,Tomato,2025-10-21,722.5,Metric Tonnes,855.0,Rs./Quintal
Maharashtra,Nashik,Pimpalgaon Baswant Apmc,Vegetables,Tomato,2025-10-23,1403.5,Metric Tonnes,1005.0,Rs./Quintal
Maharashtra,Nashik,Pimpalgaon Baswant Apmc,Vegetables,Tomato,2025-10-25,3715.1,Metric Tonnes,875.0,Rs./Quintal
Maharashtra,Nashik,Pimpalgaon Baswant Apmc,Vegetables,Tomato,2025-10-26,1289.6,Metric Tonnes,855.0,Rs./Quintal
Maharashtra,Nashik,Pimpalgaon Baswant Apmc,Vegetables,Tomato,2025-10-28,8566.2,Metric Tonnes,775.0,Rs./Quintal
Maharashtra,Nashik,Pimpalgaon Baswant Apmc,Vegetables,Tomato,2025-10-29,6165.6,Metric Tonnes,855.0,Rs./Quintal
Maharashtra,Nashik,Pimpalgaon Baswant Apmc,Vegetables,Tomato,2025-10-30,5124.2,Metric Tonnes,1055.0,Rs./Quintal
Maharashtra,Nashik,Pimpalgaon Baswant Apmc,Vegetables,Tomato,2025-10-31,4377.1,Metric Tonnes,855.0,Rs./Quintal
Maharashtra,Nashik,Pimpalgaon Baswant Apmc,Vegetables,Tomato,2025-11-01,2548.4,Metric Tonnes,1105.0,Rs./Quintal
Maharashtra,Nashik,Pimpalgaon Baswant Apmc,Vegetables,Tomato,2025-11-02,858.1,Metric Tonnes,1055.0,Rs./Quintal
Maharashtra,Nashik,Pimpalgaon Baswant Apmc,Vegetables,Tomato,2025-11-03,6445.0,Metric Tonnes,1205.0,Rs./Quintal
Maharashtra,Nashik,Pimpalgaon Baswant Apmc,Vegetables,Tomato,2025-11-05,2431.8,Metric Tonnes,2105.0,Rs./Quintal
Maharashtra,Nashik,Pimpalgaon Baswant Apmc,Vegetables,Tomato,2025-11-06,3990.3,Metric Tonnes,1355.0,Rs./Quintal
Maharashtra,Nashik,Pimpalgaon Baswant Apmc,Vegetables,Tomato,2025-11-07,3645.5,Metric Tonnes,1605.0,Rs./Quintal
Maharashtra,Nashik,Pimpalgaon Baswant Apmc,Vegetables,Tomato,2025-11-16,248.9,Metric Tonnes,2755.0,Rs./Quintal
Maharashtra,Nashik,Pimpalgaon Baswant Apmc,Vegetables,Tomato,2025-11-17,3102.5,Metric Tonnes,2625.0,Rs./Quintal
Maharashtra,Nashik,Pimpalgaon Baswant Apmc,Vegetables,Tomato,2025-11-18,2197.9,Metric Tonnes,3005.0,Rs./Quintal
Maharashtra,Nashik,Pimpalgaon Baswant Apmc,Vegetables,Tomato,2025-11-19,1778.2,Metric Tonnes,3205.0,Rs./Quintal
Maharashtra,Nashik,Pimpalgaon Baswant Apmc,Vegetables,Tomato,2025-11-20,1926.2,Metric Tonnes,3655.0,Rs./Quintal
Maharashtra,Nashik,Pimpalgaon Baswant Apmc,Vegetables,Tomato,2025-11-21,1773.9,Metric Tonnes,3125.0,Rs./Quintal
Maharashtra,Nashik,Pimpalgaon Baswant Apmc,Vegetables,Tomato,2025-11-23,228.4,Metric Tonnes,3855.0,Rs./Quintal
Maharashtra,Nashik,Pimpalgaon Baswant Apmc,Vegetables,Tomato,2025-11-24,2518.2,Metric Tonnes,3255.0,Rs./Quintal
Maharashtra,Nashik,Pimpalgaon Baswant Apmc,Vegetables,Tomato,2025-11-25,1829.4,Metric Tonnes,2105.0,Rs./Quintal
Maharashtra,Nashik,Pimpalgaon Baswant Apmc,Vegetables,Tomato,2025-11-26,1249.6,Metric Tonnes,2055.0,Rs./Quintal
Maharashtra,Nashik,Pimpalgaon Baswant Apmc,Vegetables,Tomato,2025-11-27,1190.9,Metric Tonnes,1555.0,Rs./Quintal
Maharashtra,Nashik,Pimpalgaon Baswant Apmc,Vegetables,Tomato,2025-11-28,1252.3,Metric Tonnes,2755.0,Rs./Quintal
Maharashtra,Nashik,Pimpalgaon Baswant Apmc,Vegetables,Tomato,2025-11-30,187.3,Metric Tonnes,2455.0,Rs./Quintal
Maharashtra,Nashik,Pimpalgaon Baswant Apmc,Vegetables,Tomato,2025-12-02,749.1,Metric Tonnes,2155.0,Rs./Quintal
Maharashtra,Nashik,Pimpalgaon Baswant Apmc,Vegetables,Tomato,2025-12-03,1179.3,Metric Tonnes,2255.0,Rs./Quintal
Maharashtra,Nashik,Pimpalgaon Baswant Apmc,Vegetables,Tomato,2025-12-04,906.6,Metric Tonnes,2205.0,Rs./Quintal
Maharashtra,Nashik,Pimpalgaon Baswant Apmc,Vegetables,Tomato,2025-12-05,763.9,Metric Tonnes,2105.0,Rs./Quintal
Maharashtra,Nashik,Pimpalgaon Baswant Apmc,Vegetables,Tomato,2025-12-07,73.7,Metric Tonnes,2055.0,Rs./Quintal
Maharashtra,Nashik,Pimpalgaon Baswant Apmc,Vegetables,Tomato,2025-12-08,853.6,Metric Tonnes,2105.0,Rs./Quintal
Maharashtra,Nashik,Pimpalgaon Baswant Apmc,Vegetables,Tomato,2025-12-09,726.5,Metric Tonnes,2155.0,Rs./Quintal
Maharashtra,Nashik,Pimpalgaon Baswant Apmc,Vegetables,Tomato,2025-12-10,535.1,Metric Tonnes,2125.0,Rs./Quintal
Maharashtra,Nashik,Pimpalgaon Baswant Apmc,Vegetables,Tomato,2025-12-11,431.7,Metric Tonnes,2405.0,Rs./Quintal
Maharashtra,Nashik,Pimpalgaon Baswant Apmc,Vegetables,Tomato,2025-12-12,410.5,Metric Tonnes,2505.0,Rs./Quintal
Maharashtra,Nashik,Pimpalgaon Baswant Apmc,Vegetables,Tomato,2025-12-14,53.7,Metric Tonnes,2755.0,Rs./Quintal
Maharashtra,Nashik,Pimpalgaon Baswant Apmc,Vegetables,Tomato,2025-12-15,473.5,Metric Tonnes,2905.0,Rs./Quintal
Maharashtra,Nashik,Pimpalgaon Baswant Apmc,Vegetables,Tomato,2025-12-16,338.1,Metric Tonnes,3405.0,Rs./Quintal
Maharashtra,Nashik,Pimpalgaon Baswant Apmc,Vegetables,Tomato,2025-12-17,288.1,Metric Tonnes,3205.0,Rs./Quintal
Maharashtra,Nashik,Pimpalgaon Baswant Apmc,Vegetables,Tomato,2025-12-18,303.3,Metric Tonnes,3105.0,Rs./Quintal
Maharashtra,Nashik,Pimpalgaon Baswant Apmc,Vegetables,Tomato,2025-12-19,249.3,Metric Tonnes,2505.0,Rs./Quintal
Maharashtra,Nashik,Pimpalgaon Baswant Apmc,Vegetables,Tomato,2025-12-21,46.7,Metric Tonnes,3105.0,Rs./Quintal
Maharashtra,Nashik,Pimpalgaon Baswant Apmc,Vegetables,Tomato,2025-12-22,405.7,Metric Tonnes,3255.0,Rs./Quintal
Maharashtra,Nashik,Pimpalgaon Baswant Apmc,Vegetables,Tomato,2025-12-23,257.8,Metric Tonnes,3355.0,Rs./Quintal
Maharashtra,Nashik,Pimpalgaon Baswant Apmc,Vegetables,Tomato,2025-12-24,312.3,Metric Tonnes,3405.0,Rs./Quintal
Maharashtra,Nashik,Pimpalgaon Baswant Apmc,Vegetables,Tomato,2025-12-25,209.3,Metric Tonnes,2555.0,Rs./Quintal
Maharashtra,Nashik,Pimpalgaon Baswant Apmc,Vegetables,Tomato,2025-12-26,203.5,Metric Tonnes,2255.0,Rs./Quintal
Maharashtra,Nashik,Pimpalgaon Baswant Apmc,Vegetables,Tomato,2025-12-28,104.5,Metric Tonnes,2875.0,Rs./Quintal
Maharashtra,Nashik,Pimpalgaon Baswant Apmc,Vegetables,Tomato,2025-12-29,300.7,Metric Tonnes,3005.0,Rs./Quintal
Maharashtra,Nashik,Pimpalgaon Baswant Apmc,Vegetables,Tomato,2025-12-30,202.8,Metric Tonnes,2105.0,Rs./Quintal
Maharashtra,Nashik,Pimpalgaon Baswant Apmc,Vegetables,Tomato,2025-12-31,146.1,Metric Tonnes,2755.0,Rs./Quintal
Maharashtra,Nashik,Pimpalgaon Baswant Apmc,Vegetables,Tomato,2026-01-01,142.0,Metric Tonnes,3100.0,Rs./Quintal
Maharashtra,Nashik,Pimpalgaon Baswant Apmc,Vegetables,Tomato,2026-01-02,85.8,Metric Tonnes,2950.0,Rs./Quintal
Maharashtra,Nashik,Pimpalgaon Baswant Apmc,Vegetables,Tomato,2026-01-03,1475.6,Metric Tonnes,3085.0,Rs./Quintal
Maharashtra,Nashik,Pimpalgaon Baswant Apmc,Vegetables,Tomato,2026-01-04,51.2,Metric Tonnes,3105.0,Rs./Quintal
Maharashtra,Nashik,Pimpalgaon Baswant Apmc,Vegetables,Tomato,2026-01-05,203.3,Metric Tonnes,2605.0,Rs./Quintal
Maharashtra,Nashik,Pimpalgaon Baswant Apmc,Vegetables,Tomato,2026-01-06,168.6,Metric Tonnes,2405.0,Rs./Quintal
Maharashtra,Nashik,Pimpalgaon Baswant Apmc,Vegetables,Tomato,2026-01-07,149.1,Metric Tonnes,1605.0,Rs./Quintal
Maharashtra,Nashik,Pimpalgaon Baswant Apmc,Vegetables,Tomato,2026-01-08,204.0,Metric Tonnes,1505.0,Rs./Quintal
Maharashtra,Nashik,Pimpalgaon Baswant Apmc,Vegetables,Tomato,2026-01-09,143.3,Metric Tonnes,1405.0,Rs./Quintal
Maharashtra,Nashik,Pimpalgaon Baswant Apmc,Vegetables,Tomato,2026-01-10,330.7,Metric Tonnes,2480.0,Rs./Quintal
Maharashtra,Nashik,Pimpalgaon Baswant Apmc,Vegetables,Tomato,2026-01-11,30.5,Metric Tonnes,1405.0,Rs./Quintal
Maharashtra,Nashik,Pimpalgaon Baswant Apmc,Vegetables,Tomato,2026-01-12,135.5,Metric Tonnes,1255.0,Rs./Quintal
Maharashtra,Nashik,Pimpalgaon Baswant Apmc,Vegetables,Tomato,2026-01-13,108.9,Metric Tonnes,1605.0,Rs./Quintal
Maharashtra,Nashik,Pimpalgaon Baswant Apmc,Vegetables,Tomato,2026-01-14,1789.5,Metric Tonnes,1580.0,Rs./Quintal
Maharashtra,Nashik,Pimpalgaon Baswant Apmc,Vegetables,Tomato,2026-01-15,47.5,Metric Tonnes,1405.0,Rs./Quintal
Maharashtra,Nashik,Pimpalgaon Baswant Apmc,Vegetables,Tomato,2026-01-16,159.6,Metric Tonnes,2255.0,Rs./Quintal
Maharashtra,Nashik,Pimpalgaon Baswant Apmc,Vegetables,Tomato,2026-01-17,0.0,Metric Tonnes,1380.0,Rs./Quintal
Maharashtra,Nashik,Pimpalgaon Baswant Apmc,Vegetables,Tomato,2026-01-18,26.9,Metric Tonnes,1505.0,Rs./Quintal
Maharashtra,Nashik,Pimpalgaon Baswant Apmc,Vegetables,Tomato,2026-01-19,58.7,Metric Tonnes,1575.0,Rs./Quintal
Maharashtra,Nashik,Pimpalgaon Baswant Apmc,Vegetables,Tomato,2026-01-20,1293.5,Metric Tonnes,1320.0,Rs./Quintal
Maharashtra,Nashik,Pimpalgaon Baswant Apmc,Vegetables,Tomato,2026-01-21,96.9,Metric Tonnes,1605.0,Rs./Quintal
Maharashtra,Nashik,Pimpalgaon Baswant Apmc,Vegetables,Tomato,2026-01-22,105.2,Metric Tonnes,1505.0,Rs./Quintal
Maharashtra,Nashik,Pimpalgaon Baswant Apmc,Vegetables,Tomato,2026-01-23,96.9,Metric Tonnes,1405.0,Rs./Quintal
Maharashtra,Nashik,Pimpalgaon Baswant Apmc,Vegetables,Tomato,2026-01-24,0.0,Metric Tonnes,990.0,Rs./Quintal
Maharashtra,Nashik,Pimpalgaon Baswant Apmc,Vegetables,Tomato,2026-01-25,1708.1,Metric Tonnes,1150.0,Rs./Quintal
Maharashtra,Nashik,Pimpalgaon Baswant Apmc,Vegetables,Tomato,2026-01-26,760.4,Metric Tonnes,1130.0,Rs./Quintal
Maharashtra,Nashik,Pimpalgaon Baswant Apmc,Vegetables,Tomato,2026-01-27,1297.7,Metric Tonnes,960.0,Rs./Quintal
Maharashtra,Nashik,Pimpalgaon Baswant Apmc,Vegetables,Tomato,2026-01-28,58.4,Metric Tonnes,905.0,Rs./Quintal
Maharashtra,Nashik,Pimpalgaon Baswant Apmc,Vegetables,Tomato,2026-01-29,467.7,Metric Tonnes,745.0,Rs./Quintal
Maharashtra,Nashik,Pimpalgaon Baswant Apmc,Vegetables,Tomato,2026-01-30,3128.0,Metric Tonnes,695.0,Rs./Quintal
Maharashtra,Nashik,Pimpalgaon Baswant Apmc,Vegetables,Tomato,2026-01-31,1665.0,Metric Tonnes,605.0,Rs./Quintal
Maharashtra,Nashik,Pimpalgaon Baswant Apmc,Vegetables,Tomato,2026-02-01,26.6,Metric Tonnes,755.0,Rs./Quintal
Maharashtra,Nashik,Pimpalgaon Baswant Apmc,Vegetables,Tomato,2026-02-02,50.3,Metric Tonnes,905.0,Rs./Quintal
Maharashtra,Nashik,Pimpalgaon Baswant Apmc,Vegetables,Tomato,2026-02-03,80.1,Metric Tonnes,755.0,Rs./Quintal
Maharashtra,Nashik,Pimpalgaon Baswant Apmc,Vegetables,Tomato,2026-02-04,70.9,Metric Tonnes,855.0,Rs./Quintal
Maharashtra,Nashik,Pimpalgaon Baswant Apmc,Vegetables,Tomato,2026-02-05,53.8,Metric Tonnes,705.0,Rs./Quintal
Maharashtra,Nashik,Pimpalgaon Baswant Apmc,Vegetables,Tomato,2026-02-06,39.3,Metric Tonnes,505.0,Rs./Quintal
Maharashtra,Nashik,Pimpalgaon Baswant Apmc,Vegetables,Tomato,2026-02-07,220.2,Metric Tonnes,435.0,Rs./Quintal
Maharashtra,Nashik,Pimpalgaon Baswant Apmc,Vegetables,Tomato,2026-02-08,8.8,Metric Tonnes,500.0,Rs./Quintal
Maharashtra,Nashik,Pimpalgaon Baswant Apmc,Vegetables,Tomato,2026-02-09,63.9,Metric Tonnes,555.0,Rs./Quintal
Maharashtra,Nashik,Pimpalgaon Baswant Apmc,Vegetables,Tomato,2026-02-10,51.1,Metric Tonnes,605.0,Rs./Quintal
Maharashtra,Nashik,Pimpalgaon Baswant Apmc,Vegetables,Tomato,2026-02-11,32.8,Metric Tonnes,755.0,Rs./Quintal
Maharashtra,Nashik,Pimpalgaon Baswant Apmc,Vegetables,Tomato,2026-02-12,80.1,Metric Tonnes,805.0,Rs./Quintal
Maharashtra,Nashik,Pimpalgaon Baswant Apmc,Vegetables,Tomato,2026-02-13,43.3,Metric Tonnes,605.0,Rs./Quintal
Maharashtra,Nashik,Pimpalgaon Baswant Apmc,Vegetables,Tomato,2026-02-14,879.8,Metric Tonnes,575.0,Rs./Quintal
Maharashtra,Nashik,Pimpalgaon Baswant Apmc,Vegetables,Tomato,2026-02-15,13.5,Metric Tonnes,555.0,Rs./Quintal
Maharashtra,Nashik,Pimpalgaon Baswant Apmc,Vegetables,Tomato,2026-02-16,61.7,Metric Tonnes,605.0,Rs./Quintal
Maharashtra,Nashik,Pimpalgaon Baswant Apmc,Vegetables,Tomato,2026-02-17,82.1,Metric Tonnes,855.0,Rs./Quintal
Maharashtra,Nashik,Pimpalgaon Baswant Apmc,Vegetables,Tomato,2026-02-18,1912.3,Metric Tonnes,395.0,Rs./Quintal
Maharashtra,Nashik,Pimpalgaon Baswant Apmc,Vegetables,Tomato,2026-02-19,20.7,Metric Tonnes,855.0,Rs./Quintal
Maharashtra,Nashik,Pimpalgaon Baswant Apmc,Vegetables,Tomato,2026-02-20,50.1,Metric Tonnes,905.0,Rs./Quintal
Maharashtra,Nashik,Pimpalgaon Baswant Apmc,Vegetables,Tomato,2026-02-21,1888.2,Metric Tonnes,430.0,Rs./Quintal
Maharashtra,Nashik,Pimpalgaon Baswant Apmc,Vegetables,Tomato,2026-02-22,22.7,Metric Tonnes,755.0,Rs./Quintal
Maharashtra,Nashik,Pimpalgaon Baswant Apmc,Vegetables,Tomato,2026-02-23,52.0,Metric Tonnes,755.0,Rs./Quintal
Maharashtra,Nashik,Pimpalgaon Baswant Apmc,Vegetables,Tomato,2026-02-24,66.1,Metric Tonnes,705.0,Rs./Quintal
Maharashtra,Nashik,Pimpalgaon Baswant Apmc,Vegetables,Tomato,2026-02-25,66.8,Metric Tonnes,755.0,Rs./Quintal
Maharashtra,Nashik,Pimpalgaon Baswant Apmc,Vegetables,Tomato,2026-02-26,47.0,Metric Tonnes,805.0,Rs./Quintal
Maharashtra,Nashik,Pimpalgaon Baswant Apmc,Vegetables,Tomato,2026-02-27,40.7,Metric Tonnes,905.0,Rs./Quintal
Maharashtra,Nashik,Pimpalgaon Baswant Apmc,Vegetables,Tomato,2026-02-28,839.4,Metric Tonnes,550.0,Rs./Quintal
Maharashtra,Nashik,Pimpalgaon Baswant Apmc,Vegetables,Tomato,2026-03-01,20.2,Metric Tonnes,755.0,Rs./Quintal
Maharashtra,Nashik,Pimpalgaon Baswant Apmc,Vegetables,Tomato,2026-03-02,0.0,Metric Tonnes,455.0,Rs./Quintal
Maharashtra,Nashik,Pimpalgaon Baswant Apmc,Vegetables,Tomato,2026-03-03,30.9,Metric Tonnes,755.0,Rs./Quintal
Maharashtra,Nashik,Pimpalgaon Baswant Apmc,Vegetables,Tomato,2026-03-04,51.1,Metric Tonnes,805.0,Rs./Quintal
Maharashtra,Nashik,Pimpalgaon Baswant Apmc,Vegetables,Tomato,2026-03-05,89.4,Metric Tonnes,755.0,Rs./Quintal
Maharashtra,Nashik,Pimpalgaon Baswant Apmc,Vegetables,Tomato,2026-03-06,67.6,Metric Tonnes,905.0,Rs./Quintal
Maharashtra,Nashik,Pimpalgaon Baswant Apmc,Vegetables,Tomato,2026-03-07,1594.1,Metric Tonnes,545.0,Rs./Quintal
Maharashtra,Nashik,Pimpalgaon Baswant Apmc,Vegetables,Tomato,2026-03-08,11.2,Metric Tonnes,855.0,Rs./Quintal
Maharashtra,Nashik,Pimpalgaon Baswant Apmc,Vegetables,Tomato,2026-03-09,57.2,Metric Tonnes,1155.0,Rs./Quintal
Maharashtra,Nashik,Pimpalgaon Baswant Apmc,Vegetables,Tomato,2026-03-10,79.8,Metric Tonnes,1005.0,Rs./Quintal
Maharashtra,Nashik,Pimpalgaon Baswant Apmc,Vegetables,Tomato,2026-03-11,45.4,Metric Tonnes,955.0,Rs./Quintal
Maharashtra,Nashik,Pimpalgaon Baswant Apmc,Vegetables,Tomato,2026-03-12,42.5,Metric Tonnes,905.0,Rs./Quintal
Maharashtra,Nashik,Pimpalgaon Baswant Apmc,Vegetables,Tomato,2026-03-13,62.6,Metric Tonnes,755.0,Rs./Quintal
Maharashtra,Nashik,Pimpalgaon Baswant Apmc,Vegetables,Tomato,2026-03-14,989.2,Metric Tonnes,580.0,Rs./Quintal
Maharashtra,Nashik,Pimpalgaon Baswant Apmc,Vegetables,Tomato,2026-03-15,25.5,Metric Tonnes,905.0,Rs./Quintal
Maharashtra,Nashik,Pimpalgaon Baswant Apmc,Vegetables,Tomato,2026-03-16,57.5,Metric Tonnes,1005.0,Rs./Quintal
Maharashtra,Nashik,Pimpalgaon Baswant Apmc,Vegetables,Tomato,2026-03-17,71.7,Metric Tonnes,755.0,Rs./Quintal
Maharashtra,Nashik,Pimpalgaon Baswant Apmc,Vegetables,Tomato,2026-03-18,56.4,Metric Tonnes,705.0,Rs./Quintal
Maharashtra,Nashik,Pimpalgaon Baswant Apmc,Vegetables,Tomato,2026-03-19,29.9,Metric Tonnes,605.0,Rs./Quintal
Maharashtra,Nashik,Pimpalgaon Baswant Apmc,Vegetables,Tomato,2026-03-20,91.3,Metric Tonnes,555.0,Rs./Quintal
Maharashtra,Nashik,Pimpalgaon Baswant Apmc,Vegetables,Tomato,2026-03-21,1196.8,Metric Tonnes,410.0,Rs./Quintal
Maharashtra,Nashik,Pimpalgaon Baswant Apmc,Vegetables,Tomato,2026-03-22,13.0,Metric Tonnes,500.0,Rs./Quintal
Maharashtra,Nashik,Pimpalgaon Baswant Apmc,Vegetables,Tomato,2026-03-23,63.4,Metric Tonnes,905.0,Rs./Quintal
Maharashtra,Nashik,Pimpalgaon Baswant Apmc,Vegetables,Tomato,2026-03-24,104.3,Metric Tonnes,1005.0,Rs./Quintal
Maharashtra,Nashik,Pimpalgaon Baswant Apmc,Vegetables,Tomato,2026-03-25,958.3,Metric Tonnes,485.0,Rs./Quintal
Maharashtra,Nashik,Pimpalgaon Baswant Apmc,Vegetables,Tomato,2026-03-26,46.0,Metric Tonnes,1255.0,Rs./Quintal
Maharashtra,Nashik,Pimpalgaon Baswant Apmc,Vegetables,Tomato,2026-03-27,88.9,Metric Tonnes,1305.0,Rs./Quintal
Maharashtra,Nashik,Pimpalgaon Baswant Apmc,Vegetables,Tomato,2026-03-28,913.3,Metric Tonnes,455.0,Rs./Quintal
Maharashtra,Nashik,Pimpalgaon Baswant Apmc,Vegetables,Tomato,2026-03-29,58.2,Metric Tonnes,1505.0,Rs./Quintal
Maharashtra,Nashik,Pimpalgaon Baswant Apmc,Vegetables,Tomato,2026-03-30,1324.0,Metric Tonnes,490.0,Rs./Quintal
Maharashtra,Nashik,Pimpalgaon Baswant Apmc,Vegetables,Tomato,2026-03-31,150.9,Metric Tonnes,605.0,Rs./Quintal
Maharashtra,Nashik,Pimpalgaon Baswant Apmc,Vegetables,Tomato,2026-04-01,112.3,Metric Tonnes,555.0,Rs./Quintal
Maharashtra,Nashik,Pimpalgaon Baswant Apmc,Vegetables,Tomato,2026-04-02,2388.6,Metric Tonnes,485.0,Rs./Quintal
Maharashtra,Nashik,Pimpalgaon Baswant Apmc,Vegetables,Tomato,2026-04-03,102.5,Metric Tonnes,605.0,Rs./Quintal
Maharashtra,Nashik,Pimpalgaon Baswant Apmc,Vegetables,Tomato,2026-04-04,559.0,Metric Tonnes,310.0,Rs./Quintal
Maharashtra,Nashik,Pimpalgaon Baswant Apmc,Vegetables,Tomato,2026-04-05,25.4,Metric Tonnes,505.0,Rs./Quintal
Maharashtra,Nashik,Pimpalgaon Baswant Apmc,Vegetables,Tomato,2026-04-06,205.4,Metric Tonnes,655.0,Rs./Quintal
Maharashtra,Nashik,Pimpalgaon Baswant Apmc,Vegetables,Tomato,2026-04-07,130.6,Metric Tonnes,755.0,Rs./Quintal
Maharashtra,Nashik,Pimpalgaon Baswant Apmc,Vegetables,Tomato,2026-04-08,151.0,Metric Tonnes,655.0,Rs./Quintal
Maharashtra,Nashik,Pimpalgaon Baswant Apmc,Vegetables,Tomato,2026-04-09,90.0,Metric Tonnes,605.0,Rs./Quintal
Maharashtra,Nashik,Pimpalgaon Baswant Apmc,Vegetables,Tomato,2026-04-10,92.9,Metric Tonnes,655.0,Rs./Quintal
Maharashtra,Nashik,Pimpalgaon Baswant Apmc,Vegetables,Tomato,2026-04-11,1063.6,Metric Tonnes,560.0,Rs./Quintal
Maharashtra,Nashik,Pimpalgaon Baswant Apmc,Vegetables,Tomato,2026-04-12,57.3,Metric Tonnes,1105.0,Rs./Quintal
Maharashtra,Nashik,Pimpalgaon Baswant Apmc,Vegetables,Tomato,2026-04-13,238.2,Metric Tonnes,1255.0,Rs./Quintal
Maharashtra,Nashik,Pimpalgaon Baswant Apmc,Vegetables,Tomato,2026-04-14,91.3,Metric Tonnes,1605.0,Rs./Quintal
Maharashtra,Nashik,Pimpalgaon Baswant Apmc,Vegetables,Tomato,2026-04-15,202.7,Metric Tonnes,1505.0,Rs./Quintal
Maharashtra,Nashik,Pimpalgaon Baswant Apmc,Vegetables,Tomato,2026-04-16,157.3,Metric Tonnes,1755.0,Rs./Quintal
Maharashtra,Nashik,Pimpalgaon Baswant Apmc,Vegetables,Tomato,2026-04-17,258.3,Metric Tonnes,1855.0,Rs./Quintal
Maharashtra,Nashik,Pimpalgaon Baswant Apmc,Vegetables,Tomato,2026-04-18,762.1,Metric Tonnes,405.0,Rs./Quintal
Maharashtra,Nashik,Pimpalgaon Baswant Apmc,Vegetables,Tomato,2026-04-19,131.1,Metric Tonnes,1855.0,Rs./Quintal
Maharashtra,Nashik,Pimpalgaon Baswant Apmc,Vegetables,Tomato,2026-04-20,203.7,Metric Tonnes,1805.0,Rs./Quintal
Maharashtra,Nashik,Pimpalgaon Baswant Apmc,Vegetables,Tomato,2026-04-21,274.9,Metric Tonnes,1755.0,Rs./Quintal
Maharashtra,Nashik,Pimpalgaon Baswant Apmc,Vegetables,Tomato,2026-04-22,262.5,Metric Tonnes,1705.0,Rs./Quintal
Maharashtra,Nashik,Pimpalgaon Baswant Apmc,Vegetables,Tomato,2026-04-23,362.3,Metric Tonnes,1755.0,Rs./Quintal
Maharashtra,Nashik,Pimpalgaon Baswant Apmc,Vegetables,Tomato,2026-04-24,333.6,Metric Tonnes,1505.0,Rs./Quintal
Maharashtra,Nashik,Pimpalgaon Baswant Apmc,Vegetables,Tomato,2026-04-25,298.7,Metric Tonnes,370.0,Rs./Quintal
Maharashtra,Nashik,Pimpalgaon Baswant Apmc,Vegetables,Tomato,2026-04-26,125.3,Metric Tonnes,1755.0,Rs./Quintal
Maharashtra,Nashik,Pimpalgaon Baswant Apmc,Vegetables,Tomato,2026-04-27,423.7,Metric Tonnes,1905.0,Rs./Quintal
Maharashtra,Nashik,Pimpalgaon Baswant Apmc,Vegetables,Tomato,2026-04-28,364.9,Metric Tonnes,1905.0,Rs./Quintal
Maharashtra,Nashik,Pimpalgaon Baswant Apmc,Vegetables,Tomato,2026-04-29,235.1,Metric Tonnes,1755.0,Rs./Quintal
Maharashtra,Nashik,Pimpalgaon Baswant Apmc,Vegetables,Tomato,2026-04-30,108.0,Metric Tonnes,270.0,Rs./Quintal
Maharashtra,Nashik,Pimpalgaon Baswant Apmc,Vegetables,Tomato,2026-05-01,142.7,Metric Tonnes,1505.0,Rs./Quintal
Maharashtra,Nashik,Pimpalgaon Baswant Apmc,Vegetables,Tomato,2026-05-02,1148.6,Metric Tonnes,295.0,Rs./Quintal
Maharashtra,Nashik,Pimpalgaon Baswant Apmc,Vegetables,Tomato,2026-05-03,113.6,Metric Tonnes,1255.0,Rs./Quintal
Maharashtra,Nashik,Pimpalgaon Baswant Apmc,Vegetables,Tomato,2026-05-04,482.3,Metric Tonnes,1405.0,Rs./Quintal
Maharashtra,Nashik,Pimpalgaon Baswant Apmc,Vegetables,Tomato,2026-05-05,260.9,Metric Tonnes,1255.0,Rs./Quintal
Maharashtra,Nashik,Pimpalgaon Baswant Apmc,Vegetables,Tomato,2026-05-06,198.5,Metric Tonnes,1105.0,Rs./Quintal
Maharashtra,Nashik,Pimpalgaon Baswant Apmc,Vegetables,Tomato,2026-05-07,191.4,Metric Tonnes,1255.0,Rs./Quintal
Maharashtra,Nashik,Pimpalgaon Baswant Apmc,Vegetables,Tomato,2026-05-08,228.0,Metric Tonnes,1305.0,Rs./Quintal
Maharashtra,Nashik,Pimpalgaon Baswant Apmc,Vegetables,Tomato,2026-05-09,2414.1,Metric Tonnes,200.0,Rs./Quintal
Maharashtra,Nashik,Pimpalgaon Baswant Apmc,Vegetables,Tomato,2026-05-10,60.1,Metric Tonnes,1755.0,Rs./Quintal
Maharashtra,Nashik,Pimpalgaon Baswant Apmc,Vegetables,Tomato,2026-05-11,236.5,Metric Tonnes,1655.0,Rs./Quintal
Maharashtra,Nashik,Pimpalgaon Baswant Apmc,Vegetables,Tomato,2026-05-12,263.7,Metric Tonnes,1705.0,Rs./Quintal
Maharashtra,Nashik,Pimpalgaon Baswant Apmc,Vegetables,Tomato,2026-05-13,203.0,Metric Tonnes,1755.0,Rs./Quintal
Maharashtra,Nashik,Pimpalgaon Baswant Apmc,Vegetables,Tomato,2026-05-14,123.7,Metric Tonnes,2055.0,Rs./Quintal
Maharashtra,Nashik,Pimpalgaon Baswant Apmc,Vegetables,Tomato,2026-05-15,186.0,Metric Tonnes,2505.0,Rs./Quintal
Maharashtra,Nashik,Pimpalgaon Baswant Apmc,Vegetables,Tomato,2026-05-16,1568.7,Metric Tonnes,200.0,Rs./Quintal
Maharashtra,Nashik,Pimpalgaon Baswant Apmc,Vegetables,Tomato,2026-05-17,80.3,Metric Tonnes,2055.0,Rs./Quintal
Maharashtra,Nashik,Pimpalgaon Baswant Apmc,Vegetables,Tomato,2026-05-18,165.2,Metric Tonnes,1855.0,Rs./Quintal
Maharashtra,Nashik,Pimpalgaon Baswant Apmc,Vegetables,Tomato,2026-05-19,138.2,Metric Tonnes,1755.0,Rs./Quintal
Maharashtra,Nashik,Pimpalgaon Baswant Apmc,Vegetables,Tomato,2026-05-20,145.1,Metric Tonnes,1805.0,Rs./Quintal
Maharashtra,Nashik,Pimpalgaon Baswant Apmc,Vegetables,Tomato,2026-05-21,104.0,Metric Tonnes,1505.0,Rs./Quintal
Maharashtra,Nashik,Pimpalgaon Baswant Apmc,Vegetables,Tomato,2026-05-22,108.0,Metric Tonnes,1405.0,Rs./Quintal
Maharashtra,Nashik,Pimpalgaon Baswant Apmc,Vegetables,Tomato,2026-05-23,1320.6,Metric Tonnes,235.0,Rs./Quintal
Maharashtra,Nashik,Pimpalgaon Baswant Apmc,Vegetables,Tomato,2026-05-24,44.6,Metric Tonnes,1255.0,Rs./Quintal
Maharashtra,Nashik,Pimpalgaon Baswant Apmc,Vegetables,Tomato,2026-05-25,163.1,Metric Tonnes,1905.0,Rs./Quintal
Maharashtra,Nashik,Pimpalgaon Baswant Apmc,Vegetables,Tomato,2026-05-26,88.7,Metric Tonnes,2055.0,Rs./Quintal
Maharashtra,Nashik,Pimpalgaon Baswant Apmc,Vegetables,Tomato,2026-05-27,104.0,Metric Tonnes,2155.0,Rs./Quintal
Maharashtra,Nashik,Pimpalgaon Baswant Apmc,Vegetables,Tomato,2026-05-28,73.4,Metric Tonnes,2005.0,Rs./Quintal
Maharashtra,Nashik,Pimpalgaon Baswant Apmc,Vegetables,Tomato,2026-05-29,89.7,Metric Tonnes,1955.0,Rs./Quintal
Maharashtra,Nashik,Pimpalgaon Baswant Apmc,Vegetables,Tomato,2026-05-30,396.5,Metric Tonnes,200.0,Rs./Quintal
Maharashtra,Nashik,Pimpalgaon Baswant Apmc,Vegetables,Tomato,2026-05-31,32.5,Metric Tonnes,2055.0,Rs./Quintal
Maharashtra,Nashik,Pimpalgaon Baswant Apmc,Vegetables,Tomato,2026-06-01,72.3,Metric Tonnes,2155.0,Rs./Quintal
Maharashtra,Nashik,Pimpalgaon Baswant Apmc,Vegetables,Tomato,2026-06-02,57.4,Metric Tonnes,2305.0,Rs./Quintal
Maharashtra,Nashik,Pimpalgaon Baswant Apmc,Vegetables,Tomato,2026-06-03,50.6,Metric Tonnes,2005.0,Rs./Quintal
Maharashtra,Nashik,Pimpalgaon Baswant Apmc,Vegetables,Tomato,2026-06-04,70.8,Metric Tonnes,1955.0,Rs./Quintal
Maharashtra,Nashik,Pimpalgaon Baswant Apmc,Vegetables,Tomato,2026-06-05,85.0,Metric Tonnes,2055.0,Rs./Quintal
Maharashtra,Nashik,Pimpalgaon Baswant Apmc,Vegetables,Tomato,2026-06-06,275.4,Metric Tonnes,245.0,Rs./Quintal
Maharashtra,Nashik,Pimpalgaon Baswant Apmc,Vegetables,Tomato,2026-06-07,24.2,Metric Tonnes,2005.0,Rs./Quintal
Maharashtra,Nashik,Pimpalgaon Baswant Apmc,Vegetables,Tomato,2026-06-08,80.0,Metric Tonnes,2705.0,Rs./Quintal
Maharashtra,Nashik,Pimpalgaon Baswant Apmc,Vegetables,Tomato,2026-06-09,47.2,Metric Tonnes,3750.0,Rs./Quintal
Maharashtra,Nashik,Pimpalgaon Baswant Apmc,Vegetables,Tomato,2026-06-10,41.7,Metric Tonnes,3105.0,Rs./Quintal
Maharashtra,Nashik,Pimpalgaon Baswant Apmc,Vegetables,Tomato,2026-06-11,31.7,Metric Tonnes,3255.0,Rs./Quintal
Maharashtra,Nashik,Pimpalgaon Baswant Apmc,Vegetables,Tomato,2026-06-12,60.9,Metric Tonnes,3105.0,Rs./Quintal
Maharashtra,Nashik,Pimpalgaon Baswant Apmc,Vegetables,Tomato,2026-06-13,2046.9,Metric Tonnes,390.0,Rs./Quintal
Maharashtra,Nashik,Pimpalgaon Baswant Apmc,Vegetables,Tomato,2026-06-14,30.3,Metric Tonnes,3005.0,Rs./Quintal
Maharashtra,Nashik,Pimpalgaon Baswant Apmc,Vegetables,Tomato,2026-06-15,65.3,Metric Tonnes,2655.0,Rs./Quintal
Maharashtra,Nashik,Pimpalgaon Baswant Apmc,Vegetables,Tomato,2026-06-16,36.4,Metric Tonnes,3005.0,Rs./Quintal
Maharashtra,Nashik,Pimpalgaon Baswant Apmc,Vegetables,Tomato,2026-06-17,25.2,Metric Tonnes,2655.0,Rs./Quintal
Maharashtra,Nashik,Pimpalgaon Baswant Apmc,Vegetables,Tomato,2026-06-18,28.3,Metric Tonnes,3605.0,Rs./Quintal
Maharashtra,Nashik,Pimpalgaon Baswant Apmc,Vegetables,Tomato,2026-06-19,25.4,Metric Tonnes,3255.0,Rs./Quintal
Maharashtra,Nashik,Pimpalgaon Baswant Apmc,Vegetables,Tomato,2026-06-20,1811.6,Metric Tonnes,865.0,Rs./Quintal
Maharashtra,Nashik,Pimpalgaon Baswant Apmc,Vegetables,Tomato,2026-06-21,21.2,Metric Tonnes,3405.0,Rs./Quintal
Maharashtra,Nashik,Pimpalgaon Baswant Apmc,Vegetables,Tomato,2026-06-22,22.4,Metric Tonnes,4005.0,Rs./Quintal
Maharashtra,Nashik,Pimpalgaon Baswant Apmc,Vegetables,Tomato,2026-06-23,37.2,Metric Tonnes,3755.0,Rs./Quintal
Maharashtra,Nashik,Pimpalgaon Baswant Apmc,Vegetables,Tomato,2026-06-24,30.8,Metric Tonnes,3405.0,Rs./Quintal
Maharashtra,Nashik,Pimpalgaon Baswant Apmc,Vegetables,Tomato,2026-06-25,21.5,Metric Tonnes,3055.0,Rs./Quintal
Maharashtra,Nashik,Pimpalgaon Baswant Apmc,Vegetables,Tomato,2026-06-26,555.4,Metric Tonnes,750.0,Rs./Quintal
Maharashtra,Nashik,Pimpalgaon Baswant Apmc,Vegetables,Tomato,2026-06-27,561.4,Metric Tonnes,960.0,Rs./Quintal
Maharashtra,Nashik,Pimpalgaon Baswant Apmc,Vegetables,Tomato,2026-06-28,2864.5,Metric Tonnes,885.0,Rs./Quintal
Maharashtra,Nashik,Pimpalgaon Baswant Apmc,Vegetables,Tomato,2026-06-29,31.1,Metric Tonnes,1905.0,Rs./Quintal
Maharashtra,Nashik,Pimpalgaon Baswant Apmc,Vegetables,Tomato,2026-06-30,0.0,Metric Tonnes,920.0,Rs./Quintal
Maharashtra,Nashik,Pimpalgaon Baswant Apmc,Vegetables,Tomato,2026-07-01,3.4,Metric Tonnes,1755.0,Rs./Quintal
Maharashtra,Nashik,Pimpalgaon Baswant Apmc,Vegetables,Tomato,2026-07-02,5.8,Metric Tonnes,1750.0,Rs./Quintal
Maharashtra,Nashik,Pimpalgaon Baswant Apmc,Vegetables,Tomato,2026-07-03,3.7,Metric Tonnes,1505.0,Rs./Quintal
Maharashtra,Nashik,Pimpalgaon Baswant Apmc,Vegetables,Tomato,2026-07-04,684.8,Metric Tonnes,800.0,Rs./Quintal
Maharashtra,Nashik,Pimpalgaon Baswant Apmc,Vegetables,Tomato,2026-07-05,2117.3,Metric Tonnes,900.0,Rs./Quintal
Maharashtra,Nashik,Pimpalgaon Baswant Apmc,Vegetables,Tomato,2026-07-06,1.7,Metric Tonnes,1405.0,Rs./Quintal
Maharashtra,Nashik,Pimpalgaon Baswant Apmc,Vegetables,Tomato,2026-07-07,538.2,Metric Tonnes,1205.0,Rs./Quintal
Maharashtra,Nashik,Pimpalgaon Baswant Apmc,Vegetables,Tomato,2026-07-08,1036.5,Metric Tonnes,945.0,Rs./Quintal
Maharashtra,Nashik,Pimpalgaon Baswant Apmc,Vegetables,Tomato,2026-07-09,10.3,Metric Tonnes,2505.0,Rs./Quintal
Maharashtra,Nashik,Pimpalgaon Baswant Apmc,Vegetables,Tomato,2026-07-10,3.0,Metric Tonnes,2755.0,Rs./Quintal
Maharashtra,Nashik,Pimpalgaon Baswant Apmc,Vegetables,Tomato,2026-07-11,948.4,Metric Tonnes,1045.0,Rs./Quintal
Maharashtra,Nashik,Pimpalgaon Baswant Apmc,Vegetables,Tomato,2026-07-12,2.0,Metric Tonnes,2755.0,Rs./Quintal
Maharashtra,Nashik,Pimpalgaon Baswant Apmc,Vegetables,Tomato,2026-07-13,6.3,Metric Tonnes,2005.0,Rs./Quintal
Maharashtra,Nashik,Pimpalgaon Baswant Apmc,Vegetables,Tomato,2026-07-14,14.7,Metric Tonnes,2105.0,Rs./Quintal
Maharashtra,Nashik,Pimpalgaon Baswant Apmc,Vegetables,Tomato,2026-07-15,13.3,Metric Tonnes,1905.0,Rs./Quintal
Maharashtra,Nashik,Pimpalgaon Baswant Apmc,Vegetables,Tomato,2026-07-16,14.7,Metric Tonnes,1455.0,Rs./Quintal
Maharashtra,Nashik,Pimpalgaon Baswant Apmc,Vegetables,Tomato,2026-07-17,10.2,Metric Tonnes,1655.0,Rs./Quintal
Maharashtra,Nashik,Pimpalgaon Baswant Apmc,Vegetables,Tomato,2026-07-18,1922.8,Metric Tonnes,795.0,Rs./Quintal
Maharashtra,Nashik,Pimpalgaon Baswant Apmc,Vegetables,Tomato,2026-07-19,7.0,Metric Tonnes,2505.0,Rs./Quintal
Maharashtra,Nashik,Pimpalgaon Baswant Apmc,Vegetables,Tomato,2026-07-20,16.5,Metric Tonnes,2655.0,Rs./Quintal
Maharashtra,Nashik,Pimpalgaon Baswant Apmc,Vegetables,Tomato,2026-07-21,11.5,Metric Tonnes,2755.0,Rs./Quintal
Maharashtra,Nashik,Pimpalgaon Baswant Apmc,Vegetables,Tomato,2026-07-22,12.3,Metric Tonnes,3005.0,Rs./Quintal
Maharashtra,Nashik,Pimpalgaon Baswant Apmc,Vegetables,Tomato,2026-07-23,20.7,Metric Tonnes,2155.0,Rs./Quintal
Maharashtra,Nashik,Pimpalgaon Baswant Apmc,Vegetables,Tomato,2026-07-24,1104.5,Metric Tonnes,550.0,Rs./Quintal
Maharashtra,Nashik,Pimpalgaon Baswant Apmc,Vegetables,Tomato,2026-07-25,871.3,Metric Tonnes,575.0,Rs./Quintal
Maharashtra,Nashik,Pimpalgaon Baswant Apmc,Vegetables,Tomato,2026-07-26,31.5,Metric Tonnes,3005.0,Rs./Quintal
Maharashtra,Nashik,Pimpalgaon Baswant Apmc,Vegetables,Tomato,2026-07-27,37.9,Metric Tonnes,2655.0,Rs./Quintal
Maharashtra,Nashik,Pimpalgaon Baswant Apmc,Vegetables,Tomato,2026-07-28,30.3,Metric Tonnes,2505.0,Rs./Quintal
Maharashtra,Nashik,Pimpalgaon Baswant Apmc,Vegetables,Tomato,2026-07-29,49.9,Metric Tonnes,2005.0,Rs./Quintal
Maharashtra,Nashik,Pimpalgaon Baswant Apmc,Vegetables,Tomato,2026-07-30,40.4,Metric Tonnes,2105.0,Rs./Quintal
Maharashtra,Nashik,Pimpalgaon Baswant Apmc,Vegetables,Tomato,2026-07-31,3.5,Metric Tonnes,2755.0,Rs./Quintal
Maharashtra,Nashik,Pimpalgaon Baswant Apmc,Vegetables,Tomato,2026-08-01,0.0,Metric Tonnes,285.0,Rs./Quintal
Maharashtra,Nashik,Pimpalgaon Baswant Apmc,Vegetables,Tomato,2026-08-02,30.7,Metric Tonnes,2405.0,Rs./Quintal
Maharashtra,Nashik,Pimpalgaon Baswant Apmc,Vegetables,Tomato,2026-08-03,50.9,Metric Tonnes,2505.0,Rs./Quintal
Maharashtra,Nashik,Pimpalgaon Baswant Apmc,Vegetables,Tomato,2026-08-04,77.9,Metric Tonnes,2405.0,Rs./Quintal
Maharashtra,Nashik,Pimpalgaon Baswant Apmc,Vegetables,Tomato,2026-08-05,111.0,Metric Tonnes,1905.0,Rs./Quintal
Maharashtra,Nashik,Pimpalgaon Baswant Apmc,Vegetables,Tomato,2026-08-06,124.7,Metric Tonnes,1755.0,Rs./Quintal
Maharashtra,Nashik,Pimpalgaon Baswant Apmc,Vegetables,Tomato,2026-08-07,163.2,Metric Tonnes,1505.0,Rs./Quintal
Maharashtra,Nashik,Pimpalgaon Baswant Apmc,Vegetables,Tomato,2026-08-08,1596.5,Metric Tonnes,515.0,Rs./Quintal
Maharashtra,Nashik,Pimpalgaon Baswant Apmc,Vegetables,Tomato,2026-08-09,2557.2,Metric Tonnes,600.0,Rs./Quintal
Maharashtra,Pune,Pune Apmc,Vegetables,Tomato,2025-01-01,142.9,Metric Tonnes,1050.0,Rs./Quintal
Maharashtra,Pune,Pune Apmc,Vegetables,Tomato,2025-01-02,200.6,Metric Tonnes,950.0,Rs./Quintal
Maharashtra,Pune,Pune Apmc,Vegetables,Tomato,2025-01-03,231.9,Metric Tonnes,1050.0,Rs./Quintal
Maharashtra,Pune,Pune Apmc,Vegetables,Tomato,2025-01-05,389.8,Metric Tonnes,1000.0,Rs./Quintal
Maharashtra,Pune,Pune Apmc,Vegetables,Tomato,2025-01-06,156.0,Metric Tonnes,1250.0,Rs./Quintal
Maharashtra,Pune,Pune Apmc,Vegetables,Tomato,2025-01-07,193.8,Metric Tonnes,1000.0,Rs./Quintal
Maharashtra,Pune,Pune Apmc,Vegetables,Tomato,2025-01-08,184.9,Metric Tonnes,1050.0,Rs./Quintal
Maharashtra,Pune,Pune Apmc,Vegetables,Tomato,2025-01-09,221.3,Metric Tonnes,850.0,Rs./Quintal
Maharashtra,Pune,Pune Apmc,Vegetables,Tomato,2025-01-10,277.5,Metric Tonnes,950.0,Rs./Quintal
Maharashtra,Pune,Pune Apmc,Vegetables,Tomato,2025-01-12,2996.0,Metric Tonnes,1050.0,Rs./Quintal
Maharashtra,Pune,Pune Apmc,Vegetables,Tomato,2025-01-13,142.9,Metric Tonnes,900.0,Rs./Quintal
Maharashtra,Pune,Pune Apmc,Vegetables,Tomato,2025-01-14,113.4,Metric Tonnes,1150.0,Rs./Quintal
Maharashtra,Pune,Pune Apmc,Vegetables,Tomato,2025-01-15,231.6,Metric Tonnes,1000.0,Rs./Quintal
Maharashtra,Pune,Pune Apmc,Vegetables,Tomato,2025-01-16,327.3,Metric Tonnes,900.0,Rs./Quintal
Maharashtra,Pune,Pune Apmc,Vegetables,Tomato,2025-01-17,350.7,Metric Tonnes,850.0,Rs./Quintal
Maharashtra,Pune,Pune Apmc,Vegetables,Tomato,2025-01-19,317.3,Metric Tonnes,750.0,Rs./Quintal
Maharashtra,Pune,Pune Apmc,Vegetables,Tomato,2025-01-20,137.4,Metric Tonnes,900.0,Rs./Quintal
Maharashtra,Pune,Pune Apmc,Vegetables,Tomato,2025-01-21,241.8,Metric Tonnes,800.0,Rs./Quintal
Maharashtra,Pune,Pune Apmc,Vegetables,Tomato,2025-01-22,167.7,Metric Tonnes,850.0,Rs./Quintal
Maharashtra,Pune,Pune Apmc,Vegetables,Tomato,2025-01-23,196.5,Metric Tonnes,850.0,Rs./Quintal
Maharashtra,Pune,Pune Apmc,Vegetables,Tomato,2025-01-24,283.0,Metric Tonnes,900.0,Rs./Quintal
Maharashtra,Pune,Pune Apmc,Vegetables,Tomato,2025-01-27,222.0,Metric Tonnes,900.0,Rs./Quintal
Maharashtra,Pune,Pune Apmc,Vegetables,Tomato,2025-01-28,237.6,Metric Tonnes,10500.0,Rs./Quintal
Maharashtra,Pune,Pune Apmc,Vegetables,Tomato,2025-01-29,249.5,Metric Tonnes,10500.0,Rs./Quintal
Maharashtra,Pune,Pune Apmc,Vegetables,Tomato,2025-01-30,229.9,Metric Tonnes,900.0,Rs./Quintal
Maharashtra,Pune,Pune Apmc,Vegetables,Tomato,2025-01-31,265.4,Metric Tonnes,900.0,Rs./Quintal
Maharashtra,Pune,Pune Apmc,Vegetables,Tomato,2025-02-02,282.4,Metric Tonnes,1000.0,Rs./Quintal
Maharashtra,Pune,Pune Apmc,Vegetables,Tomato,2025-02-03,734.0,Metric Tonnes,900.0,Rs./Quintal
Maharashtra,Pune,Pune Apmc,Vegetables,Tomato,2025-02-04,242.2,Metric Tonnes,950.0,Rs./Quintal
Maharashtra,Pune,Pune Apmc,Vegetables,Tomato,2025-02-05,205.8,Metric Tonnes,900.0,Rs./Quintal
Maharashtra,Pune,Pune Apmc,Vegetables,Tomato,2025-02-06,207.8,Metric Tonnes,700.0,Rs./Quintal
Maharashtra,Pune,Pune Apmc,Vegetables,Tomato,2025-02-07,205.5,Metric Tonnes,800.0,Rs./Quintal
Maharashtra,Pune,Pune Apmc,Vegetables,Tomato,2025-02-09,332.1,Metric Tonnes,800.0,Rs./Quintal
Maharashtra,Pune,Pune Apmc,Vegetables,Tomato,2025-02-13,175.5,Metric Tonnes,850.0,Rs./Quintal
Maharashtra,Pune,Pune Apmc,Vegetables,Tomato,2025-02-14,219.1,Metric Tonnes,700.0,Rs./Quintal
Maharashtra,Pune,Pune Apmc,Vegetables,Tomato,2025-02-16,275.3,Metric Tonnes,850.0,Rs./Quintal
Maharashtra,Pune,Pune Apmc,Vegetables,Tomato,2025-02-17,159.3,Metric Tonnes,950.0,Rs./Quintal
Maharashtra,Pune,Pune Apmc,Vegetables,Tomato,2025-02-18,182.5,Metric Tonnes,900.0,Rs./Quintal
Maharashtra,Pune,Pune Apmc,Vegetables,Tomato,2025-02-19,167.2,Metric Tonnes,850.0,Rs./Quintal
Maharashtra,Pune,Pune Apmc,Vegetables,Tomato,2025-02-20,229.0,Metric Tonnes,900.0,Rs./Quintal
Maharashtra,Pune,Pune Apmc,Vegetables,Tomato,2025-02-21,188.7,Metric Tonnes,800.0,Rs./Quintal
Maharashtra,Pune,Pune Apmc,Vegetables,Tomato,2025-02-23,273.6,Metric Tonnes,800.0,Rs./Quintal
Maharashtra,Pune,Pune Apmc,Vegetables,Tomato,2025-02-24,165.1,Metric Tonnes,900.0,Rs./Quintal
Maharashtra,Pune,Pune Apmc,Vegetables,Tomato,2025-02-25,208.3,Metric Tonnes,850.0,Rs./Quintal
Maharashtra,Pune,Pune Apmc,Vegetables,Tomato,2025-02-26,108.1,Metric Tonnes,900.0,Rs./Quintal
Maharashtra,Pune,Pune Apmc,Vegetables,Tomato,2025-02-27,211.6,Metric Tonnes,900.0,Rs./Quintal
Maharashtra,Pune,Pune Apmc,Vegetables,Tomato,2025-02-28,227.2,Metric Tonnes,850.0,Rs./Quintal
Maharashtra,Pune,Pune Apmc,Vegetables,Tomato,2025-03-02,264.3,Metric Tonnes,900.0,Rs./Quintal
Maharashtra,Pune,Pune Apmc,Vegetables,Tomato,2025-03-03,208.1,Metric Tonnes,900.0,Rs./Quintal
Maharashtra,Pune,Pune Apmc,Vegetables,Tomato,2025-03-04,225.8,Metric Tonnes,900.0,Rs./Quintal
Maharashtra,Pune,Pune Apmc,Vegetables,Tomato,2025-03-05,206.7,Metric Tonnes,850.0,Rs./Quintal
Maharashtra,Pune,Pune Apmc,Vegetables,Tomato,2025-03-06,195.4,Metric Tonnes,900.0,Rs./Quintal
Maharashtra,Pune,Pune Apmc,Vegetables,Tomato,2025-03-07,174.1,Metric Tonnes,900.0,Rs./Quintal
Maharashtra,Pune,Pune Apmc,Vegetables,Tomato,2025-03-09,232.4,Metric Tonnes,900.0,Rs./Quintal
Maharashtra,Pune,Pune Apmc,Vegetables,Tomato,2025-03-10,177.3,Metric Tonnes,900.0,Rs./Quintal
Maharashtra,Pune,Pune Apmc,Vegetables,Tomato,2025-03-11,194.2,Metric Tonnes,900.0,Rs./Quintal
Maharashtra,Pune,Pune Apmc,Vegetables,Tomato,2025-03-12,153.3,Metric Tonnes,900.0,Rs./Quintal
Maharashtra,Pune,Pune Apmc,Vegetables,Tomato,2025-03-13,179.9,Metric Tonnes,900.0,Rs./Quintal
Maharashtra,Pune,Pune Apmc,Vegetables,Tomato,2025-03-14,122.4,Metric Tonnes,1100.0,Rs./Quintal
Maharashtra,Pune,Pune Apmc,Vegetables,Tomato,2025-03-16,332.0,Metric Tonnes,900.0,Rs./Quintal
Maharashtra,Pune,Pune Apmc,Vegetables,Tomato,2025-03-17,211.6,Metric Tonnes,900.0,Rs./Quintal
Maharashtra,Pune,Pune Apmc,Vegetables,Tomato,2025-03-18,238.1,Metric Tonnes,850.0,Rs./Quintal
Maharashtra,Pune,Pune Apmc,Vegetables,Tomato,2025-03-19,166.5,Metric Tonnes,850.0,Rs./Quintal
Maharashtra,Pune,Pune Apmc,Vegetables,Tomato,2025-03-20,207.9,Metric Tonnes,750.0,Rs./Quintal
Maharashtra,Pune,Pune Apmc,Vegetables,Tomato,2025-03-21,204.7,Metric Tonnes,850.0,Rs./Quintal
Maharashtra,Pune,Pune Apmc,Vegetables,Tomato,2025-03-23,298.2,Metric Tonnes,900.0,Rs./Quintal
Maharashtra,Pune,Pune Apmc,Vegetables,Tomato,2025-03-24,202.8,Metric Tonnes,800.0,Rs./Quintal
Maharashtra,Pune,Pune Apmc,Vegetables,Tomato,2025-03-25,231.9,Metric Tonnes,850.0,Rs./Quintal
Maharashtra,Pune,Pune Apmc,Vegetables,Tomato,2025-03-26,117.5,Metric Tonnes,900.0,Rs./Quintal
Maharashtra,Pune,Pune Apmc,Vegetables,Tomato,2025-03-27,211.8,Metric Tonnes,750.0,Rs./Quintal
Maharashtra,Pune,Pune Apmc,Vegetables,Tomato,2025-03-28,239.9,Metric Tonnes,700.0,Rs./Quintal
Maharashtra,Pune,Pune Apmc,Vegetables,Tomato,2025-03-30,229.6,Metric Tonnes,900.0,Rs./Quintal
Maharashtra,Pune,Pune Apmc,Vegetables,Tomato,2025-03-31,115.6,Metric Tonnes,900.0,Rs./Quintal
Maharashtra,Pune,Pune Apmc,Vegetables,Tomato,2025-04-01,269.5,Metric Tonnes,750.0,Rs./Quintal
Maharashtra,Pune,Pune Apmc,Vegetables,Tomato,2025-04-02,182.5,Metric Tonnes,750.0,Rs./Quintal
Maharashtra,Pune,Pune Apmc,Vegetables,Tomato,2025-04-03,225.1,Metric Tonnes,750.0,Rs./Quintal
Maharashtra,Pune,Pune Apmc,Vegetables,Tomato,2025-04-04,209.3,Metric Tonnes,800.0,Rs./Quintal
Maharashtra,Pune,Pune Apmc,Vegetables,Tomato,2025-04-06,301.2,Metric Tonnes,850.0,Rs./Quintal
Maharashtra,Pune,Pune Apmc,Vegetables,Tomato,2025-04-07,160.4,Metric Tonnes,850.0,Rs./Quintal
Maharashtra,Pune,Pune Apmc,Vegetables,Tomato,2025-04-08,203.5,Metric Tonnes,750.0,Rs./Quintal
Maharashtra,Pune,Pune Apmc,Vegetables,Tomato,2025-04-09,152.3,Metric Tonnes,850.0,Rs./Quintal
Maharashtra,Pune,Pune Apmc,Vegetables,Tomato,2025-04-10,170.1,Metric Tonnes,850.0,Rs./Quintal
Maharashtra,Pune,Pune Apmc,Vegetables,Tomato,2025-04-11,237.6,Metric Tonnes,850.0,Rs./Quintal
Maharashtra,Pune,Pune Apmc,Vegetables,Tomato,2025-04-13,242.6,Metric Tonnes,850.0,Rs./Quintal
Maharashtra,Pune,Pune Apmc,Vegetables,Tomato,2025-04-14,219.7,Metric Tonnes,900.0,Rs./Quintal
Maharashtra,Pune,Pune Apmc,Vegetables,Tomato,2025-04-15,235.7,Metric Tonnes,850.0,Rs./Quintal
Maharashtra,Pune,Pune Apmc,Vegetables,Tomato,2025-04-16,189.9,Metric Tonnes,850.0,Rs./Quintal
Maharashtra,Pune,Pune Apmc,Vegetables,Tomato,2025-04-17,208.3,Metric Tonnes,850.0,Rs./Quintal
Maharashtra,Pune,Pune Apmc,Vegetables,Tomato,2025-04-18,222.3,Metric Tonnes,850.0,Rs./Quintal
Maharashtra,Pune,Pune Apmc,Vegetables,Tomato,2025-04-20,284.9,Metric Tonnes,900.0,Rs./Quintal
Maharashtra,Pune,Pune Apmc,Vegetables,Tomato,2025-04-21,160.3,Metric Tonnes,1000.0,Rs./Quintal
Maharashtra,Pune,Pune Apmc,Vegetables,Tomato,2025-04-22,176.4,Metric Tonnes,900.0,Rs./Quintal
Maharashtra,Pune,Pune Apmc,Vegetables,Tomato,2025-04-23,189.0,Metric Tonnes,850.0,Rs./Quintal
Maharashtra,Pune,Pune Apmc,Vegetables,Tomato,2025-04-24,235.7,Metric Tonnes,850.0,Rs./Quintal
Maharashtra,Pune,Pune Apmc,Vegetables,Tomato,2025-04-25,244.8,Metric Tonnes,850.0,Rs./Quintal
Maharashtra,Pune,Pune Apmc,Vegetables,Tomato,2025-04-27,209.8,Metric Tonnes,850.0,Rs./Quintal
Maharashtra,Pune,Pune Apmc,Vegetables,Tomato,2025-04-28,224.1,Metric Tonnes,850.0,Rs./Quintal
Maharashtra,Pune,Pune Apmc,Vegetables,Tomato,2025-04-29,238.2,Metric Tonnes,850.0,Rs./Quintal
Maharashtra,Pune,Pune Apmc,Vegetables,Tomato,2025-04-30,195.6,Metric Tonnes,800.0,Rs./Quintal
Maharashtra,Pune,Pune Apmc,Vegetables,Tomato,2025-05-02,277.4,Metric Tonnes,850.0,Rs./Quintal
Maharashtra,Pune,Pune Apmc,Vegetables,Tomato,2025-05-04,290.0,Metric Tonnes,950.0,Rs./Quintal
Maharashtra,Pune,Pune Apmc,Vegetables,Tomato,2025-05-05,235.8,Metric Tonnes,900.0,Rs./Quintal
Maharashtra,Pune,Pune Apmc,Vegetables,Tomato,2025-05-06,217.0,Metric Tonnes,900.0,Rs./Quintal
Maharashtra,Pune,Pune Apmc,Vegetables,Tomato,2025-05-07,210.3,Metric Tonnes,900.0,Rs./Quintal
Maharashtra,Pune,Pune Apmc,Vegetables,Tomato,2025-05-08,247.7,Metric Tonnes,900.0,Rs./Quintal
Maharashtra,Pune,Pune Apmc,Vegetables,Tomato,2025-05-09,253.0,Metric Tonnes,850.0,Rs./Quintal
Maharashtra,Pune,Pune Apmc,Vegetables,Tomato,2025-05-11,289.8,Metric Tonnes,900.0,Rs./Quintal
Maharashtra,Pune,Pune Apmc,Vegetables,Tomato,2025-05-12,197.9,Metric Tonnes,900.0,Rs./Quintal
Maharashtra,Pune,Pune Apmc,Vegetables,Tomato,2025-05-15,153.6,Metric Tonnes,1000.0,Rs./Quintal
Maharashtra,Pune,Pune Apmc,Vegetables,Tomato,2025-05-16,235.2,Metric Tonnes,1250.0,Rs./Quintal
Maharashtra,Pune,Pune Apmc,Vegetables,Tomato,2025-05-18,331.7,Metric Tonnes,1400.0,Rs./Quintal
Maharashtra,Pune,Pune Apmc,Vegetables,Tomato,2025-05-19,249.0,Metric Tonnes,1300.0,Rs./Quintal
Maharashtra,Pune,Pune Apmc,Vegetables,Tomato,2025-05-20,210.1,Metric Tonnes,1200.0,Rs./Quintal
Maharashtra,Pune,Pune Apmc,Vegetables,Tomato,2025-05-21,108.3,Metric Tonnes,1150.0,Rs./Quintal
Maharashtra,Pune,Pune Apmc,Vegetables,Tomato,2025-05-22,135.6,Metric Tonnes,2000.0,Rs./Quintal
Maharashtra,Pune,Pune Apmc,Vegetables,Tomato,2025-05-23,189.8,Metric Tonnes,2250.0,Rs./Quintal
Maharashtra,Pune,Pune Apmc,Vegetables,Tomato,2025-05-25,321.2,Metric Tonnes,3250.0,Rs./Quintal
Maharashtra,Pune,Pune Apmc,Vegetables,Tomato,2025-05-26,298.4,Metric Tonnes,2000.0,Rs./Quintal
Maharashtra,Pune,Pune Apmc,Vegetables,Tomato,2025-05-27,172.2,Metric Tonnes,1800.0,Rs./Quintal
Maharashtra,Pune,Pune Apmc,Vegetables,Tomato,2025-05-28,215.2,Metric Tonnes,2500.0,Rs./Quintal
Maharashtra,Pune,Pune Apmc,Vegetables,Tomato,2025-05-29,248.0,Metric Tonnes,2500.0,Rs./Quintal
Maharashtra,Pune,Pune Apmc,Vegetables,Tomato,2025-05-30,401.1,Metric Tonnes,1900.0,Rs./Quintal
Maharashtra,Pune,Pune Apmc,Vegetables,Tomato,2025-06-01,413.1,Metric Tonnes,1400.0,Rs./Quintal
Maharashtra,Pune,Pune Apmc,Vegetables,Tomato,2025-06-03,248.6,Metric Tonnes,2000.0,Rs./Quintal
Maharashtra,Pune,Pune Apmc,Vegetables,Tomato,2025-06-04,254.1,Metric Tonnes,1750.0,Rs./Quintal
Maharashtra,Pune,Pune Apmc,Vegetables,Tomato,2025-06-05,197.6,Metric Tonnes,1600.0,Rs./Quintal
Maharashtra,Pune,Pune Apmc,Vegetables,Tomato,2025-06-06,251.2,Metric Tonnes,1500.0,Rs./Quintal
Maharashtra,Pune,Pune Apmc,Vegetables,Tomato,2025-06-08,312.2,Metric Tonnes,1750.0,Rs./Quintal
Maharashtra,Pune,Pune Apmc,Vegetables,Tomato,2025-06-09,199.9,Metric Tonnes,1750.0,Rs./Quintal
Maharashtra,Pune,Pune Apmc,Vegetables,Tomato,2025-06-10,244.4,Metric Tonnes,1500.0,Rs./Quintal
Maharashtra,Pune,Pune Apmc,Vegetables,Tomato,2025-06-11,204.6,Metric Tonnes,1500.0,Rs./Quintal
Maharashtra,Pune,Pune Apmc,Vegetables,Tomato,2025-06-12,186.5,Metric Tonnes,1500.0,Rs./Quintal
Maharashtra,Pune,Pune Apmc,Vegetables,Tomato,2025-06-13,243.7,Metric Tonnes,2000.0,Rs./Quintal
Maharashtra,Pune,Pune Apmc,Vegetables,Tomato,2025-06-15,363.0,Metric Tonnes,1600.0,Rs./Quintal
Maharashtra,Pune,Pune Apmc,Vegetables,Tomato,2025-06-16,256.3,Metric Tonnes,1600.0,Rs./Quintal
Maharashtra,Pune,Pune Apmc,Vegetables,Tomato,2025-06-17,222.3,Metric Tonnes,1650.0,Rs./Quintal
Maharashtra,Pune,Pune Apmc,Vegetables,Tomato,2025-06-18,269.9,Metric Tonnes,1650.0,Rs./Quintal
Maharashtra,Pune,Pune Apmc,Vegetables,Tomato,2025-06-19,326.6,Metric Tonnes,1500.0,Rs./Quintal
Maharashtra,Pune,Pune Apmc,Vegetables,Tomato,2025-06-20,227.4,Metric Tonnes,1500.0,Rs./Quintal
Maharashtra,Pune,Pune Apmc,Vegetables,Tomato,2025-06-22,391.9,Metric Tonnes,1200.0,Rs./Quintal
Maharashtra,Pune,Pune Apmc,Vegetables,Tomato,2025-06-23,309.2,Metric Tonnes,1100.0,Rs./Quintal
Maharashtra,Pune,Pune Apmc,Vegetables,Tomato,2025-06-24,314.4,Metric Tonnes,1100.0,Rs./Quintal
Maharashtra,Pune,Pune Apmc,Vegetables,Tomato,2025-06-25,256.3,Metric Tonnes,950.0,Rs./Quintal
Maharashtra,Pune,Pune Apmc,Vegetables,Tomato,2025-06-26,244.6,Metric Tonnes,1250.0,Rs./Quintal
Maharashtra,Pune,Pune Apmc,Vegetables,Tomato,2025-06-27,244.6,Metric Tonnes,1250.0,Rs./Quintal
Maharashtra,Pune,Pune Apmc,Vegetables,Tomato,2025-06-29,389.4,Metric Tonnes,1200.0,Rs./Quintal
Maharashtra,Pune,Pune Apmc,Vegetables,Tomato,2025-06-30,253.3,Metric Tonnes,1300.0,Rs./Quintal
Maharashtra,Pune,Pune Apmc,Vegetables,Tomato,2025-07-01,282.9,Metric Tonnes,1100.0,Rs./Quintal
Maharashtra,Pune,Pune Apmc,Vegetables,Tomato,2025-07-03,216.1,Metric Tonnes,1050.0,Rs./Quintal
Maharashtra,Pune,Pune Apmc,Vegetables,Tomato,2025-07-04,240.5,Metric Tonnes,1300.0,Rs./Quintal
Maharashtra,Pune,Pune Apmc,Vegetables,Tomato,2025-07-06,247.4,Metric Tonnes,1800.0,Rs./Quintal
Maharashtra,Pune,Pune Apmc,Vegetables,Tomato,2025-07-07,257.1,Metric Tonnes,1750.0,Rs./Quintal
Maharashtra,Pune,Pune Apmc,Vegetables,Tomato,2025-07-09,179.2,Metric Tonnes,1400.0,Rs./Quintal
Maharashtra,Pune,Pune Apmc,Vegetables,Tomato,2025-07-10,229.3,Metric Tonnes,1600.0,Rs./Quintal
Maharashtra,Pune,Pune Apmc,Vegetables,Tomato,2025-07-11,262.6,Metric Tonnes,1400.0,Rs./Quintal
Maharashtra,Pune,Pune Apmc,Vegetables,Tomato,2025-07-13,465.6,Metric Tonnes,1400.0,Rs./Quintal
Maharashtra,Pune,Pune Apmc,Vegetables,Tomato,2025-07-14,231.9,Metric Tonnes,1500.0,Rs./Quintal
Maharashtra,Pune,Pune Apmc,Vegetables,Tomato,2025-07-15,274.6,Metric Tonnes,1200.0,Rs./Quintal
Maharashtra,Pune,Pune Apmc,Vegetables,Tomato,2025-07-16,162.3,Metric Tonnes,1050.0,Rs./Quintal
Maharashtra,Pune,Pune Apmc,Vegetables,Tomato,2025-07-17,341.3,Metric Tonnes,1000.0,Rs./Quintal
Maharashtra,Pune,Pune Apmc,Vegetables,Tomato,2025-07-18,322.8,Metric Tonnes,1000.0,Rs./Quintal
Maharashtra,Pune,Pune Apmc,Vegetables,Tomato,2025-07-20,272.8,Metric Tonnes,1100.0,Rs./Quintal
Maharashtra,Pune,Pune Apmc,Vegetables,Tomato,2025-07-21,161.5,Metric Tonnes,1400.0,Rs./Quintal
Maharashtra,Pune,Pune Apmc,Vegetables,Tomato,2025-07-22,216.3,Metric Tonnes,1500.0,Rs./Quintal
Maharashtra,Pune,Pune Apmc,Vegetables,Tomato,2025-07-23,145.7,Metric Tonnes,2000.0,Rs./Quintal
Maharashtra,Pune,Pune Apmc,Vegetables,Tomato,2025-07-24,210.4,Metric Tonnes,1850.0,Rs./Quintal
Maharashtra,Pune,Pune Apmc,Vegetables,Tomato,2025-07-25,237.9,Metric Tonnes,2100.0,Rs./Quintal
Maharashtra,Pune,Pune Apmc,Vegetables,Tomato,2025-07-27,271.7,Metric Tonnes,3000.0,Rs./Quintal
Maharashtra,Pune,Pune Apmc,Vegetables,Tomato,2025-07-28,154.3,Metric Tonnes,3250.0,Rs./Quintal
Maharashtra,Pune,Pune Apmc,Vegetables,Tomato,2025-07-29,164.9,Metric Tonnes,3050.0,Rs./Quintal
Maharashtra,Pune,Pune Apmc,Vegetables,Tomato,2025-07-30,195.6,Metric Tonnes,3050.0,Rs./Quintal
Maharashtra,Pune,Pune Apmc,Vegetables,Tomato,2025-07-31,266.7,Metric Tonnes,2500.0,Rs./Quintal
Maharashtra,Pune,Pune Apmc,Vegetables,Tomato,2025-08-01,236.8,Metric Tonnes,2000.0,Rs./Quintal
Maharashtra,Pune,Pune Apmc,Vegetables,Tomato,2025-08-03,290.7,Metric Tonnes,2500.0,Rs./Quintal
Maharashtra,Pune,Pune Apmc,Vegetables,Tomato,2025-08-04,153.3,Metric Tonnes,2750.0,Rs./Quintal
Maharashtra,Pune,Pune Apmc,Vegetables,Tomato,2025-08-05,213.2,Metric Tonnes,3000.0,Rs./Quintal
Maharashtra,Pune,Pune Apmc,Vegetables,Tomato,2025-08-06,183.9,Metric Tonnes,2500.0,Rs./Quintal
Maharashtra,Pune,Pune Apmc,Vegetables,Tomato,2025-08-07,178.1,Metric Tonnes,2500.0,Rs./Quintal
Maharashtra,Pune,Pune Apmc,Vegetables,Tomato,2025-08-08,211.3,Metric Tonnes,2500.0,Rs./Quintal
Maharashtra,Pune,Pune Apmc,Vegetables,Tomato,2025-08-10,256.7,Metric Tonnes,2500.0,Rs./Quintal
Maharashtra,Pune,Pune Apmc,Vegetables,Tomato,2025-08-11,200.4,Metric Tonnes,2750.0,Rs./Quintal
Maharashtra,Pune,Pune Apmc,Vegetables,Tomato,2025-08-12,228.1,Metric Tonnes,2250.0,Rs./Quintal
Maharashtra,Pune,Pune Apmc,Vegetables,Tomato,2025-08-13,194.1,Metric Tonnes,2000.0,Rs./Quintal
Maharashtra,Pune,Pune Apmc,Vegetables,Tomato,2025-08-14,314.4,Metric Tonnes,2000.0,Rs./Quintal
Maharashtra,Pune,Pune Apmc,Vegetables,Tomato,2025-08-17,364.0,Metric Tonnes,2000.0,Rs./Quintal
Maharashtra,Pune,Pune Apmc,Vegetables,Tomato,2025-08-18,170.8,Metric Tonnes,2000.0,Rs./Quintal
Maharashtra,Pune,Pune Apmc,Vegetables,Tomato,2025-08-19,147.5,Metric Tonnes,2000.0,Rs./Quintal
Maharashtra,Pune,Pune Apmc,Vegetables,Tomato,2025-08-20,85.2,Metric Tonnes,2500.0,Rs./Quintal
Maharashtra,Pune,Pune Apmc,Vegetables,Tomato,2025-08-21,174.3,Metric Tonnes,3500.0,Rs./Quintal
Maharashtra,Pune,Pune Apmc,Vegetables,Tomato,2025-08-22,239.9,Metric Tonnes,2500.0,Rs./Quintal
Maharashtra,Pune,Pune Apmc,Vegetables,Tomato,2025-08-24,425.7,Metric Tonnes,2250.0,Rs./Quintal
Maharashtra,Pune,Pune Apmc,Vegetables,Tomato,2025-08-25,222.2,Metric Tonnes,2000.0,Rs./Quintal
Maharashtra,Pune,Pune Apmc,Vegetables,Tomato,2025-08-26,258.6,Metric Tonnes,2000.0,Rs./Quintal
Maharashtra,Pune,Pune Apmc,Vegetables,Tomato,2025-08-27,135.3,Metric Tonnes,1500.0,Rs./Quintal
Maharashtra,Pune,Pune Apmc,Vegetables,Tomato,2025-08-28,157.5,Metric Tonnes,1100.0,Rs./Quintal
Maharashtra,Pune,Pune Apmc,Vegetables,Tomato,2025-08-29,183.8,Metric Tonnes,1350.0,Rs./Quintal
Maharashtra,Pune,Pune Apmc,Vegetables,Tomato,2025-08-31,264.2,Metric Tonnes,2000.0,Rs./Quintal
Maharashtra,Pune,Pune Apmc,Vegetables,Tomato,2025-09-01,152.0,Metric Tonnes,2000.0,Rs./Quintal
Maharashtra,Pune,Pune Apmc,Vegetables,Tomato,2025-09-02,188.8,Metric Tonnes,1750.0,Rs./Quintal
Maharashtra,Pune,Pune Apmc,Vegetables,Tomato,2025-09-03,169.6,Metric Tonnes,1500.0,Rs./Quintal
Maharashtra,Pune,Pune Apmc,Vegetables,Tomato,2025-09-04,244.1,Metric Tonnes,1500.0,Rs./Quintal
Maharashtra,Pune,Pune Apmc,Vegetables,Tomato,2025-09-05,341.0,Metric Tonnes,1500.0,Rs./Quintal
Maharashtra,Pune,Pune Apmc,Vegetables,Tomato,2025-09-08,432.8,Metric Tonnes,1500.0,Rs./Quintal
Maharashtra,Pune,Pune Apmc,Vegetables,Tomato,2025-09-09,211.5,Metric Tonnes,1500.0,Rs./Quintal
Maharashtra,Pune,Pune Apmc,Vegetables,Tomato,2025-09-10,187.6,Metric Tonnes,1300.0,Rs./Quintal
Maharashtra,Pune,Pune Apmc,Vegetables,Tomato,2025-09-11,331.0,Metric Tonnes,1300.0,Rs./Quintal
Maharashtra,Pune,Pune Apmc,Vegetables,Tomato,2025-09-12,231.2,Metric Tonnes,1100.0,Rs./Quintal
Maharashtra,Pune,Pune Apmc,Vegetables,Tomato,2025-09-14,330.9,Metric Tonnes,1250.0,Rs./Quintal
Maharashtra,Pune,Pune Apmc,Vegetables,Tomato,2025-09-15,191.7,Metric Tonnes,1000.0,Rs./Quintal
Maharashtra,Pune,Pune Apmc,Vegetables,Tomato,2025-09-16,124.2,Metric Tonnes,900.0,Rs./Quintal
Maharashtra,Pune,Pune Apmc,Vegetables,Tomato,2025-09-17,192.2,Metric Tonnes,1050.0,Rs./Quintal
Maharashtra,Pune,Pune Apmc,Vegetables,Tomato,2025-09-18,219.3,Metric Tonnes,1000.0,Rs./Quintal
Maharashtra,Pune,Pune Apmc,Vegetables,Tomato,2025-09-19,227.9,Metric Tonnes,1000.0,Rs./Quintal
Maharashtra,Pune,Pune Apmc,Vegetables,Tomato,2025-09-21,259.8,Metric Tonnes,950.0,Rs./Quintal
Maharashtra,Pune,Pune Apmc,Vegetables,Tomato,2025-09-22,118.3,Metric Tonnes,1200.0,Rs./Quintal
Maharashtra,Pune,Pune Apmc,Vegetables,Tomato,2025-09-23,156.1,Metric Tonnes,1500.0,Rs./Quintal
Maharashtra,Pune,Pune Apmc,Vegetables,Tomato,2025-09-24,247.8,Metric Tonnes,1300.0,Rs./Quintal
Maharashtra,Pune,Pune Apmc,Vegetables,Tomato,2025-09-25,307.8,Metric Tonnes,1100.0,Rs./Quintal
Maharashtra,Pune,Pune Apmc,Vegetables,Tomato,2025-09-26,202.5,Metric Tonnes,1100.0,Rs./Quintal
Maharashtra,Pune,Pune Apmc,Vegetables,Tomato,2025-09-28,126.8,Metric Tonnes,2000.0,Rs./Quintal
Maharashtra,Pune,Pune Apmc,Vegetables,Tomato,2025-09-29,270.4,Metric Tonnes,1400.0,Rs./Quintal
Maharashtra,Pune,Pune Apmc,Vegetables,Tomato,2025-09-30,176.6,Metric Tonnes,1050.0,Rs./Quintal
Maharashtra,Pune,Pune Apmc,Vegetables,Tomato,2025-10-01,117.8,Metric Tonnes,1400.0,Rs./Quintal
Maharashtra,Pune,Pune Apmc,Vegetables,Tomato,2025-10-02,103.1,Metric Tonnes,1650.0,Rs./Quintal
Maharashtra,Pune,Pune Apmc,Vegetables,Tomato,2025-10-03,237.5,Metric Tonnes,1500.0,Rs./Quintal
Maharashtra,Pune,Pune Apmc,Vegetables,Tomato,2025-10-05,366.8,Metric Tonnes,1500.0,Rs./Quintal
Maharashtra,Pune,Pune Apmc,Vegetables,Tomato,2025-10-06,215.8,Metric Tonnes,1300.0,Rs./Quintal
Maharashtra,Pune,Pune Apmc,Vegetables,Tomato,2025-10-07,219.9,Metric Tonnes,1100.0,Rs./Quintal
Maharashtra,Pune,Pune Apmc,Vegetables,Tomato,2025-10-08,171.5,Metric Tonnes,1500.0,Rs./Quintal
Maharashtra,Pune,Pune Apmc,Vegetables,Tomato,2025-10-09,224.5,Metric Tonnes,1300.0,Rs./Quintal
Maharashtra,Pune,Pune Apmc,Vegetables,Tomato,2025-10-12,326.7,Metric Tonnes,1100.0,Rs./Quintal
Maharashtra,Pune,Pune Apmc,Vegetables,Tomato,2025-10-13,163.1,Metric Tonnes,1200.0,Rs./Quintal
Maharashtra,Pune,Pune Apmc,Vegetables,Tomato,2025-10-14,204.3,Metric Tonnes,1100.0,Rs./Quintal
Maharashtra,Pune,Pune Apmc,Vegetables,Tomato,2025-10-15,194.1,Metric Tonnes,1300.0,Rs./Quintal
Maharashtra,Pune,Pune Apmc,Vegetables,Tomato,2025-10-16,177.7,Metric Tonnes,1200.0,Rs./Quintal
Maharashtra,Pune,Pune Apmc,Vegetables,Tomato,2025-10-19,298.2,Metric Tonnes,1200.0,Rs./Quintal
Maharashtra,Pune,Pune Apmc,Vegetables,Tomato,2025-10-20,115.5,Metric Tonnes,1100.0,Rs./Quintal
Maharashtra,Pune,Pune Apmc,Vegetables,Tomato,2025-10-21,94.8,Metric Tonnes,1100.0,Rs./Quintal
Maharashtra,Pune,Pune Apmc,Vegetables,Tomato,2025-10-22,122.4,Metric Tonnes,1400.0,Rs./Quintal
Maharashtra,Pune,Pune Apmc,Vegetables,Tomato,2025-10-24,343.5,Metric Tonnes,1200.0,Rs./Quintal
Maharashtra,Pune,Pune Apmc,Vegetables,Tomato,2025-10-26,326.2,Metric Tonnes,1200.0,Rs./Quintal
Maharashtra,Pune,Pune Apmc,Vegetables,Tomato,2025-10-27,202.9,Metric Tonnes,1100.0,Rs./Quintal
Maharashtra,Pune,Pune Apmc,Vegetables,Tomato,2025-10-28,223.9,Metric Tonnes,900.0,Rs./Quintal
Maharashtra,Pune,Pune Apmc,Vegetables,Tomato,2025-10-29,174.2,Metric Tonnes,1000.0,Rs./Quintal
Maharashtra,Pune,Pune Apmc,Vegetables,Tomato,2025-10-30,183.2,Metric Tonnes,850.0,Rs./Quintal
Maharashtra,Pune,Pune Apmc,Vegetables,Tomato,2025-10-31,200.3,Metric Tonnes,950.0,Rs./Quintal
Maharashtra,Pune,Pune Apmc,Vegetables,Tomato,2025-11-02,307.8,Metric Tonnes,1050.0,Rs./Quintal
Maharashtra,Pune,Pune Apmc,Vegetables,Tomato,2025-11-03,206.0,Metric Tonnes,1000.0,Rs./Quintal
Maharashtra,Pune,Pune Apmc,Vegetables,Tomato,2025-11-04,261.3,Metric Tonnes,1100.0,Rs./Quintal
Maharashtra,Pune,Pune Apmc,Vegetables,Tomato,2025-11-05,166.4,Metric Tonnes,1050.0,Rs./Quintal
Maharashtra,Pune,Pune Apmc,Vegetables,Tomato,2025-11-07,222.3,Metric Tonnes,1400.0,Rs./Quintal
Maharashtra,Pune,Pune Apmc,Vegetables,Tomato,2025-11-09,330.9,Metric Tonnes,1300.0,Rs./Quintal
Maharashtra,Pune,Pune Apmc,Vegetables,Tomato,2025-11-10,180.3,Metric Tonnes,1300.0,Rs./Quintal
Maharashtra,Pune,Pune Apmc,Vegetables,Tomato,2025-11-11,190.7,Metric Tonnes,1400.0,Rs./Quintal
Maharashtra,Pune,Pune Apmc,Vegetables,Tomato,2025-11-12,110.4,Metric Tonnes,1750.0,Rs./Quintal
Maharashtra,Pune,Pune Apmc,Vegetables,Tomato,2025-11-14,247.8,Metric Tonnes,2000.0,Rs./Quintal
Maharashtra,Pune,Pune Apmc,Vegetables,Tomato,2025-11-16,277.5,Metric Tonnes,2250.0,Rs./Quintal
Maharashtra,Pune,Pune Apmc,Vegetables,Tomato,2025-11-17,106.6,Metric Tonnes,2250.0,Rs./Quintal
Maharashtra,Pune,Pune Apmc,Vegetables,Tomato,2025-11-18,174.5,Metric Tonnes,2250.0,Rs./Quintal
Maharashtra,Pune,Pune Apmc,Vegetables,Tomato,2025-11-19,130.7,Metric Tonnes,2250.0,Rs./Quintal
Maharashtra,Pune,Pune Apmc,Vegetables,Tomato,2025-11-20,151.2,Metric Tonnes,2250.0,Rs./Quintal
Maharashtra,Pune,Pune Apmc,Vegetables,Tomato,2025-11-21,204.6,Metric Tonnes,2500.0,Rs./Quintal
Maharashtra,Pune,Pune Apmc,Vegetables,Tomato,2025-11-23,233.0,Metric Tonnes,2750.0,Rs./Quintal
Maharashtra,Pune,Pune Apmc,Vegetables,Tomato,2025-11-24,131.0,Metric Tonnes,3000.0,Rs./Quintal
Maharashtra,Pune,Pune Apmc,Vegetables,Tomato,2025-11-25,198.4,Metric Tonnes,3000.0,Rs./Quintal
Maharashtra,Pune,Pune Apmc,Vegetables,Tomato,2025-11-26,152.4,Metric Tonnes,2250.0,Rs./Quintal
Maharashtra,Pune,Pune Apmc,Vegetables,Tomato,2025-11-27,225.3,Metric Tonnes,2250.0,Rs./Quintal
Maharashtra,Pune,Pune Apmc,Vegetables,Tomato,2025-11-28,327.6,Metric Tonnes,2050.0,Rs./Quintal
Maharashtra,Pune,Pune Apmc,Vegetables,Tomato,2025-12-01,145.0,Metric Tonnes,1500.0,Rs./Quintal
Maharashtra,Pune,Pune Apmc,Vegetables,Tomato,2025-12-02,141.7,Metric Tonnes,2500.0,Rs./Quintal
Maharashtra,Pune,Pune Apmc,Vegetables,Tomato,2025-12-03,169.5,Metric Tonnes,2250.0,Rs./Quintal
Maharashtra,Pune,Pune Apmc,Vegetables,Tomato,2025-12-04,260.7,Metric Tonnes,2000.0,Rs./Quintal
Maharashtra,Pune,Pune Apmc,Vegetables,Tomato,2025-12-05,216.2,Metric Tonnes,2350.0,Rs./Quintal
Maharashtra,Pune,Pune Apmc,Vegetables,Tomato,2025-12-07,264.9,Metric Tonnes,2000.0,Rs./Quintal
Maharashtra,Pune,Pune Apmc,Vegetables,Tomato,2025-12-08,178.9,Metric Tonnes,2000.0,Rs./Quintal
Maharashtra,Pune,Pune Apmc,Vegetables,Tomato,2025-12-09,212.7,Metric Tonnes,2000.0,Rs./Quintal
Maharashtra,Pune,Pune Apmc,Vegetables,Tomato,2025-12-11,253.3,Metric Tonnes,2000.0,Rs./Quintal
Maharashtra,Pune,Pune Apmc,Vegetables,Tomato,2025-12-12,208.3,Metric Tonnes,2000.0,Rs./Quintal
Maharashtra,Pune,Pune Apmc,Vegetables,Tomato,2025-12-14,249.2,Metric Tonnes,2500.0,Rs./Quintal
Maharashtra,Pune,Pune Apmc,Vegetables,Tomato,2025-12-15,135.9,Metric Tonnes,2750.0,Rs./Quintal
Maharashtra,Pune,Pune Apmc,Vegetables,Tomato,2025-12-16,169.0,Metric Tonnes,2750.0,Rs./Quintal
Maharashtra,Pune,Pune Apmc,Vegetables,Tomato,2025-12-17,141.1,Metric Tonnes,2750.0,Rs./Quintal
Maharashtra,Pune,Pune Apmc,Vegetables,Tomato,2025-12-18,185.9,Metric Tonnes,2750.0,Rs./Quintal
Maharashtra,Pune,Pune Apmc,Vegetables,Tomato,2025-12-19,196.6,Metric Tonnes,2500.0,Rs./Quintal
Maharashtra,Pune,Pune Apmc,Vegetables,Tomato,2025-12-21,318.1,Metric Tonnes,2500.0,Rs./Quintal
Maharashtra,Pune,Pune Apmc,Vegetables,Tomato,2025-12-22,146.9,Metric Tonnes,2500.0,Rs./Quintal
Maharashtra,Pune,Pune Apmc,Vegetables,Tomato,2025-12-23,214.6,Metric Tonnes,2250.0,Rs./Quintal
Maharashtra,Pune,Pune Apmc,Vegetables,Tomato,2025-12-24,130.6,Metric Tonnes,2500.0,Rs./Quintal
Maharashtra,Pune,Pune Apmc,Vegetables,Tomato,2025-12-25,162.9,Metric Tonnes,2500.0,Rs./Quintal
Maharashtra,Pune,Pune Apmc,Vegetables,Tomato,2025-12-29,124.7,Metric Tonnes,2500.0,Rs./Quintal
Maharashtra,Pune,Pune Apmc,Vegetables,Tomato,2025-12-30,206.6,Metric Tonnes,3000.0,Rs./Quintal
Maharashtra,Pune,Pune Apmc,Vegetables,Tomato,2025-12-31,188.9,Metric Tonnes,2500.0,Rs./Quintal
Maharashtra,Pune,Pune Apmc,Vegetables,Tomato,2026-01-01,144.5,Metric Tonnes,2500.0,Rs./Quintal
Maharashtra,Pune,Pune Apmc,Vegetables,Tomato,2026-01-02,214.3,Metric Tonnes,2500.0,Rs./Quintal
Maharashtra,Pune,Pune Apmc,Vegetables,Tomato,2026-01-03,237.4,Metric Tonnes,2070.0,Rs./Quintal
Maharashtra,Pune,Pune Apmc,Vegetables,Tomato,2026-01-04,355.6,Metric Tonnes,2400.0,Rs./Quintal
Maharashtra,Pune,Pune Apmc,Vegetables,Tomato,2026-01-05,193.3,Metric Tonnes,2500.0,Rs./Quintal
Maharashtra,Pune,Pune Apmc,Vegetables,Tomato,2026-01-06,260.5,Metric Tonnes,2250.0,Rs./Quintal
Maharashtra,Pune,Pune Apmc,Vegetables,Tomato,2026-01-07,209.2,Metric Tonnes,2250.0,Rs./Quintal
Maharashtra,Pune,Pune Apmc,Vegetables,Tomato,2026-01-08,244.6,Metric Tonnes,2250.0,Rs./Quintal
Maharashtra,Pune,Pune Apmc,Vegetables,Tomato,2026-01-09,276.5,Metric Tonnes,1500.0,Rs./Quintal
Maharashtra,Pune,Pune Apmc,Vegetables,Tomato,2026-01-10,349.3,Metric Tonnes,1045.0,Rs./Quintal
Maharashtra,Pune,Pune Apmc,Vegetables,Tomato,2026-01-11,319.5,Metric Tonnes,2000.0,Rs./Quintal
Maharashtra,Pune,Pune Apmc,Vegetables,Tomato,2026-01-12,176.1,Metric Tonnes,2000.0,Rs./Quintal
Maharashtra,Pune,Pune Apmc,Vegetables,Tomato,2026-01-13,200.3,Metric Tonnes,2000.0,Rs./Quintal
Maharashtra,Pune,Pune Apmc,Vegetables,Tomato,2026-01-14,181.9,Metric Tonnes,2000.0,Rs./Quintal
Maharashtra,Pune,Pune Apmc,Vegetables,Tomato,2026-01-15,187.2,Metric Tonnes,845.0,Rs./Quintal
Maharashtra,Pune,Pune Apmc,Vegetables,Tomato,2026-01-16,355.0,Metric Tonnes,1850.0,Rs./Quintal
Maharashtra,Pune,Pune Apmc,Vegetables,Tomato,2026-01-17,154.9,Metric Tonnes,805.0,Rs./Quintal
Maharashtra,Pune,Pune Apmc,Vegetables,Tomato,2026-01-18,313.2,Metric Tonnes,675.0,Rs./Quintal
Maharashtra,Pune,Pune Apmc,Vegetables,Tomato,2026-01-19,126.6,Metric Tonnes,790.0,Rs./Quintal
Maharashtra,Pune,Pune Apmc,Vegetables,Tomato,2026-01-20,289.0,Metric Tonnes,915.0,Rs./Quintal
Maharashtra,Pune,Pune Apmc,Vegetables,Tomato,2026-01-21,190.4,Metric Tonnes,1350.0,Rs./Quintal
Maharashtra,Pune,Pune Apmc,Vegetables,Tomato,2026-01-22,204.7,Metric Tonnes,1150.0,Rs./Quintal
Maharashtra,Pune,Pune Apmc,Vegetables,Tomato,2026-01-23,272.1,Metric Tonnes,1400.0,Rs./Quintal
Maharashtra,Pune,Pune Apmc,Vegetables,Tomato,2026-01-24,223.8,Metric Tonnes,815.0,Rs./Quintal
Maharashtra,Pune,Pune Apmc,Vegetables,Tomato,2026-01-25,370.7,Metric Tonnes,1300.0,Rs./Quintal
Maharashtra,Pune,Pune Apmc,Vegetables,Tomato,2026-01-26,346.4,Metric Tonnes,845.0,Rs./Quintal
Maharashtra,Pune,Pune Apmc,Vegetables,Tomato,2026-01-27,259.0,Metric Tonnes,1300.0,Rs./Quintal
Maharashtra,Pune,Pune Apmc,Vegetables,Tomato,2026-01-28,221.8,Metric Tonnes,1100.0,Rs./Quintal
Maharashtra,Pune,Pune Apmc,Vegetables,Tomato,2026-01-29,290.3,Metric Tonnes,830.0,Rs./Quintal
Maharashtra,Pune,Pune Apmc,Vegetables,Tomato,2026-01-30,339.9,Metric Tonnes,1100.0,Rs./Quintal
Maharashtra,Pune,Pune Apmc,Vegetables,Tomato,2026-01-31,188.1,Metric Tonnes,805.0,Rs./Quintal
Maharashtra,Pune,Pune Apmc,Vegetables,Tomato,2026-02-01,401.0,Metric Tonnes,1100.0,Rs./Quintal
Maharashtra,Pune,Pune Apmc,Vegetables,Tomato,2026-02-02,203.3,Metric Tonnes,1200.0,Rs./Quintal
Maharashtra,Pune,Pune Apmc,Vegetables,Tomato,2026-02-03,253.0,Metric Tonnes,1050.0,Rs./Quintal
Maharashtra,Pune,Pune Apmc,Vegetables,Tomato,2026-02-04,210.3,Metric Tonnes,1200.0,Rs./Quintal
Maharashtra,Pune,Pune Apmc,Vegetables,Tomato,2026-02-05,241.1,Metric Tonnes,950.0,Rs./Quintal
Maharashtra,Pune,Pune Apmc,Vegetables,Tomato,2026-02-06,243.0,Metric Tonnes,1000.0,Rs./Quintal
Maharashtra,Pune,Pune Apmc,Vegetables,Tomato,2026-02-07,209.3,Metric Tonnes,870.0,Rs./Quintal
Maharashtra,Pune,Pune Apmc,Vegetables,Tomato,2026-02-08,221.7,Metric Tonnes,1300.0,Rs./Quintal
Maharashtra,Pune,Pune Apmc,Vegetables,Tomato,2026-02-09,162.3,Metric Tonnes,1300.0,Rs./Quintal
Maharashtra,Pune,Pune Apmc,Vegetables,Tomato,2026-02-10,271.9,Metric Tonnes,1200.0,Rs./Quintal
Maharashtra,Pune,Pune Apmc,Vegetables,Tomato,2026-02-11,201.7,Metric Tonnes,1100.0,Rs./Quintal
Maharashtra,Pune,Pune Apmc,Vegetables,Tomato,2026-02-12,228.5,Metric Tonnes,1100.0,Rs./Quintal
Maharashtra,Pune,Pune Apmc,Vegetables,Tomato,2026-02-13,235.1,Metric Tonnes,1100.0,Rs./Quintal
Maharashtra,Pune,Pune Apmc,Vegetables,Tomato,2026-02-14,180.4,Metric Tonnes,700.0,Rs./Quintal
Maharashtra,Pune,Pune Apmc,Vegetables,Tomato,2026-02-15,224.3,Metric Tonnes,1300.0,Rs./Quintal
Maharashtra,Pune,Pune Apmc,Vegetables,Tomato,2026-02-16,223.8,Metric Tonnes,2000.0,Rs./Quintal
Maharashtra,Pune,Pune Apmc,Vegetables,Tomato,2026-02-17,244.5,Metric Tonnes,1050.0,Rs./Quintal
Maharashtra,Pune,Pune Apmc,Vegetables,Tomato,2026-02-18,215.8,Metric Tonnes,1100.0,Rs./Quintal
Maharashtra,Pune,Pune Apmc,Vegetables,Tomato,2026-02-19,193.6,Metric Tonnes,1100.0,Rs./Quintal
Maharashtra,Pune,Pune Apmc,Vegetables,Tomato,2026-02-20,233.4,Metric Tonnes,1000.0,Rs./Quintal
Maharashtra,Pune,Pune Apmc,Vegetables,Tomato,2026-02-21,159.0,Metric Tonnes,550.0,Rs./Quintal
Maharashtra,Pune,Pune Apmc,Vegetables,Tomato,2026-02-22,241.2,Metric Tonnes,1100.0,Rs./Quintal
Maharashtra,Pune,Pune Apmc,Vegetables,Tomato,2026-02-23,382.7,Metric Tonnes,660.0,Rs./Quintal
Maharashtra,Pune,Pune Apmc,Vegetables,Tomato,2026-02-24,273.3,Metric Tonnes,1050.0,Rs./Quintal
Maharashtra,Pune,Pune Apmc,Vegetables,Tomato,2026-02-25,204.1,Metric Tonnes,1100.0,Rs./Quintal
Maharashtra,Pune,Pune Apmc,Vegetables,Tomato,2026-02-26,156.1,Metric Tonnes,1000.0,Rs./Quintal
Maharashtra,Pune,Pune Apmc,Vegetables,Tomato,2026-02-27,233.3,Metric Tonnes,1000.0,Rs./Quintal
Maharashtra,Pune,Pune Apmc,Vegetables,Tomato,2026-02-28,243.3,Metric Tonnes,705.0,Rs./Quintal
Maharashtra,Pune,Pune Apmc,Vegetables,Tomato,2026-03-01,277.2,Metric Tonnes,1100.0,Rs./Quintal
Maharashtra,Pune,Pune Apmc,Vegetables,Tomato,2026-03-02,131.3,Metric Tonnes,840.0,Rs./Quintal
Maharashtra,Pune,Pune Apmc,Vegetables,Tomato,2026-03-03,384.6,Metric Tonnes,850.0,Rs./Quintal
Maharashtra,Pune,Pune Apmc,Vegetables,Tomato,2026-03-04,254.4,Metric Tonnes,1100.0,Rs./Quintal
Maharashtra,Pune,Pune Apmc,Vegetables,Tomato,2026-03-05,205.9,Metric Tonnes,1000.0,Rs./Quintal
Maharashtra,Pune,Pune Apmc,Vegetables,Tomato,2026-03-06,238.9,Metric Tonnes,1050.0,Rs./Quintal
Maharashtra,Pune,Pune Apmc,Vegetables,Tomato,2026-03-07,208.0,Metric Tonnes,855.0,Rs./Quintal
Maharashtra,Pune,Pune Apmc,Vegetables,Tomato,2026-03-08,274.0,Metric Tonnes,1150.0,Rs./Quintal
Maharashtra,Pune,Pune Apmc,Vegetables,Tomato,2026-03-09,158.3,Metric Tonnes,1200.0,Rs./Quintal
Maharashtra,Pune,Pune Apmc,Vegetables,Tomato,2026-03-10,227.4,Metric Tonnes,1050.0,Rs./Quintal
Maharashtra,Pune,Pune Apmc,Vegetables,Tomato,2026-03-11,187.1,Metric Tonnes,1300.0,Rs./Quintal
Maharashtra,Pune,Pune Apmc,Vegetables,Tomato,2026-03-12,174.9,Metric Tonnes,1050.0,Rs./Quintal
Maharashtra,Pune,Pune Apmc,Vegetables,Tomato,2026-03-13,251.8,Metric Tonnes,1050.0,Rs./Quintal
Maharashtra,Pune,Pune Apmc,Vegetables,Tomato,2026-03-14,199.9,Metric Tonnes,795.0,Rs./Quintal
Maharashtra,Pune,Pune Apmc,Vegetables,Tomato,2026-03-15,285.3,Metric Tonnes,1050.0,Rs./Quintal
Maharashtra,Pune,Pune Apmc,Vegetables,Tomato,2026-03-16,227.4,Metric Tonnes,1050.0,Rs./Quintal
Maharashtra,Pune,Pune Apmc,Vegetables,Tomato,2026-03-17,199.5,Metric Tonnes,1050.0,Rs./Quintal
Maharashtra,Pune,Pune Apmc,Vegetables,Tomato,2026-03-18,221.0,Metric Tonnes,1000.0,Rs./Quintal
Maharashtra,Pune,Pune Apmc,Vegetables,Tomato,2026-03-19,131.9,Metric Tonnes,1100.0,Rs./Quintal
Maharashtra,Pune,Pune Apmc,Vegetables,Tomato,2026-03-20,127.3,Metric Tonnes,1300.0,Rs./Quintal
Maharashtra,Pune,Pune Apmc,Vegetables,Tomato,2026-03-21,142.6,Metric Tonnes,795.0,Rs./Quintal
Maharashtra,Pune,Pune Apmc,Vegetables,Tomato,2026-03-22,336.8,Metric Tonnes,1100.0,Rs./Quintal
Maharashtra,Pune,Pune Apmc,Vegetables,Tomato,2026-03-23,252.3,Metric Tonnes,1000.0,Rs./Quintal
Maharashtra,Pune,Pune Apmc,Vegetables,Tomato,2026-03-24,219.1,Metric Tonnes,950.0,Rs./Quintal
Maharashtra,Pune,Pune Apmc,Vegetables,Tomato,2026-03-25,143.5,Metric Tonnes,1000.0,Rs./Quintal
Maharashtra,Pune,Pune Apmc,Vegetables,Tomato,2026-03-26,156.4,Metric Tonnes,1000.0,Rs./Quintal
Maharashtra,Pune,Pune Apmc,Vegetables,Tomato,2026-03-27,196.0,Metric Tonnes,1100.0,Rs./Quintal
Maharashtra,Pune,Pune Apmc,Vegetables,Tomato,2026-03-28,190.5,Metric Tonnes,735.0,Rs./Quintal
Maharashtra,Pune,Pune Apmc,Vegetables,Tomato,2026-03-29,345.2,Metric Tonnes,1000.0,Rs./Quintal
Maharashtra,Pune,Pune Apmc,Vegetables,Tomato,2026-03-30,217.6,Metric Tonnes,1000.0,Rs./Quintal
Maharashtra,Pune,Pune Apmc,Vegetables,Tomato,2026-03-31,214.6,Metric Tonnes,1100.0,Rs./Quintal
Maharashtra,Pune,Pune Apmc,Vegetables,Tomato,2026-04-01,182.2,Metric Tonnes,1000.0,Rs./Quintal
Maharashtra,Pune,Pune Apmc,Vegetables,Tomato,2026-04-02,176.4,Metric Tonnes,900.0,Rs./Quintal
Maharashtra,Pune,Pune Apmc,Vegetables,Tomato,2026-04-03,134.6,Metric Tonnes,1100.0,Rs./Quintal
Maharashtra,Pune,Pune Apmc,Vegetables,Tomato,2026-04-04,221.8,Metric Tonnes,555.0,Rs./Quintal
Maharashtra,Pune,Pune Apmc,Vegetables,Tomato,2026-04-05,321.4,Metric Tonnes,900.0,Rs./Quintal
Maharashtra,Pune,Pune Apmc,Vegetables,Tomato,2026-04-06,223.6,Metric Tonnes,1050.0,Rs./Quintal
Maharashtra,Pune,Pune Apmc,Vegetables,Tomato,2026-04-07,268.9,Metric Tonnes,1000.0,Rs./Quintal
Maharashtra,Pune,Pune Apmc,Vegetables,Tomato,2026-04-08,176.8,Metric Tonnes,950.0,Rs./Quintal
Maharashtra,Pune,Pune Apmc,Vegetables,Tomato,2026-04-09,176.9,Metric Tonnes,1050.0,Rs./Quintal
Maharashtra,Pune,Pune Apmc,Vegetables,Tomato,2026-04-10,216.0,Metric Tonnes,1000.0,Rs./Quintal
Maharashtra,Pune,Pune Apmc,Vegetables,Tomato,2026-04-11,262.0,Metric Tonnes,595.0,Rs./Quintal
Maharashtra,Pune,Pune Apmc,Vegetables,Tomato,2026-04-12,262.9,Metric Tonnes,1200.0,Rs./Quintal
Maharashtra,Pune,Pune Apmc,Vegetables,Tomato,2026-04-13,168.6,Metric Tonnes,1300.0,Rs./Quintal
Maharashtra,Pune,Pune Apmc,Vegetables,Tomato,2026-04-14,215.6,Metric Tonnes,1100.0,Rs./Quintal
Maharashtra,Pune,Pune Apmc,Vegetables,Tomato,2026-04-15,166.5,Metric Tonnes,1200.0,Rs./Quintal
Maharashtra,Pune,Pune Apmc,Vegetables,Tomato,2026-04-16,185.9,Metric Tonnes,1200.0,Rs./Quintal
Maharashtra,Pune,Pune Apmc,Vegetables,Tomato,2026-04-17,193.4,Metric Tonnes,1300.0,Rs./Quintal
Maharashtra,Pune,Pune Apmc,Vegetables,Tomato,2026-04-18,148.1,Metric Tonnes,485.0,Rs./Quintal
Maharashtra,Pune,Pune Apmc,Vegetables,Tomato,2026-04-19,326.0,Metric Tonnes,1300.0,Rs./Quintal
Maharashtra,Pune,Pune Apmc,Vegetables,Tomato,2026-04-20,104.6,Metric Tonnes,1400.0,Rs./Quintal
Maharashtra,Pune,Pune Apmc,Vegetables,Tomato,2026-04-21,243.0,Metric Tonnes,1300.0,Rs./Quintal
Maharashtra,Pune,Pune Apmc,Vegetables,Tomato,2026-04-22,173.5,Metric Tonnes,1100.0,Rs./Quintal
Maharashtra,Pune,Pune Apmc,Vegetables,Tomato,2026-04-23,216.3,Metric Tonnes,1000.0,Rs./Quintal
Maharashtra,Pune,Pune Apmc,Vegetables,Tomato,2026-04-24,237.1,Metric Tonnes,520.0,Rs./Quintal
Maharashtra,Pune,Pune Apmc,Vegetables,Tomato,2026-04-25,187.1,Metric Tonnes,540.0,Rs./Quintal
Maharashtra,Pune,Pune Apmc,Vegetables,Tomato,2026-04-26,241.9,Metric Tonnes,670.0,Rs./Quintal
Maharashtra,Pune,Pune Apmc,Vegetables,Tomato,2026-04-27,124.5,Metric Tonnes,1300.0,Rs./Quintal
Maharashtra,Pune,Pune Apmc,Vegetables,Tomato,2026-04-28,171.6,Metric Tonnes,1200.0,Rs./Quintal
Maharashtra,Pune,Pune Apmc,Vegetables,Tomato,2026-04-29,131.9,Metric Tonnes,1400.0,Rs./Quintal
Maharashtra,Pune,Pune Apmc,Vegetables,Tomato,2026-04-30,206.1,Metric Tonnes,1900.0,Rs./Quintal
Maharashtra,Pune,Pune Apmc,Vegetables,Tomato,2026-05-01,323.7,Metric Tonnes,750.0,Rs./Quintal
Maharashtra,Pune,Pune Apmc,Vegetables,Tomato,2026-05-02,202.2,Metric Tonnes,895.0,Rs./Quintal
Maharashtra,Pune,Pune Apmc,Vegetables,Tomato,2026-05-03,208.1,Metric Tonnes,2000.0,Rs./Quintal
Maharashtra,Pune,Pune Apmc,Vegetables,Tomato,2026-05-04,178.1,Metric Tonnes,1500.0,Rs./Quintal
Maharashtra,Pune,Pune Apmc,Vegetables,Tomato,2026-05-05,215.6,Metric Tonnes,1400.0,Rs./Quintal
Maharashtra,Pune,Pune Apmc,Vegetables,Tomato,2026-05-06,216.4,Metric Tonnes,800.0,Rs./Quintal
Maharashtra,Pune,Pune Apmc,Vegetables,Tomato,2026-05-07,168.4,Metric Tonnes,875.0,Rs./Quintal
Maharashtra,Pune,Pune Apmc,Vegetables,Tomato,2026-05-08,186.0,Metric Tonnes,900.0,Rs./Quintal
Maharashtra,Pune,Pune Apmc,Vegetables,Tomato,2026-05-09,340.0,Metric Tonnes,1005.0,Rs./Quintal
Maharashtra,Pune,Pune Apmc,Vegetables,Tomato,2026-05-10,207.8,Metric Tonnes,1750.0,Rs./Quintal
Maharashtra,Pune,Pune Apmc,Vegetables,Tomato,2026-05-11,150.2,Metric Tonnes,1550.0,Rs./Quintal
Maharashtra,Pune,Pune Apmc,Vegetables,Tomato,2026-05-12,180.1,Metric Tonnes,2000.0,Rs./Quintal
Maharashtra,Pune,Pune Apmc,Vegetables,Tomato,2026-05-13,144.0,Metric Tonnes,2000.0,Rs./Quintal
Maharashtra,Pune,Pune Apmc,Vegetables,Tomato,2026-05-14,133.9,Metric Tonnes,2000.0,Rs./Quintal
Maharashtra,Pune,Pune Apmc,Vegetables,Tomato,2026-05-15,254.6,Metric Tonnes,2000.0,Rs./Quintal
Maharashtra,Pune,Pune Apmc,Vegetables,Tomato,2026-05-16,152.1,Metric Tonnes,635.0,Rs./Quintal
Maharashtra,Pune,Pune Apmc,Vegetables,Tomato,2026-05-17,283.5,Metric Tonnes,2000.0,Rs./Quintal
Maharashtra,Pune,Pune Apmc,Vegetables,Tomato,2026-05-18,137.5,Metric Tonnes,2000.0,Rs./Quintal
Maharashtra,Pune,Pune Apmc,Vegetables,Tomato,2026-05-19,169.9,Metric Tonnes,1800.0,Rs./Quintal
Maharashtra,Pune,Pune Apmc,Vegetables,Tomato,2026-05-20,201.1,Metric Tonnes,1750.0,Rs./Quintal
Maharashtra,Pune,Pune Apmc,Vegetables,Tomato,2026-05-21,218.0,Metric Tonnes,1600.0,Rs./Quintal
Maharashtra,Pune,Pune Apmc,Vegetables,Tomato,2026-05-22,204.2,Metric Tonnes,2000.0,Rs./Quintal
Maharashtra,Pune,Pune Apmc,Vegetables,Tomato,2026-05-23,240.3,Metric Tonnes,805.0,Rs./Quintal
Maharashtra,Pune,Pune Apmc,Vegetables,Tomato,2026-05-24,246.7,Metric Tonnes,1750.0,Rs./Quintal
Maharashtra,Pune,Pune Apmc,Vegetables,Tomato,2026-05-25,193.1,Metric Tonnes,1750.0,Rs./Quintal
Maharashtra,Pune,Pune Apmc,Vegetables,Tomato,2026-05-26,200.1,Metric Tonnes,1750.0,Rs./Quintal
Maharashtra,Pune,Pune Apmc,Vegetables,Tomato,2026-05-27,153.7,Metric Tonnes,1850.0,Rs./Quintal
Maharashtra,Pune,Pune Apmc,Vegetables,Tomato,2026-05-28,191.3,Metric Tonnes,1750.0,Rs./Quintal
Maharashtra,Pune,Pune Apmc,Vegetables,Tomato,2026-05-29,209.6,Metric Tonnes,2000.0,Rs./Quintal
Maharashtra,Pune,Pune Apmc,Vegetables,Tomato,2026-05-30,136.5,Metric Tonnes,1080.0,Rs./Quintal
Maharashtra,Pune,Pune Apmc,Vegetables,Tomato,2026-05-31,219.6,Metric Tonnes,2000.0,Rs./Quintal
Maharashtra,Pune,Pune Apmc,Vegetables,Tomato,2026-06-01,196.0,Metric Tonnes,2000.0,Rs./Quintal
Maharashtra,Pune,Pune Apmc,Vegetables,Tomato,2026-06-02,195.0,Metric Tonnes,2000.0,Rs./Quintal
Maharashtra,Pune,Pune Apmc,Vegetables,Tomato,2026-06-03,191.0,Metric Tonnes,2000.0,Rs./Quintal
Maharashtra,Pune,Pune Apmc,Vegetables,Tomato,2026-06-04,228.4,Metric Tonnes,1800.0,Rs./Quintal
Maharashtra,Pune,Pune Apmc,Vegetables,Tomato,2026-06-05,225.7,Metric Tonnes,2000.0,Rs./Quintal
Maharashtra,Pune,Pune Apmc,Vegetables,Tomato,2026-06-06,239.2,Metric Tonnes,1185.0,Rs./Quintal
Maharashtra,Pune,Pune Apmc,Vegetables,Tomato,2026-06-07,298.3,Metric Tonnes,1750.0,Rs./Quintal
Maharashtra,Pune,Pune Apmc,Vegetables,Tomato,2026-06-08,156.9,Metric Tonnes,1800.0,Rs./Quintal
Maharashtra,Pune,Pune Apmc,Vegetables,Tomato,2026-06-09,176.7,Metric Tonnes,2000.0,Rs./Quintal
Maharashtra,Pune,Pune Apmc,Vegetables,Tomato,2026-06-10,145.5,Metric Tonnes,2500.0,Rs./Quintal
Maharashtra,Pune,Pune Apmc,Vegetables,Tomato,2026-06-11,244.0,Metric Tonnes,2300.0,Rs./Quintal
Maharashtra,Pune,Pune Apmc,Vegetables,Tomato,2026-06-12,253.6,Metric Tonnes,2000.0,Rs./Quintal
Maharashtra,Pune,Pune Apmc,Vegetables,Tomato,2026-06-13,140.2,Metric Tonnes,1350.0,Rs./Quintal
Maharashtra,Pune,Pune Apmc,Vegetables,Tomato,2026-06-14,296.7,Metric Tonnes,1370.0,Rs./Quintal
Maharashtra,Pune,Pune Apmc,Vegetables,Tomato,2026-06-15,181.4,Metric Tonnes,2250.0,Rs./Quintal
Maharashtra,Pune,Pune Apmc,Vegetables,Tomato,2026-06-16,189.0,Metric Tonnes,2000.0,Rs./Quintal
Maharashtra,Pune,Pune Apmc,Vegetables,Tomato,2026-06-17,240.3,Metric Tonnes,2250.0,Rs./Quintal
Maharashtra,Pune,Pune Apmc,Vegetables,Tomato,2026-06-18,254.3,Metric Tonnes,1900.0,Rs./Quintal
Maharashtra,Pune,Pune Apmc,Vegetables,Tomato,2026-06-19,230.9,Metric Tonnes,1750.0,Rs./Quintal
Maharashtra,Pune,Pune Apmc,Vegetables,Tomato,2026-06-20,334.1,Metric Tonnes,1815.0,Rs./Quintal
Maharashtra,Pune,Pune Apmc,Vegetables,Tomato,2026-06-21,329.2,Metric Tonnes,2250.0,Rs./Quintal
Maharashtra,Pune,Pune Apmc,Vegetables,Tomato,2026-06-22,252.1,Metric Tonnes,1750.0,Rs./Quintal
Maharashtra,Pune,Pune Apmc,Vegetables,Tomato,2026-06-23,240.2,Metric Tonnes,1750.0,Rs./Quintal
Maharashtra,Pune,Pune Apmc,Vegetables,Tomato,2026-06-24,180.1,Metric Tonnes,1750.0,Rs./Quintal
Maharashtra,Pune,Pune Apmc,Vegetables,Tomato,2026-06-25,256.4,Metric Tonnes,1600.0,Rs./Quintal
Maharashtra,Pune,Pune Apmc,Vegetables,Tomato,2026-06-26,324.1,Metric Tonnes,1600.0,Rs./Quintal
Maharashtra,Pune,Pune Apmc,Vegetables,Tomato,2026-06-27,334.4,Metric Tonnes,950.0,Rs./Quintal
Maharashtra,Pune,Pune Apmc,Vegetables,Tomato,2026-06-28,381.5,Metric Tonnes,1000.0,Rs./Quintal
Maharashtra,Pune,Pune Apmc,Vegetables,Tomato,2026-06-29,228.9,Metric Tonnes,1100.0,Rs./Quintal
Maharashtra,Pune,Pune Apmc,Vegetables,Tomato,2026-06-30,203.5,Metric Tonnes,1100.0,Rs./Quintal
Maharashtra,Pune,Pune Apmc,Vegetables,Tomato,2026-07-01,168.2,Metric Tonnes,900.0,Rs./Quintal
Maharashtra,Pune,Pune Apmc,Vegetables,Tomato,2026-07-02,199.1,Metric Tonnes,1600.0,Rs./Quintal
Maharashtra,Pune,Pune Apmc,Vegetables,Tomato,2026-07-03,222.2,Metric Tonnes,910.0,Rs./Quintal
Maharashtra,Pune,Pune Apmc,Vegetables,Tomato,2026-07-04,314.4,Metric Tonnes,970.0,Rs./Quintal
Maharashtra,Pune,Pune Apmc,Vegetables,Tomato,2026-07-05,327.0,Metric Tonnes,2000.0,Rs./Quintal
Maharashtra,Pune,Pune Apmc,Vegetables,Tomato,2026-07-06,269.4,Metric Tonnes,1750.0,Rs./Quintal
Maharashtra,Pune,Pune Apmc,Vegetables,Tomato,2026-07-07,189.2,Metric Tonnes,1500.0,Rs./Quintal
Maharashtra,Pune,Pune Apmc,Vegetables,Tomato,2026-07-08,170.8,Metric Tonnes,990.0,Rs./Quintal
Maharashtra,Pune,Pune Apmc,Vegetables,Tomato,2026-07-09,299.0,Metric Tonnes,1750.0,Rs./Quintal
Maharashtra,Pune,Pune Apmc,Vegetables,Tomato,2026-07-10,320.6,Metric Tonnes,1600.0,Rs./Quintal
Maharashtra,Pune,Pune Apmc,Vegetables,Tomato,2026-07-11,311.5,Metric Tonnes,755.0,Rs./Quintal
Maharashtra,Pune,Pune Apmc,Vegetables,Tomato,2026-07-12,452.2,Metric Tonnes,1500.0,Rs./Quintal
Maharashtra,Pune,Pune Apmc,Vegetables,Tomato,2026-07-13,287.3,Metric Tonnes,1500.0,Rs./Quintal
Maharashtra,Pune,Pune Apmc,Vegetables,Tomato,2026-07-14,316.5,Metric Tonnes,1500.0,Rs./Quintal
Maharashtra,Pune,Pune Apmc,Vegetables,Tomato,2026-07-15,298.9,Metric Tonnes,1400.0,Rs./Quintal
Maharashtra,Pune,Pune Apmc,Vegetables,Tomato,2026-07-16,235.6,Metric Tonnes,1150.0,Rs./Quintal
Maharashtra,Pune,Pune Apmc,Vegetables,Tomato,2026-07-17,174.2,Metric Tonnes,1750.0,Rs./Quintal
Maharashtra,Pune,Pune Apmc,Vegetables,Tomato,2026-07-18,351.3,Metric Tonnes,1365.0,Rs./Quintal
Maharashtra,Pune,Pune Apmc,Vegetables,Tomato,2026-07-19,375.7,Metric Tonnes,1500.0,Rs./Quintal
Maharashtra,Pune,Pune Apmc,Vegetables,Tomato,2026-07-20,222.2,Metric Tonnes,1500.0,Rs./Quintal
Maharashtra,Pune,Pune Apmc,Vegetables,Tomato,2026-07-21,227.2,Metric Tonnes,1400.0,Rs./Quintal
Maharashtra,Pune,Pune Apmc,Vegetables,Tomato,2026-07-22,160.2,Metric Tonnes,1400.0,Rs./Quintal
Maharashtra,Pune,Pune Apmc,Vegetables,Tomato,2026-07-23,201.5,Metric Tonnes,1500.0,Rs./Quintal
Maharashtra,Pune,Pune Apmc,Vegetables,Tomato,2026-07-24,259.3,Metric Tonnes,1560.0,Rs./Quintal
Maharashtra,Pune,Pune Apmc,Vegetables,Tomato,2026-07-25,285.5,Metric Tonnes,1555.0,Rs./Quintal
Maharashtra,Pune,Pune Apmc,Vegetables,Tomato,2026-07-26,325.8,Metric Tonnes,1750.0,Rs./Quintal
Maharashtra,Pune,Pune Apmc,Vegetables,Tomato,2026-07-27,176.6,Metric Tonnes,1600.0,Rs./Quintal
Maharashtra,Pune,Pune Apmc,Vegetables,Tomato,2026-07-28,231.8,Metric Tonnes,1500.0,Rs./Quintal
Maharashtra,Pune,Pune Apmc,Vegetables,Tomato,2026-07-29,225.3,Metric Tonnes,1300.0,Rs./Quintal
Maharashtra,Pune,Pune Apmc,Vegetables,Tomato,2026-07-30,215.4,Metric Tonnes,1400.0,Rs./Quintal
Maharashtra,Pune,Pune Apmc,Vegetables,Tomato,2026-07-31,305.9,Metric Tonnes,2860.0,Rs./Quintal
Maharashtra,Pune,Pune Apmc,Vegetables,Tomato,2026-08-01,305.1,Metric Tonnes,2910.0,Rs./Quintal
Maharashtra,Pune,Pune Apmc,Vegetables,Tomato,2026-08-02,298.5,Metric Tonnes,1750.0,Rs./Quintal
Maharashtra,Pune,Pune Apmc,Vegetables,Tomato,2026-08-03,211.6,Metric Tonnes,1750.0,Rs./Quintal
Maharashtra,Pune,Pune Apmc,Vegetables,Tomato,2026-08-04,231.4,Metric Tonnes,1600.0,Rs./Quintal
Maharashtra,Pune,Pune Apmc,Vegetables,Tomato,2026-08-05,143.2,Metric Tonnes,1650.0,Rs./Quintal
Maharashtra,Pune,Pune Apmc,Vegetables,Tomato,2026-08-06,272.1,Metric Tonnes,1500.0,Rs./Quintal
Maharashtra,Pune,Pune Apmc,Vegetables,Tomato,2026-08-07,359.5,Metric Tonnes,1050.0,Rs./Quintal
Maharashtra,Pune,Pune Apmc,Vegetables,Tomato,2026-08-08,200.8,Metric Tonnes,2550.0,Rs./Quintal
Maharashtra,Pune,Pune Apmc,Vegetables,Tomato,2026-08-09,273.4,Metric Tonnes,2745.0,Rs./Quintal
Maharashtra,Pune,Pune(Manjri) Apmc,Vegetables,Tomato,2025-01-01,49.9,Metric Tonnes,1100.0,Rs./Quintal
Maharashtra,Pune,Pune(Manjri) Apmc,Vegetables,Tomato,2025-01-02,52.5,Metric Tonnes,900.0,Rs./Quintal
Maharashtra,Pune,Pune(Manjri) Apmc,Vegetables,Tomato,2025-01-03,52.4,Metric Tonnes,1200.0,Rs./Quintal
Maharashtra,Pune,Pune(Manjri) Apmc,Vegetables,Tomato,2025-01-04,59.6,Metric Tonnes,1100.0,Rs./Quintal
Maharashtra,Pune,Pune(Manjri) Apmc,Vegetables,Tomato,2025-01-05,51.6,Metric Tonnes,1700.0,Rs./Quintal
Maharashtra,Pune,Pune(Manjri) Apmc,Vegetables,Tomato,2025-01-06,45.7,Metric Tonnes,1800.0,Rs./Quintal
Maharashtra,Pune,Pune(Manjri) Apmc,Vegetables,Tomato,2025-01-07,50.6,Metric Tonnes,1400.0,Rs./Quintal
Maharashtra,Pune,Pune(Manjri) Apmc,Vegetables,Tomato,2025-01-08,46.8,Metric Tonnes,1100.0,Rs./Quintal
Maharashtra,Pune,Pune(Manjri) Apmc,Vegetables,Tomato,2025-01-09,44.6,Metric Tonnes,1400.0,Rs./Quintal
Maharashtra,Pune,Pune(Manjri) Apmc,Vegetables,Tomato,2025-01-10,42.8,Metric Tonnes,1400.0,Rs./Quintal
Maharashtra,Pune,Pune(Manjri) Apmc,Vegetables,Tomato,2025-01-11,52.8,Metric Tonnes,900.0,Rs./Quintal
Maharashtra,Pune,Pune(Manjri) Apmc,Vegetables,Tomato,2025-01-12,52.4,Metric Tonnes,1400.0,Rs./Quintal
Maharashtra,Pune,Pune(Manjri) Apmc,Vegetables,Tomato,2025-01-13,40.2,Metric Tonnes,700.0,Rs./Quintal
Maharashtra,Pune,Pune(Manjri) Apmc,Vegetables,Tomato,2025-01-14,24.8,Metric Tonnes,1800.0,Rs./Quintal
Maharashtra,Pune,Pune(Manjri) Apmc,Vegetables,Tomato,2025-01-15,61.5,Metric Tonnes,1100.0,Rs./Quintal
Maharashtra,Pune,Pune(Manjri) Apmc,Vegetables,Tomato,2025-01-16,53.5,Metric Tonnes,600.0,Rs./Quintal
Maharashtra,Pune,Pune(Manjri) Apmc,Vegetables,Tomato,2025-01-17,51.0,Metric Tonnes,600.0,Rs./Quintal
Maharashtra,Pune,Pune(Manjri) Apmc,Vegetables,Tomato,2025-01-18,58.0,Metric Tonnes,600.0,Rs./Quintal
Maharashtra,Pune,Pune(Manjri) Apmc,Vegetables,Tomato,2025-01-19,54.0,Metric Tonnes,800.0,Rs./Quintal
Maharashtra,Pune,Pune(Manjri) Apmc,Vegetables,Tomato,2025-01-20,43.0,Metric Tonnes,600.0,Rs./Quintal
Maharashtra,Pune,Pune(Manjri) Apmc,Vegetables,Tomato,2025-01-21,44.8,Metric Tonnes,1000.0,Rs./Quintal
Maharashtra,Pune,Pune(Manjri) Apmc,Vegetables,Tomato,2025-01-22,49.6,Metric Tonnes,1000.0,Rs./Quintal
Maharashtra,Pune,Pune(Manjri) Apmc,Vegetables,Tomato,2025-01-23,45.4,Metric Tonnes,700.0,Rs./Quintal
Maharashtra,Pune,Pune(Manjri) Apmc,Vegetables,Tomato,2025-01-24,45.7,Metric Tonnes,600.0,Rs./Quintal
Maharashtra,Pune,Pune(Manjri) Apmc,Vegetables,Tomato,2025-01-25,63.7,Metric Tonnes,1400.0,Rs./Quintal
Maharashtra,Pune,Pune(Manjri) Apmc,Vegetables,Tomato,2025-01-27,56.5,Metric Tonnes,1400.0,Rs./Quintal
Maharashtra,Pune,Pune(Manjri) Apmc,Vegetables,Tomato,2025-01-28,53.6,Metric Tonnes,1600.0,Rs./Quintal
Maharashtra,Pune,Pune(Manjri) Apmc,Vegetables,Tomato,2025-01-29,47.9,Metric Tonnes,700.0,Rs./Quintal
Maharashtra,Pune,Pune(Manjri) Apmc,Vegetables,Tomato,2025-01-30,47.4,Metric Tonnes,600.0,Rs./Quintal
Maharashtra,Pune,Pune(Manjri) Apmc,Vegetables,Tomato,2025-01-31,46.4,Metric Tonnes,900.0,Rs./Quintal
Maharashtra,Pune,Pune(Manjri) Apmc,Vegetables,Tomato,2025-02-01,60.2,Metric Tonnes,1400.0,Rs./Quintal
Maharashtra,Pune,Pune(Manjri) Apmc,Vegetables,Tomato,2025-02-02,57.0,Metric Tonnes,1100.0,Rs./Quintal
Maharashtra,Pune,Pune(Manjri) Apmc,Vegetables,Tomato,2025-02-03,219.2,Metric Tonnes,1000.0,Rs./Quintal
Maharashtra,Pune,Pune(Manjri) Apmc,Vegetables,Tomato,2025-02-04,47.7,Metric Tonnes,1100.0,Rs./Quintal
Maharashtra,Pune,Pune(Manjri) Apmc,Vegetables,Tomato,2025-02-05,54.3,Metric Tonnes,1100.0,Rs./Quintal
Maharashtra,Pune,Pune(Manjri) Apmc,Vegetables,Tomato,2025-02-06,60.4,Metric Tonnes,1400.0,Rs./Quintal
Maharashtra,Pune,Pune(Manjri) Apmc,Vegetables,Tomato,2025-02-07,54.0,Metric Tonnes,1100.0,Rs./Quintal
Maharashtra,Pune,Pune(Manjri) Apmc,Vegetables,Tomato,2025-02-08,64.1,Metric Tonnes,900.0,Rs./Quintal
Maharashtra,Pune,Pune(Manjri) Apmc,Vegetables,Tomato,2025-02-09,57.9,Metric Tonnes,1100.0,Rs./Quintal
Maharashtra,Pune,Pune(Manjri) Apmc,Vegetables,Tomato,2025-02-13,49.8,Metric Tonnes,1100.0,Rs./Quintal
Maharashtra,Pune,Pune(Manjri) Apmc,Vegetables,Tomato,2025-02-14,49.6,Metric Tonnes,1100.0,Rs./Quintal
Maharashtra,Pune,Pune(Manjri) Apmc,Vegetables,Tomato,2025-02-15,61.5,Metric Tonnes,1100.0,Rs./Quintal
Maharashtra,Pune,Pune(Manjri) Apmc,Vegetables,Tomato,2025-02-16,54.7,Metric Tonnes,1100.0,Rs./Quintal
Maharashtra,Pune,Pune(Manjri) Apmc,Vegetables,Tomato,2025-02-17,59.7,Metric Tonnes,1000.0,Rs./Quintal
Maharashtra,Pune,Pune(Manjri) Apmc,Vegetables,Tomato,2025-02-18,52.0,Metric Tonnes,600.0,Rs./Quintal
Maharashtra,Pune,Pune(Manjri) Apmc,Vegetables,Tomato,2025-02-19,40.5,Metric Tonnes,700.0,Rs./Quintal
Maharashtra,Pune,Pune(Manjri) Apmc,Vegetables,Tomato,2025-02-20,54.0,Metric Tonnes,900.0,Rs./Quintal
Maharashtra,Pune,Pune(Manjri) Apmc,Vegetables,Tomato,2025-02-21,42.2,Metric Tonnes,900.0,Rs./Quintal
Maharashtra,Pune,Pune(Manjri) Apmc,Vegetables,Tomato,2025-02-22,61.3,Metric Tonnes,1100.0,Rs./Quintal
Maharashtra,Pune,Pune(Manjri) Apmc,Vegetables,Tomato,2025-02-23,45.7,Metric Tonnes,1300.0,Rs./Quintal
Maharashtra,Pune,Pune(Manjri) Apmc,Vegetables,Tomato,2025-02-24,48.2,Metric Tonnes,1400.0,Rs./Quintal
Maharashtra,Pune,Pune(Manjri) Apmc,Vegetables,Tomato,2025-02-25,37.5,Metric Tonnes,1000.0,Rs./Quintal
Maharashtra,Pune,Pune(Manjri) Apmc,Vegetables,Tomato,2025-02-26,37.4,Metric Tonnes,900.0,Rs./Quintal
Maharashtra,Pune,Pune(Manjri) Apmc,Vegetables,Tomato,2025-02-27,54.0,Metric Tonnes,1200.0,Rs./Quintal
Maharashtra,Pune,Pune(Manjri) Apmc,Vegetables,Tomato,2025-02-28,51.4,Metric Tonnes,1100.0,Rs./Quintal
Maharashtra,Pune,Pune(Manjri) Apmc,Vegetables,Tomato,2025-03-01,65.5,Metric Tonnes,900.0,Rs./Quintal
Maharashtra,Pune,Pune(Manjri) Apmc,Vegetables,Tomato,2025-03-02,58.2,Metric Tonnes,1200.0,Rs./Quintal
Maharashtra,Pune,Pune(Manjri) Apmc,Vegetables,Tomato,2025-03-03,54.0,Metric Tonnes,1400.0,Rs./Quintal
Maharashtra,Pune,Pune(Manjri) Apmc,Vegetables,Tomato,2025-03-04,59.5,Metric Tonnes,1400.0,Rs./Quintal
Maharashtra,Pune,Pune(Manjri) Apmc,Vegetables,Tomato,2025-03-05,53.8,Metric Tonnes,1500.0,Rs./Quintal
Maharashtra,Pune,Pune(Manjri) Apmc,Vegetables,Tomato,2025-03-06,55.5,Metric Tonnes,1400.0,Rs./Quintal
Maharashtra,Pune,Pune(Manjri) Apmc,Vegetables,Tomato,2025-03-07,46.7,Metric Tonnes,1400.0,Rs./Quintal
Maharashtra,Pune,Pune(Manjri) Apmc,Vegetables,Tomato,2025-03-08,60.2,Metric Tonnes,1600.0,Rs./Quintal
Maharashtra,Pune,Pune(Manjri) Apmc,Vegetables,Tomato,2025-03-09,51.3,Metric Tonnes,1500.0,Rs./Quintal
Maharashtra,Pune,Pune(Manjri) Apmc,Vegetables,Tomato,2025-03-10,50.7,Metric Tonnes,1400.0,Rs./Quintal
Maharashtra,Pune,Pune(Manjri) Apmc,Vegetables,Tomato,2025-03-11,49.6,Metric Tonnes,1400.0,Rs./Quintal
Maharashtra,Pune,Pune(Manjri) Apmc,Vegetables,Tomato,2025-03-12,51.8,Metric Tonnes,1400.0,Rs./Quintal
Maharashtra,Pune,Pune(Manjri) Apmc,Vegetables,Tomato,2025-03-13,38.5,Metric Tonnes,1400.0,Rs./Quintal
Maharashtra,Pune,Pune(Manjri) Apmc,Vegetables,Tomato,2025-03-14,28.6,Metric Tonnes,900.0,Rs./Quintal
Maharashtra,Pune,Pune(Manjri) Apmc,Vegetables,Tomato,2025-03-15,63.3,Metric Tonnes,1400.0,Rs./Quintal
Maharashtra,Pune,Pune(Manjri) Apmc,Vegetables,Tomato,2025-03-16,54.0,Metric Tonnes,1100.0,Rs./Quintal
Maharashtra,Pune,Pune(Manjri) Apmc,Vegetables,Tomato,2025-03-17,45.9,Metric Tonnes,1100.0,Rs./Quintal
Maharashtra,Pune,Pune(Manjri) Apmc,Vegetables,Tomato,2025-03-18,52.5,Metric Tonnes,600.0,Rs./Quintal
Maharashtra,Pune,Pune(Manjri) Apmc,Vegetables,Tomato,2025-03-19,44.9,Metric Tonnes,1400.0,Rs./Quintal
Maharashtra,Pune,Pune(Manjri) Apmc,Vegetables,Tomato,2025-03-20,47.0,Metric Tonnes,900.0,Rs./Quintal
Maharashtra,Pune,Pune(Manjri) Apmc,Vegetables,Tomato,2025-03-21,47.5,Metric Tonnes,600.0,Rs./Quintal
Maharashtra,Pune,Pune(Manjri) Apmc,Vegetables,Tomato,2025-03-22,55.6,Metric Tonnes,900.0,Rs./Quintal
Maharashtra,Pune,Pune(Manjri) Apmc,Vegetables,Tomato,2025-03-23,48.4,Metric Tonnes,1000.0,Rs./Quintal
Maharashtra,Pune,Pune(Manjri) Apmc,Vegetables,Tomato,2025-03-24,46.9,Metric Tonnes,900.0,Rs./Quintal
Maharashtra,Pune,Pune(Manjri) Apmc,Vegetables,Tomato,2025-03-25,47.2,Metric Tonnes,900.0,Rs./Quintal
Maharashtra,Pune,Pune(Manjri) Apmc,Vegetables,Tomato,2025-03-26,43.4,Metric Tonnes,900.0,Rs./Quintal
Maharashtra,Pune,Pune(Manjri) Apmc,Vegetables,Tomato,2025-03-27,55.3,Metric Tonnes,1000.0,Rs./Quintal
Maharashtra,Pune,Pune(Manjri) Apmc,Vegetables,Tomato,2025-03-28,45.6,Metric Tonnes,900.0,Rs./Quintal
Maharashtra,Pune,Pune(Manjri) Apmc,Vegetables,Tomato,2025-03-29,54.6,Metric Tonnes,900.0,Rs./Quintal
Maharashtra,Pune,Pune(Manjri) Apmc,Vegetables,Tomato,2025-03-30,36.7,Metric Tonnes,1500.0,Rs./Quintal
Maharashtra,Pune,Pune(Manjri) Apmc,Vegetables,Tomato,2025-03-31,48.3,Metric Tonnes,1100.0,Rs./Quintal
Maharashtra,Pune,Pune(Manjri) Apmc,Vegetables,Tomato,2025-04-01,62.5,Metric Tonnes,700.0,Rs./Quintal
Maharashtra,Pune,Pune(Manjri) Apmc,Vegetables,Tomato,2025-04-02,56.4,Metric Tonnes,600.0,Rs./Quintal
Maharashtra,Pune,Pune(Manjri) Apmc,Vegetables,Tomato,2025-04-03,53.0,Metric Tonnes,600.0,Rs./Quintal
Maharashtra,Pune,Pune(Manjri) Apmc,Vegetables,Tomato,2025-04-04,44.4,Metric Tonnes,600.0,Rs./Quintal
Maharashtra,Pune,Pune(Manjri) Apmc,Vegetables,Tomato,2025-04-05,55.5,Metric Tonnes,800.0,Rs./Quintal
Maharashtra,Pune,Pune(Manjri) Apmc,Vegetables,Tomato,2025-04-06,51.3,Metric Tonnes,700.0,Rs./Quintal
Maharashtra,Pune,Pune(Manjri) Apmc,Vegetables,Tomato,2025-04-07,53.2,Metric Tonnes,1000.0,Rs./Quintal
Maharashtra,Pune,Pune(Manjri) Apmc,Vegetables,Tomato,2025-04-08,51.9,Metric Tonnes,1400.0,Rs./Quintal
Maharashtra,Pune,Pune(Manjri) Apmc,Vegetables,Tomato,2025-04-09,55.6,Metric Tonnes,1100.0,Rs./Quintal
Maharashtra,Pune,Pune(Manjri) Apmc,Vegetables,Tomato,2025-04-10,57.4,Metric Tonnes,1400.0,Rs./Quintal
Maharashtra,Pune,Pune(Manjri) Apmc,Vegetables,Tomato,2025-04-11,48.3,Metric Tonnes,1400.0,Rs./Quintal
Maharashtra,Pune,Pune(Manjri) Apmc,Vegetables,Tomato,2025-04-12,54.7,Metric Tonnes,1100.0,Rs./Quintal
Maharashtra,Pune,Pune(Manjri) Apmc,Vegetables,Tomato,2025-04-13,53.9,Metric Tonnes,1100.0,Rs./Quintal
Maharashtra,Pune,Pune(Manjri) Apmc,Vegetables,Tomato,2025-04-14,44.3,Metric Tonnes,1400.0,Rs./Quintal
Maharashtra,Pune,Pune(Manjri) Apmc,Vegetables,Tomato,2025-04-15,49.8,Metric Tonnes,900.0,Rs./Quintal
Maharashtra,Pune,Pune(Manjri) Apmc,Vegetables,Tomato,2025-04-16,53.4,Metric Tonnes,1100.0,Rs./Quintal
Maharashtra,Pune,Pune(Manjri) Apmc,Vegetables,Tomato,2025-04-17,50.4,Metric Tonnes,1100.0,Rs./Quintal
Maharashtra,Pune,Pune(Manjri) Apmc,Vegetables,Tomato,2025-04-18,48.4,Metric Tonnes,1200.0,Rs./Quintal
Maharashtra,Pune,Pune(Manjri) Apmc,Vegetables,Tomato,2025-04-19,64.9,Metric Tonnes,1000.0,Rs./Quintal
Maharashtra,Pune,Pune(Manjri) Apmc,Vegetables,Tomato,2025-04-20,48.0,Metric Tonnes,1100.0,Rs./Quintal
Maharashtra,Pune,Pune(Manjri) Apmc,Vegetables,Tomato,2025-04-21,50.7,Metric Tonnes,1000.0,Rs./Quintal
Maharashtra,Pune,Pune(Manjri) Apmc,Vegetables,Tomato,2025-04-22,52.8,Metric Tonnes,1200.0,Rs./Quintal
Maharashtra,Pune,Pune(Manjri) Apmc,Vegetables,Tomato,2025-04-23,56.1,Metric Tonnes,1100.0,Rs./Quintal
Maharashtra,Pune,Pune(Manjri) Apmc,Vegetables,Tomato,2025-04-24,57.5,Metric Tonnes,800.0,Rs./Quintal
Maharashtra,Pune,Pune(Manjri) Apmc,Vegetables,Tomato,2025-04-25,57.4,Metric Tonnes,600.0,Rs./Quintal
Maharashtra,Pune,Pune(Manjri) Apmc,Vegetables,Tomato,2025-04-26,55.9,Metric Tonnes,600.0,Rs./Quintal
Maharashtra,Pune,Pune(Manjri) Apmc,Vegetables,Tomato,2025-04-27,51.0,Metric Tonnes,1000.0,Rs./Quintal
Maharashtra,Pune,Pune(Manjri) Apmc,Vegetables,Tomato,2025-04-28,54.4,Metric Tonnes,1100.0,Rs./Quintal
Maharashtra,Pune,Pune(Manjri) Apmc,Vegetables,Tomato,2025-04-30,47.8,Metric Tonnes,2000.0,Rs./Quintal
Maharashtra,Pune,Pune(Manjri) Apmc,Vegetables,Tomato,2025-05-02,56.4,Metric Tonnes,1400.0,Rs./Quintal
Maharashtra,Pune,Pune(Manjri) Apmc,Vegetables,Tomato,2025-05-03,60.4,Metric Tonnes,1100.0,Rs./Quintal
Maharashtra,Pune,Pune(Manjri) Apmc,Vegetables,Tomato,2025-05-04,55.9,Metric Tonnes,1100.0,Rs./Quintal
Maharashtra,Pune,Pune(Manjri) Apmc,Vegetables,Tomato,2025-05-05,50.6,Metric Tonnes,900.0,Rs./Quintal
Maharashtra,Pune,Pune(Manjri) Apmc,Vegetables,Tomato,2025-05-06,46.4,Metric Tonnes,900.0,Rs./Quintal
Maharashtra,Pune,Pune(Manjri) Apmc,Vegetables,Tomato,2025-05-07,43.6,Metric Tonnes,1400.0,Rs./Quintal
Maharashtra,Pune,Pune(Manjri) Apmc,Vegetables,Tomato,2025-05-08,47.9,Metric Tonnes,700.0,Rs./Quintal
Maharashtra,Pune,Pune(Manjri) Apmc,Vegetables,Tomato,2025-05-09,43.7,Metric Tonnes,1800.0,Rs./Quintal
Maharashtra,Pune,Pune(Manjri) Apmc,Vegetables,Tomato,2025-05-10,45.9,Metric Tonnes,1400.0,Rs./Quintal
Maharashtra,Pune,Pune(Manjri) Apmc,Vegetables,Tomato,2025-05-11,46.7,Metric Tonnes,1100.0,Rs./Quintal
Maharashtra,Pune,Pune(Manjri) Apmc,Vegetables,Tomato,2025-05-12,48.9,Metric Tonnes,1100.0,Rs./Quintal
Maharashtra,Pune,Pune(Manjri) Apmc,Vegetables,Tomato,2025-05-15,49.6,Metric Tonnes,1400.0,Rs./Quintal
Maharashtra,Pune,Pune(Manjri) Apmc,Vegetables,Tomato,2025-05-16,54.8,Metric Tonnes,1400.0,Rs./Quintal
Maharashtra,Pune,Pune(Manjri) Apmc,Vegetables,Tomato,2025-05-17,53.0,Metric Tonnes,1400.0,Rs./Quintal
Maharashtra,Pune,Pune(Manjri) Apmc,Vegetables,Tomato,2025-05-18,50.6,Metric Tonnes,1800.0,Rs./Quintal
Maharashtra,Pune,Pune(Manjri) Apmc,Vegetables,Tomato,2025-05-19,49.0,Metric Tonnes,900.0,Rs./Quintal
Maharashtra,Pune,Pune(Manjri) Apmc,Vegetables,Tomato,2025-05-20,37.4,Metric Tonnes,1500.0,Rs./Quintal
Maharashtra,Pune,Pune(Manjri) Apmc,Vegetables,Tomato,2025-05-21,40.3,Metric Tonnes,1600.0,Rs./Quintal
Maharashtra,Pune,Pune(Manjri) Apmc,Vegetables,Tomato,2025-05-22,43.0,Metric Tonnes,2500.0,Rs./Quintal
Maharashtra,Pune,Pune(Manjri) Apmc,Vegetables,Tomato,2025-05-23,44.4,Metric Tonnes,3000.0,Rs./Quintal
Maharashtra,Pune,Pune(Manjri) Apmc,Vegetables,Tomato,2025-05-24,44.4,Metric Tonnes,3200.0,Rs./Quintal
Maharashtra,Pune,Pune(Manjri) Apmc,Vegetables,Tomato,2025-05-25,36.8,Metric Tonnes,2500.0,Rs./Quintal
Maharashtra,Pune,Pune(Manjri) Apmc,Vegetables,Tomato,2025-05-26,39.9,Metric Tonnes,1100.0,Rs./Quintal
Maharashtra,Pune,Pune(Manjri) Apmc,Vegetables,Tomato,2025-05-27,36.8,Metric Tonnes,700.0,Rs./Quintal
Maharashtra,Pune,Pune(Manjri) Apmc,Vegetables,Tomato,2025-05-28,33.8,Metric Tonnes,4100.0,Rs./Quintal
Maharashtra,Pune,Pune(Manjri) Apmc,Vegetables,Tomato,2025-05-29,43.6,Metric Tonnes,2700.0,Rs./Quintal
Maharashtra,Pune,Pune(Manjri) Apmc,Vegetables,Tomato,2025-05-30,41.1,Metric Tonnes,2300.0,Rs./Quintal
Maharashtra,Pune,Pune(Manjri) Apmc,Vegetables,Tomato,2025-05-31,54.8,Metric Tonnes,1800.0,Rs./Quintal
Maharashtra,Pune,Pune(Manjri) Apmc,Vegetables,Tomato,2025-06-01,43.9,Metric Tonnes,1800.0,Rs./Quintal
Maharashtra,Pune,Pune(Manjri) Apmc,Vegetables,Tomato,2025-06-02,41.3,Metric Tonnes,1800.0,Rs./Quintal
Maharashtra,Pune,Pune(Manjri) Apmc,Vegetables,Tomato,2025-06-03,39.1,Metric Tonnes,1800.0,Rs./Quintal
Maharashtra,Pune,Pune(Manjri) Apmc,Vegetables,Tomato,2025-06-04,40.5,Metric Tonnes,1800.0,Rs./Quintal
Maharashtra,Pune,Pune(Manjri) Apmc,Vegetables,Tomato,2025-06-05,35.8,Metric Tonnes,1800.0,Rs./Quintal
Maharashtra,Pune,Pune(Manjri) Apmc,Vegetables,Tomato,2025-06-06,35.6,Metric Tonnes,2000.0,Rs./Quintal
Maharashtra,Pune,Pune(Manjri) Apmc,Vegetables,Tomato,2025-06-07,38.5,Metric Tonnes,2200.0,Rs./Quintal
Maharashtra,Pune,Pune(Manjri) Apmc,Vegetables,Tomato,2025-06-08,40.3,Metric Tonnes,2200.0,Rs./Quintal
Maharashtra,Pune,Pune(Manjri) Apmc,Vegetables,Tomato,2025-06-09,36.8,Metric Tonnes,1800.0,Rs./Quintal
Maharashtra,Pune,Pune(Manjri) Apmc,Vegetables,Tomato,2025-06-10,41.7,Metric Tonnes,1500.0,Rs./Quintal
Maharashtra,Pune,Pune(Manjri) Apmc,Vegetables,Tomato,2025-06-11,43.0,Metric Tonnes,2200.0,Rs./Quintal
Maharashtra,Pune,Pune(Manjri) Apmc,Vegetables,Tomato,2025-06-12,40.1,Metric Tonnes,2500.0,Rs./Quintal
Maharashtra,Pune,Pune(Manjri) Apmc,Vegetables,Tomato,2025-06-13,34.8,Metric Tonnes,2800.0,Rs./Quintal
Maharashtra,Pune,Pune(Manjri) Apmc,Vegetables,Tomato,2025-06-14,38.9,Metric Tonnes,2200.0,Rs./Quintal
Maharashtra,Pune,Pune(Manjri) Apmc,Vegetables,Tomato,2025-06-15,41.2,Metric Tonnes,2400.0,Rs./Quintal
Maharashtra,Pune,Pune(Manjri) Apmc,Vegetables,Tomato,2025-06-16,37.9,Metric Tonnes,2800.0,Rs./Quintal
Maharashtra,Pune,Pune(Manjri) Apmc,Vegetables,Tomato,2025-06-17,40.8,Metric Tonnes,2500.0,Rs./Quintal
Maharashtra,Pune,Pune(Manjri) Apmc,Vegetables,Tomato,2025-06-18,45.2,Metric Tonnes,1800.0,Rs./Quintal
Maharashtra,Pune,Pune(Manjri) Apmc,Vegetables,Tomato,2025-06-19,32.2,Metric Tonnes,1000.0,Rs./Quintal
Maharashtra,Pune,Pune(Manjri) Apmc,Vegetables,Tomato,2025-06-20,38.9,Metric Tonnes,1800.0,Rs./Quintal
Maharashtra,Pune,Pune(Manjri) Apmc,Vegetables,Tomato,2025-06-21,38.3,Metric Tonnes,2500.0,Rs./Quintal
Maharashtra,Pune,Pune(Manjri) Apmc,Vegetables,Tomato,2025-06-22,13.0,Metric Tonnes,1200.0,Rs./Quintal
Maharashtra,Pune,Pune(Manjri) Apmc,Vegetables,Tomato,2025-06-23,48.6,Metric Tonnes,2000.0,Rs./Quintal
Maharashtra,Pune,Pune(Manjri) Apmc,Vegetables,Tomato,2025-06-24,39.8,Metric Tonnes,2000.0,Rs./Quintal
Maharashtra,Pune,Pune(Manjri) Apmc,Vegetables,Tomato,2025-06-25,43.9,Metric Tonnes,1800.0,Rs./Quintal
Maharashtra,Pune,Pune(Manjri) Apmc,Vegetables,Tomato,2025-06-26,41.7,Metric Tonnes,1800.0,Rs./Quintal
Maharashtra,Pune,Pune(Manjri) Apmc,Vegetables,Tomato,2025-06-27,39.5,Metric Tonnes,1700.0,Rs./Quintal
Maharashtra,Pune,Pune(Manjri) Apmc,Vegetables,Tomato,2025-06-28,45.9,Metric Tonnes,1800.0,Rs./Quintal
Maharashtra,Pune,Pune(Manjri) Apmc,Vegetables,Tomato,2025-06-29,47.0,Metric Tonnes,1500.0,Rs./Quintal
Maharashtra,Pune,Pune(Manjri) Apmc,Vegetables,Tomato,2025-06-30,41.5,Metric Tonnes,2000.0,Rs./Quintal
Maharashtra,Pune,Pune(Manjri) Apmc,Vegetables,Tomato,2025-07-01,32.1,Metric Tonnes,1500.0,Rs./Quintal
Maharashtra,Pune,Pune(Manjri) Apmc,Vegetables,Tomato,2025-07-03,37.1,Metric Tonnes,2200.0,Rs./Quintal
Maharashtra,Pune,Pune(Manjri) Apmc,Vegetables,Tomato,2025-07-04,36.9,Metric Tonnes,2000.0,Rs./Quintal
Maharashtra,Pune,Pune(Manjri) Apmc,Vegetables,Tomato,2025-07-05,35.4,Metric Tonnes,2500.0,Rs./Quintal
Maharashtra,Pune,Pune(Manjri) Apmc,Vegetables,Tomato,2025-07-06,27.5,Metric Tonnes,3500.0,Rs./Quintal
Maharashtra,Pune,Pune(Manjri) Apmc,Vegetables,Tomato,2025-07-07,46.8,Metric Tonnes,2800.0,Rs./Quintal
Maharashtra,Pune,Pune(Manjri) Apmc,Vegetables,Tomato,2025-07-08,43.4,Metric Tonnes,1500.0,Rs./Quintal
Maharashtra,Pune,Pune(Manjri) Apmc,Vegetables,Tomato,2025-07-09,43.5,Metric Tonnes,2200.0,Rs./Quintal
Maharashtra,Pune,Pune(Manjri) Apmc,Vegetables,Tomato,2025-07-10,36.2,Metric Tonnes,2000.0,Rs./Quintal
Maharashtra,Pune,Pune(Manjri) Apmc,Vegetables,Tomato,2025-07-11,40.7,Metric Tonnes,2500.0,Rs./Quintal
Maharashtra,Pune,Pune(Manjri) Apmc,Vegetables,Tomato,2025-07-12,53.6,Metric Tonnes,2200.0,Rs./Quintal
Maharashtra,Pune,Pune(Manjri) Apmc,Vegetables,Tomato,2025-07-13,49.3,Metric Tonnes,2000.0,Rs./Quintal
Maharashtra,Pune,Pune(Manjri) Apmc,Vegetables,Tomato,2025-07-14,52.1,Metric Tonnes,1500.0,Rs./Quintal
Maharashtra,Pune,Pune(Manjri) Apmc,Vegetables,Tomato,2025-07-15,41.7,Metric Tonnes,1000.0,Rs./Quintal
Maharashtra,Pune,Pune(Manjri) Apmc,Vegetables,Tomato,2025-07-16,46.8,Metric Tonnes,1500.0,Rs./Quintal
Maharashtra,Pune,Pune(Manjri) Apmc,Vegetables,Tomato,2025-07-17,53.4,Metric Tonnes,1500.0,Rs./Quintal
Maharashtra,Pune,Pune(Manjri) Apmc,Vegetables,Tomato,2025-07-18,47.4,Metric Tonnes,1200.0,Rs./Quintal
Maharashtra,Pune,Pune(Manjri) Apmc,Vegetables,Tomato,2025-07-19,56.3,Metric Tonnes,1500.0,Rs./Quintal
Maharashtra,Pune,Pune(Manjri) Apmc,Vegetables,Tomato,2025-07-20,46.6,Metric Tonnes,2500.0,Rs./Quintal
Maharashtra,Pune,Pune(Manjri) Apmc,Vegetables,Tomato,2025-07-21,51.2,Metric Tonnes,3000.0,Rs./Quintal
Maharashtra,Pune,Pune(Manjri) Apmc,Vegetables,Tomato,2025-07-22,55.8,Metric Tonnes,2200.0,Rs./Quintal
Maharashtra,Pune,Pune(Manjri) Apmc,Vegetables,Tomato,2025-07-23,49.1,Metric Tonnes,2000.0,Rs./Quintal
Maharashtra,Pune,Pune(Manjri) Apmc,Vegetables,Tomato,2025-07-24,49.3,Metric Tonnes,3000.0,Rs./Quintal
Maharashtra,Pune,Pune(Manjri) Apmc,Vegetables,Tomato,2025-07-27,56.5,Metric Tonnes,3500.0,Rs./Quintal
Maharashtra,Pune,Pune(Manjri) Apmc,Vegetables,Tomato,2025-07-28,51.8,Metric Tonnes,3500.0,Rs./Quintal
Maharashtra,Pune,Pune(Manjri) Apmc,Vegetables,Tomato,2025-07-30,62.0,Metric Tonnes,2500.0,Rs./Quintal
Maharashtra,Pune,Pune(Manjri) Apmc,Vegetables,Tomato,2025-07-31,56.1,Metric Tonnes,2800.0,Rs./Quintal
Maharashtra,Pune,Pune(Manjri) Apmc,Vegetables,Tomato,2025-08-01,52.0,Metric Tonnes,1300.0,Rs./Quintal
Maharashtra,Pune,Pune(Manjri) Apmc,Vegetables,Tomato,2025-08-02,61.6,Metric Tonnes,3000.0,Rs./Quintal
Maharashtra,Pune,Pune(Manjri) Apmc,Vegetables,Tomato,2025-08-03,62.2,Metric Tonnes,3000.0,Rs./Quintal
Maharashtra,Pune,Pune(Manjri) Apmc,Vegetables,Tomato,2025-08-04,59.8,Metric Tonnes,4000.0,Rs./Quintal
Maharashtra,Pune,Pune(Manjri) Apmc,Vegetables,Tomato,2025-08-05,53.1,Metric Tonnes,4000.0,Rs./Quintal
Maharashtra,Pune,Pune(Manjri) Apmc,Vegetables,Tomato,2025-08-06,56.2,Metric Tonnes,4000.0,Rs./Quintal
Maharashtra,Pune,Pune(Manjri) Apmc,Vegetables,Tomato,2025-08-07,49.8,Metric Tonnes,3000.0,Rs./Quintal
Maharashtra,Pune,Pune(Manjri) Apmc,Vegetables,Tomato,2025-08-10,54.6,Metric Tonnes,3200.0,Rs./Quintal
Maharashtra,Pune,Pune(Manjri) Apmc,Vegetables,Tomato,2025-08-11,57.0,Metric Tonnes,4000.0,Rs./Quintal
Maharashtra,Pune,Pune(Manjri) Apmc,Vegetables,Tomato,2025-08-12,56.5,Metric Tonnes,2500.0,Rs./Quintal
Maharashtra,Pune,Pune(Manjri) Apmc,Vegetables,Tomato,2025-08-13,55.5,Metric Tonnes,3000.0,Rs./Quintal
Maharashtra,Pune,Pune(Manjri) Apmc,Vegetables,Tomato,2025-08-14,61.9,Metric Tonnes,2500.0,Rs./Quintal
Maharashtra,Pune,Pune(Manjri) Apmc,Vegetables,Tomato,2025-08-16,73.4,Metric Tonnes,2500.0,Rs./Quintal
Maharashtra,Pune,Pune(Manjri) Apmc,Vegetables,Tomato,2025-08-17,68.3,Metric Tonnes,2500.0,Rs./Quintal
Maharashtra,Pune,Pune(Manjri) Apmc,Vegetables,Tomato,2025-08-19,38.2,Metric Tonnes,2000.0,Rs./Quintal
Maharashtra,Pune,Pune(Manjri) Apmc,Vegetables,Tomato,2025-08-20,49.5,Metric Tonnes,3000.0,Rs./Quintal
Maharashtra,Pune,Pune(Manjri) Apmc,Vegetables,Tomato,2025-08-21,51.0,Metric Tonnes,4000.0,Rs./Quintal
Maharashtra,Pune,Pune(Manjri) Apmc,Vegetables,Tomato,2025-08-23,57.8,Metric Tonnes,2500.0,Rs./Quintal
Maharashtra,Pune,Pune(Manjri) Apmc,Vegetables,Tomato,2025-08-25,54.4,Metric Tonnes,1800.0,Rs./Quintal
Maharashtra,Pune,Pune(Manjri) Apmc,Vegetables,Tomato,2025-08-26,53.2,Metric Tonnes,1500.0,Rs./Quintal
Maharashtra,Pune,Pune(Manjri) Apmc,Vegetables,Tomato,2025-08-27,43.1,Metric Tonnes,1500.0,Rs./Quintal
Maharashtra,Pune,Pune(Manjri) Apmc,Vegetables,Tomato,2025-08-28,61.8,Metric Tonnes,1500.0,Rs./Quintal
Maharashtra,Pune,Pune(Manjri) Apmc,Vegetables,Tomato,2025-09-01,51.1,Metric Tonnes,3000.0,Rs./Quintal
Maharashtra,Pune,Pune(Manjri) Apmc,Vegetables,Tomato,2025-09-02,55.5,Metric Tonnes,2500.0,Rs./Quintal
Maharashtra,Pune,Pune(Manjri) Apmc,Vegetables,Tomato,2025-09-03,64.0,Metric Tonnes,2500.0,Rs./Quintal
Maharashtra,Pune,Pune(Manjri) Apmc,Vegetables,Tomato,2025-09-04,65.9,Metric Tonnes,2200.0,Rs./Quintal
Maharashtra,Pune,Pune(Manjri) Apmc,Vegetables,Tomato,2025-09-05,57.2,Metric Tonnes,1800.0,Rs./Quintal
Maharashtra,Pune,Pune(Manjri) Apmc,Vegetables,Tomato,2025-09-06,60.1,Metric Tonnes,1500.0,Rs./Quintal
Maharashtra,Pune,Pune(Manjri) Apmc,Vegetables,Tomato,2025-09-08,75.8,Metric Tonnes,2000.0,Rs./Quintal
Maharashtra,Pune,Pune(Manjri) Apmc,Vegetables,Tomato,2025-09-09,70.1,Metric Tonnes,1500.0,Rs./Quintal
Maharashtra,Pune,Pune(Manjri) Apmc,Vegetables,Tomato,2025-09-10,71.8,Metric Tonnes,2000.0,Rs./Quintal
Maharashtra,Pune,Pune(Manjri) Apmc,Vegetables,Tomato,2025-09-11,58.5,Metric Tonnes,1500.0,Rs./Quintal
Maharashtra,Pune,Pune(Manjri) Apmc,Vegetables,Tomato,2025-09-12,61.5,Metric Tonnes,1500.0,Rs./Quintal
Maharashtra,Pune,Pune(Manjri) Apmc,Vegetables,Tomato,2025-09-13,61.0,Metric Tonnes,1200.0,Rs./Quintal
Maharashtra,Pune,Pune(Manjri) Apmc,Vegetables,Tomato,2025-09-14,56.1,Metric Tonnes,1200.0,Rs./Quintal
Maharashtra,Pune,Pune(Manjri) Apmc,Vegetables,Tomato,2025-09-15,34.2,Metric Tonnes,1200.0,Rs./Quintal
Maharashtra,Pune,Pune(Manjri) Apmc,Vegetables,Tomato,2025-09-16,73.9,Metric Tonnes,1000.0,Rs./Quintal
Maharashtra,Pune,Pune(Manjri) Apmc,Vegetables,Tomato,2025-09-17,65.4,Metric Tonnes,1000.0,Rs./Quintal
Maharashtra,Pune,Pune(Manjri) Apmc,Vegetables,Tomato,2025-09-18,67.2,Metric Tonnes,1000.0,Rs./Quintal
Maharashtra,Pune,Pune(Manjri) Apmc,Vegetables,Tomato,2025-09-19,50.4,Metric Tonnes,800.0,Rs./Quintal
Maharashtra,Pune,Pune(Manjri) Apmc,Vegetables,Tomato,2025-09-20,75.5,Metric Tonnes,1000.0,Rs./Quintal
Maharashtra,Pune,Pune(Manjri) Apmc,Vegetables,Tomato,2025-09-21,54.7,Metric Tonnes,1500.0,Rs./Quintal
Maharashtra,Pune,Pune(Manjri) Apmc,Vegetables,Tomato,2025-09-22,57.0,Metric Tonnes,2000.0,Rs./Quintal
Maharashtra,Pune,Pune(Manjri) Apmc,Vegetables,Tomato,2025-09-23,70.5,Metric Tonnes,1500.0,Rs./Quintal
Maharashtra,Pune,Pune(Manjri) Apmc,Vegetables,Tomato,2025-09-24,75.4,Metric Tonnes,2000.0,Rs./Quintal
Maharashtra,Pune,Pune(Manjri) Apmc,Vegetables,Tomato,2025-09-25,62.7,Metric Tonnes,1000.0,Rs./Quintal
Maharashtra,Pune,Pune(Manjri) Apmc,Vegetables,Tomato,2025-09-27,61.6,Metric Tonnes,1500.0,Rs./Quintal
Maharashtra,Pune,Pune(Manjri) Apmc,Vegetables,Tomato,2025-09-29,64.1,Metric Tonnes,1500.0,Rs./Quintal
Maharashtra,Pune,Pune(Manjri) Apmc,Vegetables,Tomato,2025-09-30,59.6,Metric Tonnes,2000.0,Rs./Quintal
Maharashtra,Pune,Pune(Manjri) Apmc,Vegetables,Tomato,2025-10-02,35.8,Metric Tonnes,1500.0,Rs./Quintal
Maharashtra,Pune,Pune(Manjri) Apmc,Vegetables,Tomato,2025-10-03,59.7,Metric Tonnes,1600.0,Rs./Quintal
Maharashtra,Pune,Pune(Manjri) Apmc,Vegetables,Tomato,2025-10-04,71.0,Metric Tonnes,2500.0,Rs./Quintal
Maharashtra,Pune,Pune(Manjri) Apmc,Vegetables,Tomato,2025-10-05,64.9,Metric Tonnes,2500.0,Rs./Quintal
Maharashtra,Pune,Pune(Manjri) Apmc,Vegetables,Tomato,2025-10-06,63.5,Metric Tonnes,2200.0,Rs./Quintal
Maharashtra,Pune,Pune(Manjri) Apmc,Vegetables,Tomato,2025-10-07,62.5,Metric Tonnes,1500.0,Rs./Quintal
Maharashtra,Pune,Pune(Manjri) Apmc,Vegetables,Tomato,2025-10-08,63.2,Metric Tonnes,1500.0,Rs./Quintal
Maharashtra,Pune,Pune(Manjri) Apmc,Vegetables,Tomato,2025-10-09,56.6,Metric Tonnes,2000.0,Rs./Quintal
Maharashtra,Pune,Pune(Manjri) Apmc,Vegetables,Tomato,2025-10-12,59.4,Metric Tonnes,1000.0,Rs./Quintal
Maharashtra,Pune,Pune(Manjri) Apmc,Vegetables,Tomato,2025-10-13,48.4,Metric Tonnes,1500.0,Rs./Quintal
Maharashtra,Pune,Pune(Manjri) Apmc,Vegetables,Tomato,2025-10-14,54.4,Metric Tonnes,5000.0,Rs./Quintal
Maharashtra,Pune,Pune(Manjri) Apmc,Vegetables,Tomato,2025-10-15,52.8,Metric Tonnes,1500.0,Rs./Quintal
Maharashtra,Pune,Pune(Manjri) Apmc,Vegetables,Tomato,2025-10-16,46.1,Metric Tonnes,1000.0,Rs./Quintal
Maharashtra,Pune,Pune(Manjri) Apmc,Vegetables,Tomato,2025-10-18,62.6,Metric Tonnes,1500.0,Rs./Quintal
Maharashtra,Pune,Pune(Manjri) Apmc,Vegetables,Tomato,2025-10-20,43.2,Metric Tonnes,1000.0,Rs./Quintal
Maharashtra,Pune,Pune(Manjri) Apmc,Vegetables,Tomato,2025-10-21,25.0,Metric Tonnes,1000.0,Rs./Quintal
Maharashtra,Pune,Pune(Manjri) Apmc,Vegetables,Tomato,2025-10-22,42.8,Metric Tonnes,2000.0,Rs./Quintal
Maharashtra,Pune,Pune(Manjri) Apmc,Vegetables,Tomato,2025-10-23,49.5,Metric Tonnes,2000.0,Rs./Quintal
Maharashtra,Pune,Pune(Manjri) Apmc,Vegetables,Tomato,2025-10-26,55.5,Metric Tonnes,1500.0,Rs./Quintal
Maharashtra,Pune,Pune(Manjri) Apmc,Vegetables,Tomato,2025-10-28,55.8,Metric Tonnes,1000.0,Rs./Quintal
Maharashtra,Pune,Pune(Manjri) Apmc,Vegetables,Tomato,2025-10-29,56.1,Metric Tonnes,2000.0,Rs./Quintal
Maharashtra,Pune,Pune(Manjri) Apmc,Vegetables,Tomato,2025-10-30,52.4,Metric Tonnes,1500.0,Rs./Quintal
Maharashtra,Pune,Pune(Manjri) Apmc,Vegetables,Tomato,2025-10-31,50.9,Metric Tonnes,1500.0,Rs./Quintal
Maharashtra,Pune,Pune(Manjri) Apmc,Vegetables,Tomato,2025-11-01,61.7,Metric Tonnes,1500.0,Rs./Quintal
Maharashtra,Pune,Pune(Manjri) Apmc,Vegetables,Tomato,2025-11-02,53.8,Metric Tonnes,1500.0,Rs./Quintal
Maharashtra,Pune,Pune(Manjri) Apmc,Vegetables,Tomato,2025-11-03,51.8,Metric Tonnes,2000.0,Rs./Quintal
Maharashtra,Pune,Pune(Manjri) Apmc,Vegetables,Tomato,2025-11-05,50.4,Metric Tonnes,2000.0,Rs./Quintal
Maharashtra,Pune,Pune(Manjri) Apmc,Vegetables,Tomato,2025-11-07,44.4,Metric Tonnes,1500.0,Rs./Quintal
Maharashtra,Pune,Pune(Manjri) Apmc,Vegetables,Tomato,2025-11-08,57.0,Metric Tonnes,2000.0,Rs./Quintal
Maharashtra,Pune,Pune(Manjri) Apmc,Vegetables,Tomato,2025-11-09,61.1,Metric Tonnes,1500.0,Rs./Quintal
Maharashtra,Pune,Pune(Manjri) Apmc,Vegetables,Tomato,2025-11-10,45.6,Metric Tonnes,1500.0,Rs./Quintal
Maharashtra,Pune,Pune(Manjri) Apmc,Vegetables,Tomato,2025-11-11,48.1,Metric Tonnes,2500.0,Rs./Quintal
Maharashtra,Pune,Pune(Manjri) Apmc,Vegetables,Tomato,2025-11-12,44.3,Metric Tonnes,3000.0,Rs./Quintal
Maharashtra,Pune,Pune(Manjri) Apmc,Vegetables,Tomato,2025-11-13,51.7,Metric Tonnes,2500.0,Rs./Quintal
Maharashtra,Pune,Pune(Manjri) Apmc,Vegetables,Tomato,2025-11-14,50.7,Metric Tonnes,2500.0,Rs./Quintal
Maharashtra,Pune,Pune(Manjri) Apmc,Vegetables,Tomato,2025-11-15,53.7,Metric Tonnes,2500.0,Rs./Quintal
Maharashtra,Pune,Pune(Manjri) Apmc,Vegetables,Tomato,2025-11-16,48.5,Metric Tonnes,2500.0,Rs./Quintal
Maharashtra,Pune,Pune(Manjri) Apmc,Vegetables,Tomato,2025-11-17,53.3,Metric Tonnes,3000.0,Rs./Quintal
Maharashtra,Pune,Pune(Manjri) Apmc,Vegetables,Tomato,2025-11-18,54.4,Metric Tonnes,3000.0,Rs./Quintal
Maharashtra,Pune,Pune(Manjri) Apmc,Vegetables,Tomato,2025-11-19,50.8,Metric Tonnes,2500.0,Rs./Quintal
Maharashtra,Pune,Pune(Manjri) Apmc,Vegetables,Tomato,2025-11-20,48.5,Metric Tonnes,3000.0,Rs./Quintal
Maharashtra,Pune,Pune(Manjri) Apmc,Vegetables,Tomato,2025-11-21,51.6,Metric Tonnes,3000.0,Rs./Quintal
Maharashtra,Pune,Pune(Manjri) Apmc,Vegetables,Tomato,2025-11-22,51.2,Metric Tonnes,4000.0,Rs./Quintal
Maharashtra,Pune,Pune(Manjri) Apmc,Vegetables,Tomato,2025-11-23,51.6,Metric Tonnes,3000.0,Rs./Quintal
Maharashtra,Pune,Pune(Manjri) Apmc,Vegetables,Tomato,2025-11-24,57.9,Metric Tonnes,4000.0,Rs./Quintal
Maharashtra,Pune,Pune(Manjri) Apmc,Vegetables,Tomato,2025-11-25,55.4,Metric Tonnes,3000.0,Rs./Quintal
Maharashtra,Pune,Pune(Manjri) Apmc,Vegetables,Tomato,2025-11-26,49.8,Metric Tonnes,4000.0,Rs./Quintal
Maharashtra,Pune,Pune(Manjri) Apmc,Vegetables,Tomato,2025-11-27,54.4,Metric Tonnes,3000.0,Rs./Quintal
Maharashtra,Pune,Pune(Manjri) Apmc,Vegetables,Tomato,2025-11-28,53.8,Metric Tonnes,2000.0,Rs./Quintal
Maharashtra,Pune,Pune(Manjri) Apmc,Vegetables,Tomato,2025-11-29,65.2,Metric Tonnes,2500.0,Rs./Quintal
Maharashtra,Pune,Pune(Manjri) Apmc,Vegetables,Tomato,2025-12-01,48.6,Metric Tonnes,2500.0,Rs./Quintal
Maharashtra,Pune,Pune(Manjri) Apmc,Vegetables,Tomato,2025-12-02,46.3,Metric Tonnes,2500.0,Rs./Quintal
Maharashtra,Pune,Pune(Manjri) Apmc,Vegetables,Tomato,2025-12-03,55.1,Metric Tonnes,2500.0,Rs./Quintal
Maharashtra,Pune,Pune(Manjri) Apmc,Vegetables,Tomato,2025-12-04,320.0,Metric Tonnes,5000.0,Rs./Quintal
Maharashtra,Pune,Pune(Manjri) Apmc,Vegetables,Tomato,2025-12-05,53.1,Metric Tonnes,2000.0,Rs./Quintal
Maharashtra,Pune,Pune(Manjri) Apmc,Vegetables,Tomato,2025-12-06,53.4,Metric Tonnes,3000.0,Rs./Quintal
Maharashtra,Pune,Pune(Manjri) Apmc,Vegetables,Tomato,2025-12-07,56.2,Metric Tonnes,2500.0,Rs./Quintal
Maharashtra,Pune,Pune(Manjri) Apmc,Vegetables,Tomato,2025-12-08,52.7,Metric Tonnes,3000.0,Rs./Quintal
Maharashtra,Pune,Pune(Manjri) Apmc,Vegetables,Tomato,2025-12-09,52.4,Metric Tonnes,2500.0,Rs./Quintal
Maharashtra,Pune,Pune(Manjri) Apmc,Vegetables,Tomato,2025-12-11,51.4,Metric Tonnes,3000.0,Rs./Quintal
Maharashtra,Pune,Pune(Manjri) Apmc,Vegetables,Tomato,2025-12-12,43.2,Metric Tonnes,2500.0,Rs./Quintal
Maharashtra,Pune,Pune(Manjri) Apmc,Vegetables,Tomato,2025-12-13,41.0,Metric Tonnes,3000.0,Rs./Quintal
Maharashtra,Pune,Pune(Manjri) Apmc,Vegetables,Tomato,2025-12-14,49.5,Metric Tonnes,4000.0,Rs./Quintal
Maharashtra,Pune,Pune(Manjri) Apmc,Vegetables,Tomato,2025-12-15,44.1,Metric Tonnes,4000.0,Rs./Quintal
Maharashtra,Pune,Pune(Manjri) Apmc,Vegetables,Tomato,2025-12-16,43.9,Metric Tonnes,5000.0,Rs./Quintal
Maharashtra,Pune,Pune(Manjri) Apmc,Vegetables,Tomato,2025-12-17,44.5,Metric Tonnes,5000.0,Rs./Quintal
Maharashtra,Pune,Pune(Manjri) Apmc,Vegetables,Tomato,2025-12-18,42.7,Metric Tonnes,4000.0,Rs./Quintal
Maharashtra,Pune,Pune(Manjri) Apmc,Vegetables,Tomato,2025-12-19,45.0,Metric Tonnes,4000.0,Rs./Quintal
Maharashtra,Pune,Pune(Manjri) Apmc,Vegetables,Tomato,2025-12-20,51.7,Metric Tonnes,4000.0,Rs./Quintal
Maharashtra,Pune,Pune(Manjri) Apmc,Vegetables,Tomato,2025-12-21,57.9,Metric Tonnes,4000.0,Rs./Quintal
Maharashtra,Pune,Pune(Manjri) Apmc,Vegetables,Tomato,2025-12-22,45.6,Metric Tonnes,3500.0,Rs./Quintal
Maharashtra,Pune,Pune(Manjri) Apmc,Vegetables,Tomato,2025-12-23,49.9,Metric Tonnes,4000.0,Rs./Quintal
Maharashtra,Pune,Pune(Manjri) Apmc,Vegetables,Tomato,2025-12-24,45.3,Metric Tonnes,4000.0,Rs./Quintal
Maharashtra,Pune,Pune(Manjri) Apmc,Vegetables,Tomato,2025-12-25,42.9,Metric Tonnes,4000.0,Rs./Quintal
Maharashtra,Pune,Pune(Manjri) Apmc,Vegetables,Tomato,2025-12-26,49.0,Metric Tonnes,3000.0,Rs./Quintal
Maharashtra,Pune,Pune(Manjri) Apmc,Vegetables,Tomato,2025-12-27,55.3,Metric Tonnes,4000.0,Rs./Quintal
Maharashtra,Pune,Pune(Manjri) Apmc,Vegetables,Tomato,2025-12-28,48.0,Metric Tonnes,3000.0,Rs./Quintal
Maharashtra,Pune,Pune(Manjri) Apmc,Vegetables,Tomato,2025-12-29,41.0,Metric Tonnes,3500.0,Rs./Quintal
Maharashtra,Pune,Pune(Manjri) Apmc,Vegetables,Tomato,2025-12-30,43.6,Metric Tonnes,3500.0,Rs./Quintal
Maharashtra,Pune,Pune(Manjri) Apmc,Vegetables,Tomato,2025-12-31,36.4,Metric Tonnes,4000.0,Rs./Quintal
Maharashtra,Pune,Pune(Manjri) Apmc,Vegetables,Tomato,2026-01-01,37.5,Metric Tonnes,4000.0,Rs./Quintal
Maharashtra,Pune,Pune(Manjri) Apmc,Vegetables,Tomato,2026-01-02,46.7,Metric Tonnes,4000.0,Rs./Quintal
Maharashtra,Pune,Pune(Manjri) Apmc,Vegetables,Tomato,2026-01-03,51.2,Metric Tonnes,3000.0,Rs./Quintal
Maharashtra,Pune,Pune(Manjri) Apmc,Vegetables,Tomato,2026-01-04,52.1,Metric Tonnes,3000.0,Rs./Quintal
Maharashtra,Pune,Pune(Manjri) Apmc,Vegetables,Tomato,2026-01-05,52.3,Metric Tonnes,3000.0,Rs./Quintal
Maharashtra,Pune,Pune(Manjri) Apmc,Vegetables,Tomato,2026-01-06,52.5,Metric Tonnes,3000.0,Rs./Quintal
Maharashtra,Pune,Pune(Manjri) Apmc,Vegetables,Tomato,2026-01-07,44.9,Metric Tonnes,2500.0,Rs./Quintal
Maharashtra,Pune,Pune(Manjri) Apmc,Vegetables,Tomato,2026-01-08,49.9,Metric Tonnes,3000.0,Rs./Quintal
Maharashtra,Pune,Pune(Manjri) Apmc,Vegetables,Tomato,2026-01-09,42.7,Metric Tonnes,2000.0,Rs./Quintal
Maharashtra,Pune,Pune(Manjri) Apmc,Vegetables,Tomato,2026-01-10,54.6,Metric Tonnes,2500.0,Rs./Quintal
Maharashtra,Pune,Pune(Manjri) Apmc,Vegetables,Tomato,2026-01-11,52.4,Metric Tonnes,2000.0,Rs./Quintal
Maharashtra,Pune,Pune(Manjri) Apmc,Vegetables,Tomato,2026-01-12,46.2,Metric Tonnes,2000.0,Rs./Quintal
Maharashtra,Pune,Pune(Manjri) Apmc,Vegetables,Tomato,2026-01-13,36.9,Metric Tonnes,3000.0,Rs./Quintal
Maharashtra,Pune,Pune(Manjri) Apmc,Vegetables,Tomato,2026-01-14,34.3,Metric Tonnes,2500.0,Rs./Quintal
Maharashtra,Pune,Pune(Manjri) Apmc,Vegetables,Tomato,2026-01-15,67.2,Metric Tonnes,255.0,Rs./Quintal
Maharashtra,Pune,Pune(Manjri) Apmc,Vegetables,Tomato,2026-01-16,52.7,Metric Tonnes,2500.0,Rs./Quintal
Maharashtra,Pune,Pune(Manjri) Apmc,Vegetables,Tomato,2026-01-17,67.8,Metric Tonnes,2000.0,Rs./Quintal
Maharashtra,Pune,Pune(Manjri) Apmc,Vegetables,Tomato,2026-01-18,55.3,Metric Tonnes,2000.0,Rs./Quintal
Maharashtra,Pune,Pune(Manjri) Apmc,Vegetables,Tomato,2026-01-19,49.4,Metric Tonnes,2200.0,Rs./Quintal
Maharashtra,Pune,Pune(Manjri) Apmc,Vegetables,Tomato,2026-01-20,53.3,Metric Tonnes,2000.0,Rs./Quintal
Maharashtra,Pune,Pune(Manjri) Apmc,Vegetables,Tomato,2026-01-21,43.0,Metric Tonnes,1500.0,Rs./Quintal
Maharashtra,Pune,Pune(Manjri) Apmc,Vegetables,Tomato,2026-01-22,40.0,Metric Tonnes,2000.0,Rs./Quintal
Maharashtra,Pune,Pune(Manjri) Apmc,Vegetables,Tomato,2026-01-23,39.8,Metric Tonnes,2000.0,Rs./Quintal
Maharashtra,Pune,Pune(Manjri) Apmc,Vegetables,Tomato,2026-01-24,52.0,Metric Tonnes,1500.0,Rs./Quintal
Maharashtra,Pune,Pune(Manjri) Apmc,Vegetables,Tomato,2026-01-25,58.9,Metric Tonnes,1500.0,Rs./Quintal
Maharashtra,Pune,Pune(Manjri) Apmc,Vegetables,Tomato,2026-01-26,61.3,Metric Tonnes,330.0,Rs./Quintal
Maharashtra,Pune,Pune(Manjri) Apmc,Vegetables,Tomato,2026-01-27,53.2,Metric Tonnes,2000.0,Rs./Quintal
Maharashtra,Pune,Pune(Manjri) Apmc,Vegetables,Tomato,2026-01-28,51.0,Metric Tonnes,2500.0,Rs./Quintal
Maharashtra,Pune,Pune(Manjri) Apmc,Vegetables,Tomato,2026-01-29,35.3,Metric Tonnes,395.0,Rs./Quintal
Maharashtra,Pune,Pune(Manjri) Apmc,Vegetables,Tomato,2026-01-30,64.6,Metric Tonnes,2000.0,Rs./Quintal
Maharashtra,Pune,Pune(Manjri) Apmc,Vegetables,Tomato,2026-01-31,60.8,Metric Tonnes,2000.0,Rs./Quintal
Maharashtra,Pune,Pune(Manjri) Apmc,Vegetables,Tomato,2026-02-01,48.2,Metric Tonnes,1500.0,Rs./Quintal
Maharashtra,Pune,Pune(Manjri) Apmc,Vegetables,Tomato,2026-02-02,40.4,Metric Tonnes,1500.0,Rs./Quintal
Maharashtra,Pune,Pune(Manjri) Apmc,Vegetables,Tomato,2026-02-03,42.1,Metric Tonnes,1500.0,Rs./Quintal
Maharashtra,Pune,Pune(Manjri) Apmc,Vegetables,Tomato,2026-02-04,42.8,Metric Tonnes,1000.0,Rs./Quintal
Maharashtra,Pune,Pune(Manjri) Apmc,Vegetables,Tomato,2026-02-05,45.5,Metric Tonnes,1000.0,Rs./Quintal
Maharashtra,Pune,Pune(Manjri) Apmc,Vegetables,Tomato,2026-02-06,46.1,Metric Tonnes,1500.0,Rs./Quintal
Maharashtra,Pune,Pune(Manjri) Apmc,Vegetables,Tomato,2026-02-07,35.6,Metric Tonnes,1500.0,Rs./Quintal
Maharashtra,Pune,Pune(Manjri) Apmc,Vegetables,Tomato,2026-02-08,43.4,Metric Tonnes,2000.0,Rs./Quintal
Maharashtra,Pune,Pune(Manjri) Apmc,Vegetables,Tomato,2026-02-09,42.2,Metric Tonnes,2000.0,Rs./Quintal
Maharashtra,Pune,Pune(Manjri) Apmc,Vegetables,Tomato,2026-02-10,42.2,Metric Tonnes,2200.0,Rs./Quintal
Maharashtra,Pune,Pune(Manjri) Apmc,Vegetables,Tomato,2026-02-11,39.4,Metric Tonnes,2000.0,Rs./Quintal
Maharashtra,Pune,Pune(Manjri) Apmc,Vegetables,Tomato,2026-02-12,40.4,Metric Tonnes,2000.0,Rs./Quintal
Maharashtra,Pune,Pune(Manjri) Apmc,Vegetables,Tomato,2026-02-13,35.8,Metric Tonnes,1500.0,Rs./Quintal
Maharashtra,Pune,Pune(Manjri) Apmc,Vegetables,Tomato,2026-02-14,44.9,Metric Tonnes,1500.0,Rs./Quintal
Maharashtra,Pune,Pune(Manjri) Apmc,Vegetables,Tomato,2026-02-15,31.3,Metric Tonnes,1600.0,Rs./Quintal
Maharashtra,Pune,Pune(Manjri) Apmc,Vegetables,Tomato,2026-02-16,58.5,Metric Tonnes,2000.0,Rs./Quintal
Maharashtra,Pune,Pune(Manjri) Apmc,Vegetables,Tomato,2026-02-17,57.3,Metric Tonnes,1800.0,Rs./Quintal
Maharashtra,Pune,Pune(Manjri) Apmc,Vegetables,Tomato,2026-02-18,48.4,Metric Tonnes,1500.0,Rs./Quintal
Maharashtra,Pune,Pune(Manjri) Apmc,Vegetables,Tomato,2026-02-19,41.8,Metric Tonnes,1200.0,Rs./Quintal
Maharashtra,Pune,Pune(Manjri) Apmc,Vegetables,Tomato,2026-02-20,46.9,Metric Tonnes,1200.0,Rs./Quintal
Maharashtra,Pune,Pune(Manjri) Apmc,Vegetables,Tomato,2026-02-21,48.4,Metric Tonnes,1600.0,Rs./Quintal
Maharashtra,Pune,Pune(Manjri) Apmc,Vegetables,Tomato,2026-02-22,47.4,Metric Tonnes,1000.0,Rs./Quintal
Maharashtra,Pune,Pune(Manjri) Apmc,Vegetables,Tomato,2026-02-23,46.7,Metric Tonnes,1500.0,Rs./Quintal
Maharashtra,Pune,Pune(Manjri) Apmc,Vegetables,Tomato,2026-02-24,49.3,Metric Tonnes,1500.0,Rs./Quintal
Maharashtra,Pune,Pune(Manjri) Apmc,Vegetables,Tomato,2026-02-25,41.1,Metric Tonnes,1200.0,Rs./Quintal
Maharashtra,Pune,Pune(Manjri) Apmc,Vegetables,Tomato,2026-02-26,42.6,Metric Tonnes,2000.0,Rs./Quintal
Maharashtra,Pune,Pune(Manjri) Apmc,Vegetables,Tomato,2026-02-27,41.6,Metric Tonnes,1500.0,Rs./Quintal
Maharashtra,Pune,Pune(Manjri) Apmc,Vegetables,Tomato,2026-02-28,42.4,Metric Tonnes,1500.0,Rs./Quintal
Maharashtra,Pune,Pune(Manjri) Apmc,Vegetables,Tomato,2026-03-01,47.4,Metric Tonnes,1500.0,Rs./Quintal
Maharashtra,Pune,Pune(Manjri) Apmc,Vegetables,Tomato,2026-03-02,40.3,Metric Tonnes,1500.0,Rs./Quintal
Maharashtra,Pune,Pune(Manjri) Apmc,Vegetables,Tomato,2026-03-03,24.3,Metric Tonnes,1500.0,Rs./Quintal
Maharashtra,Pune,Pune(Manjri) Apmc,Vegetables,Tomato,2026-03-04,49.3,Metric Tonnes,1500.0,Rs./Quintal
Maharashtra,Pune,Pune(Manjri) Apmc,Vegetables,Tomato,2026-03-05,48.9,Metric Tonnes,1500.0,Rs./Quintal
Maharashtra,Pune,Pune(Manjri) Apmc,Vegetables,Tomato,2026-03-06,43.9,Metric Tonnes,1500.0,Rs./Quintal
Maharashtra,Pune,Pune(Manjri) Apmc,Vegetables,Tomato,2026-03-07,53.3,Metric Tonnes,1500.0,Rs./Quintal
Maharashtra,Pune,Pune(Manjri) Apmc,Vegetables,Tomato,2026-03-08,43.8,Metric Tonnes,1500.0,Rs./Quintal
Maharashtra,Pune,Pune(Manjri) Apmc,Vegetables,Tomato,2026-03-09,41.1,Metric Tonnes,2000.0,Rs./Quintal
Maharashtra,Pune,Pune(Manjri) Apmc,Vegetables,Tomato,2026-03-10,38.4,Metric Tonnes,2000.0,Rs./Quintal
Maharashtra,Pune,Pune(Manjri) Apmc,Vegetables,Tomato,2026-03-11,41.7,Metric Tonnes,2000.0,Rs./Quintal
Maharashtra,Pune,Pune(Manjri) Apmc,Vegetables,Tomato,2026-03-12,37.8,Metric Tonnes,2000.0,Rs./Quintal
Maharashtra,Pune,Pune(Manjri) Apmc,Vegetables,Tomato,2026-03-13,39.1,Metric Tonnes,1500.0,Rs./Quintal
Maharashtra,Pune,Pune(Manjri) Apmc,Vegetables,Tomato,2026-03-14,43.0,Metric Tonnes,1500.0,Rs./Quintal
Maharashtra,Pune,Pune(Manjri) Apmc,Vegetables,Tomato,2026-03-15,38.2,Metric Tonnes,1500.0,Rs./Quintal
Maharashtra,Pune,Pune(Manjri) Apmc,Vegetables,Tomato,2026-03-16,36.2,Metric Tonnes,1500.0,Rs./Quintal
Maharashtra,Pune,Pune(Manjri) Apmc,Vegetables,Tomato,2026-03-17,65.2,Metric Tonnes,240.0,Rs./Quintal
Maharashtra,Pune,Pune(Manjri) Apmc,Vegetables,Tomato,2026-03-18,31.2,Metric Tonnes,1500.0,Rs./Quintal
Maharashtra,Pune,Pune(Manjri) Apmc,Vegetables,Tomato,2026-03-19,25.3,Metric Tonnes,2000.0,Rs./Quintal
Maharashtra,Pune,Pune(Manjri) Apmc,Vegetables,Tomato,2026-03-20,34.0,Metric Tonnes,2500.0,Rs./Quintal
Maharashtra,Pune,Pune(Manjri) Apmc,Vegetables,Tomato,2026-03-21,54.6,Metric Tonnes,2000.0,Rs./Quintal
Maharashtra,Pune,Pune(Manjri) Apmc,Vegetables,Tomato,2026-03-22,41.9,Metric Tonnes,1000.0,Rs./Quintal
Maharashtra,Pune,Pune(Manjri) Apmc,Vegetables,Tomato,2026-03-23,39.0,Metric Tonnes,1200.0,Rs./Quintal
Maharashtra,Pune,Pune(Manjri) Apmc,Vegetables,Tomato,2026-03-24,34.1,Metric Tonnes,1500.0,Rs./Quintal
Maharashtra,Pune,Pune(Manjri) Apmc,Vegetables,Tomato,2026-03-25,35.7,Metric Tonnes,1500.0,Rs./Quintal
Maharashtra,Pune,Pune(Manjri) Apmc,Vegetables,Tomato,2026-03-26,49.2,Metric Tonnes,285.0,Rs./Quintal
Maharashtra,Pune,Pune(Manjri) Apmc,Vegetables,Tomato,2026-03-27,55.6,Metric Tonnes,230.0,Rs./Quintal
Maharashtra,Pune,Pune(Manjri) Apmc,Vegetables,Tomato,2026-03-28,38.4,Metric Tonnes,2000.0,Rs./Quintal
Maharashtra,Pune,Pune(Manjri) Apmc,Vegetables,Tomato,2026-03-29,40.7,Metric Tonnes,1500.0,Rs./Quintal
Maharashtra,Pune,Pune(Manjri) Apmc,Vegetables,Tomato,2026-03-30,39.1,Metric Tonnes,1500.0,Rs./Quintal
Maharashtra,Pune,Pune(Manjri) Apmc,Vegetables,Tomato,2026-03-31,34.7,Metric Tonnes,1500.0,Rs./Quintal
Maharashtra,Pune,Pune(Manjri) Apmc,Vegetables,Tomato,2026-04-01,38.5,Metric Tonnes,1500.0,Rs./Quintal
Maharashtra,Pune,Pune(Manjri) Apmc,Vegetables,Tomato,2026-04-02,26.3,Metric Tonnes,1500.0,Rs./Quintal
Maharashtra,Pune,Pune(Manjri) Apmc,Vegetables,Tomato,2026-04-03,31.8,Metric Tonnes,1500.0,Rs./Quintal
Maharashtra,Pune,Pune(Manjri) Apmc,Vegetables,Tomato,2026-04-04,42.8,Metric Tonnes,2000.0,Rs./Quintal
Maharashtra,Pune,Pune(Manjri) Apmc,Vegetables,Tomato,2026-04-05,48.5,Metric Tonnes,1500.0,Rs./Quintal
Maharashtra,Pune,Pune(Manjri) Apmc,Vegetables,Tomato,2026-04-06,42.3,Metric Tonnes,1500.0,Rs./Quintal
Maharashtra,Pune,Pune(Manjri) Apmc,Vegetables,Tomato,2026-04-07,44.1,Metric Tonnes,1500.0,Rs./Quintal
Maharashtra,Pune,Pune(Manjri) Apmc,Vegetables,Tomato,2026-04-08,39.7,Metric Tonnes,1500.0,Rs./Quintal
Maharashtra,Pune,Pune(Manjri) Apmc,Vegetables,Tomato,2026-04-09,40.9,Metric Tonnes,1500.0,Rs./Quintal
Maharashtra,Pune,Pune(Manjri) Apmc,Vegetables,Tomato,2026-04-10,46.6,Metric Tonnes,1500.0,Rs./Quintal
Maharashtra,Pune,Pune(Manjri) Apmc,Vegetables,Tomato,2026-04-11,47.7,Metric Tonnes,1500.0,Rs./Quintal
Maharashtra,Pune,Pune(Manjri) Apmc,Vegetables,Tomato,2026-04-12,39.0,Metric Tonnes,2000.0,Rs./Quintal
Maharashtra,Pune,Pune(Manjri) Apmc,Vegetables,Tomato,2026-04-13,34.9,Metric Tonnes,2500.0,Rs./Quintal
Maharashtra,Pune,Pune(Manjri) Apmc,Vegetables,Tomato,2026-04-14,40.5,Metric Tonnes,1800.0,Rs./Quintal
Maharashtra,Pune,Pune(Manjri) Apmc,Vegetables,Tomato,2026-04-15,47.2,Metric Tonnes,1500.0,Rs./Quintal
Maharashtra,Pune,Pune(Manjri) Apmc,Vegetables,Tomato,2026-04-16,55.5,Metric Tonnes,260.0,Rs./Quintal
Maharashtra,Pune,Pune(Manjri) Apmc,Vegetables,Tomato,2026-04-17,47.1,Metric Tonnes,2000.0,Rs./Quintal
Maharashtra,Pune,Pune(Manjri) Apmc,Vegetables,Tomato,2026-04-18,63.0,Metric Tonnes,1800.0,Rs./Quintal
Maharashtra,Pune,Pune(Manjri) Apmc,Vegetables,Tomato,2026-04-19,46.5,Metric Tonnes,2000.0,Rs./Quintal
Maharashtra,Pune,Pune(Manjri) Apmc,Vegetables,Tomato,2026-04-20,62.7,Metric Tonnes,1700.0,Rs./Quintal
Maharashtra,Pune,Pune(Manjri) Apmc,Vegetables,Tomato,2026-04-21,50.1,Metric Tonnes,1200.0,Rs./Quintal
Maharashtra,Pune,Pune(Manjri) Apmc,Vegetables,Tomato,2026-04-22,49.7,Metric Tonnes,1500.0,Rs./Quintal
Maharashtra,Pune,Pune(Manjri) Apmc,Vegetables,Tomato,2026-04-23,54.0,Metric Tonnes,1800.0,Rs./Quintal
Maharashtra,Pune,Pune(Manjri) Apmc,Vegetables,Tomato,2026-04-24,56.1,Metric Tonnes,1500.0,Rs./Quintal
Maharashtra,Pune,Pune(Manjri) Apmc,Vegetables,Tomato,2026-04-25,61.2,Metric Tonnes,1500.0,Rs./Quintal
Maharashtra,Pune,Pune(Manjri) Apmc,Vegetables,Tomato,2026-04-26,51.8,Metric Tonnes,1500.0,Rs./Quintal
Maharashtra,Pune,Pune(Manjri) Apmc,Vegetables,Tomato,2026-04-27,52.8,Metric Tonnes,2000.0,Rs./Quintal
Maharashtra,Pune,Pune(Manjri) Apmc,Vegetables,Tomato,2026-04-28,42.3,Metric Tonnes,2000.0,Rs./Quintal
Maharashtra,Pune,Pune(Manjri) Apmc,Vegetables,Tomato,2026-04-29,50.1,Metric Tonnes,2500.0,Rs./Quintal
Maharashtra,Pune,Pune(Manjri) Apmc,Vegetables,Tomato,2026-04-30,69.1,Metric Tonnes,3000.0,Rs./Quintal
Maharashtra,Pune,Pune(Manjri) Apmc,Vegetables,Tomato,2026-05-01,50.7,Metric Tonnes,335.0,Rs./Quintal
Maharashtra,Pune,Pune(Manjri) Apmc,Vegetables,Tomato,2026-05-02,76.8,Metric Tonnes,3000.0,Rs./Quintal
Maharashtra,Pune,Pune(Manjri) Apmc,Vegetables,Tomato,2026-05-03,65.4,Metric Tonnes,2000.0,Rs./Quintal
Maharashtra,Pune,Pune(Manjri) Apmc,Vegetables,Tomato,2026-05-04,62.2,Metric Tonnes,2000.0,Rs./Quintal
Maharashtra,Pune,Pune(Manjri) Apmc,Vegetables,Tomato,2026-05-05,47.7,Metric Tonnes,2000.0,Rs./Quintal
Maharashtra,Pune,Pune(Manjri) Apmc,Vegetables,Tomato,2026-05-06,51.0,Metric Tonnes,2000.0,Rs./Quintal
Maharashtra,Pune,Pune(Manjri) Apmc,Vegetables,Tomato,2026-05-07,44.6,Metric Tonnes,2000.0,Rs./Quintal
Maharashtra,Pune,Pune(Manjri) Apmc,Vegetables,Tomato,2026-05-08,45.6,Metric Tonnes,2500.0,Rs./Quintal
Maharashtra,Pune,Pune(Manjri) Apmc,Vegetables,Tomato,2026-05-09,59.7,Metric Tonnes,3000.0,Rs./Quintal
Maharashtra,Pune,Pune(Manjri) Apmc,Vegetables,Tomato,2026-05-10,56.0,Metric Tonnes,2500.0,Rs./Quintal
Maharashtra,Pune,Pune(Manjri) Apmc,Vegetables,Tomato,2026-05-11,52.0,Metric Tonnes,2500.0,Rs./Quintal
Maharashtra,Pune,Pune(Manjri) Apmc,Vegetables,Tomato,2026-05-12,48.6,Metric Tonnes,2000.0,Rs./Quintal
Maharashtra,Pune,Pune(Manjri) Apmc,Vegetables,Tomato,2026-05-13,43.9,Metric Tonnes,3000.0,Rs./Quintal
Maharashtra,Pune,Pune(Manjri) Apmc,Vegetables,Tomato,2026-05-14,45.3,Metric Tonnes,3500.0,Rs./Quintal
Maharashtra,Pune,Pune(Manjri) Apmc,Vegetables,Tomato,2026-05-15,49.5,Metric Tonnes,2500.0,Rs./Quintal
Maharashtra,Pune,Pune(Manjri) Apmc,Vegetables,Tomato,2026-05-16,65.9,Metric Tonnes,2500.0,Rs./Quintal
Maharashtra,Pune,Pune(Manjri) Apmc,Vegetables,Tomato,2026-05-17,51.0,Metric Tonnes,650.0,Rs./Quintal
Maharashtra,Pune,Pune(Manjri) Apmc,Vegetables,Tomato,2026-05-18,53.1,Metric Tonnes,2800.0,Rs./Quintal
Maharashtra,Pune,Pune(Manjri) Apmc,Vegetables,Tomato,2026-05-19,45.2,Metric Tonnes,3500.0,Rs./Quintal
Maharashtra,Pune,Pune(Manjri) Apmc,Vegetables,Tomato,2026-05-20,51.4,Metric Tonnes,3000.0,Rs./Quintal
Maharashtra,Pune,Pune(Manjri) Apmc,Vegetables,Tomato,2026-05-21,51.8,Metric Tonnes,2500.0,Rs./Quintal
Maharashtra,Pune,Pune(Manjri) Apmc,Vegetables,Tomato,2026-05-22,53.2,Metric Tonnes,2500.0,Rs./Quintal
Maharashtra,Pune,Pune(Manjri) Apmc,Vegetables,Tomato,2026-05-23,51.1,Metric Tonnes,2500.0,Rs./Quintal
Maharashtra,Pune,Pune(Manjri) Apmc,Vegetables,Tomato,2026-05-24,49.4,Metric Tonnes,3000.0,Rs./Quintal
Maharashtra,Pune,Pune(Manjri) Apmc,Vegetables,Tomato,2026-05-25,50.3,Metric Tonnes,3000.0,Rs./Quintal
Maharashtra,Pune,Pune(Manjri) Apmc,Vegetables,Tomato,2026-05-26,60.0,Metric Tonnes,2500.0,Rs./Quintal
Maharashtra,Pune,Pune(Manjri) Apmc,Vegetables,Tomato,2026-05-27,38.1,Metric Tonnes,3500.0,Rs./Quintal
Maharashtra,Pune,Pune(Manjri) Apmc,Vegetables,Tomato,2026-05-28,44.6,Metric Tonnes,3500.0,Rs./Quintal
Maharashtra,Pune,Pune(Manjri) Apmc,Vegetables,Tomato,2026-05-29,47.5,Metric Tonnes,3000.0,Rs./Quintal
Maharashtra,Pune,Pune(Manjri) Apmc,Vegetables,Tomato,2026-05-30,55.7,Metric Tonnes,3000.0,Rs./Quintal
Maharashtra,Pune,Pune(Manjri) Apmc,Vegetables,Tomato,2026-05-31,55.7,Metric Tonnes,3500.0,Rs./Quintal
Maharashtra,Pune,Pune(Manjri) Apmc,Vegetables,Tomato,2026-06-01,49.4,Metric Tonnes,3500.0,Rs./Quintal
Maharashtra,Pune,Pune(Manjri) Apmc,Vegetables,Tomato,2026-06-02,55.9,Metric Tonnes,2500.0,Rs./Quintal
Maharashtra,Pune,Pune(Manjri) Apmc,Vegetables,Tomato,2026-06-03,56.5,Metric Tonnes,2500.0,Rs./Quintal
Maharashtra,Pune,Pune(Manjri) Apmc,Vegetables,Tomato,2026-06-04,54.4,Metric Tonnes,2500.0,Rs./Quintal
Maharashtra,Pune,Pune(Manjri) Apmc,Vegetables,Tomato,2026-06-05,48.4,Metric Tonnes,2500.0,Rs./Quintal
Maharashtra,Pune,Pune(Manjri) Apmc,Vegetables,Tomato,2026-06-06,60.6,Metric Tonnes,2500.0,Rs./Quintal
Maharashtra,Pune,Pune(Manjri) Apmc,Vegetables,Tomato,2026-06-07,50.1,Metric Tonnes,2500.0,Rs./Quintal
Maharashtra,Pune,Pune(Manjri) Apmc,Vegetables,Tomato,2026-06-08,50.1,Metric Tonnes,2500.0,Rs./Quintal
Maharashtra,Pune,Pune(Manjri) Apmc,Vegetables,Tomato,2026-06-09,46.7,Metric Tonnes,4000.0,Rs./Quintal
Maharashtra,Pune,Pune(Manjri) Apmc,Vegetables,Tomato,2026-06-10,51.7,Metric Tonnes,4000.0,Rs./Quintal
Maharashtra,Pune,Pune(Manjri) Apmc,Vegetables,Tomato,2026-06-11,51.7,Metric Tonnes,2500.0,Rs./Quintal
Maharashtra,Pune,Pune(Manjri) Apmc,Vegetables,Tomato,2026-06-12,47.5,Metric Tonnes,2500.0,Rs./Quintal
Maharashtra,Pune,Pune(Manjri) Apmc,Vegetables,Tomato,2026-06-13,49.3,Metric Tonnes,2500.0,Rs./Quintal
Maharashtra,Pune,Pune(Manjri) Apmc,Vegetables,Tomato,2026-06-14,49.3,Metric Tonnes,2500.0,Rs./Quintal
Maharashtra,Pune,Pune(Manjri) Apmc,Vegetables,Tomato,2026-06-15,43.3,Metric Tonnes,4000.0,Rs./Quintal
Maharashtra,Pune,Pune(Manjri) Apmc,Vegetables,Tomato,2026-06-16,57.4,Metric Tonnes,3500.0,Rs./Quintal
Maharashtra,Pune,Pune(Manjri) Apmc,Vegetables,Tomato,2026-06-17,59.7,Metric Tonnes,3000.0,Rs./Quintal
Maharashtra,Pune,Pune(Manjri) Apmc,Vegetables,Tomato,2026-06-18,51.5,Metric Tonnes,3000.0,Rs./Quintal
Maharashtra,Pune,Pune(Manjri) Apmc,Vegetables,Tomato,2026-06-19,46.6,Metric Tonnes,3000.0,Rs./Quintal
Maharashtra,Pune,Pune(Manjri) Apmc,Vegetables,Tomato,2026-06-20,55.1,Metric Tonnes,3000.0,Rs./Quintal
Maharashtra,Pune,Pune(Manjri) Apmc,Vegetables,Tomato,2026-06-21,62.3,Metric Tonnes,2500.0,Rs./Quintal
Maharashtra,Pune,Pune(Manjri) Apmc,Vegetables,Tomato,2026-06-22,54.3,Metric Tonnes,2500.0,Rs./Quintal
Maharashtra,Pune,Pune(Manjri) Apmc,Vegetables,Tomato,2026-06-23,55.9,Metric Tonnes,2500.0,Rs./Quintal
Maharashtra,Pune,Pune(Manjri) Apmc,Vegetables,Tomato,2026-06-24,43.5,Metric Tonnes,2000.0,Rs./Quintal
Maharashtra,Pune,Pune(Manjri) Apmc,Vegetables,Tomato,2026-06-25,55.5,Metric Tonnes,2000.0,Rs./Quintal
Maharashtra,Pune,Pune(Manjri) Apmc,Vegetables,Tomato,2026-06-26,56.7,Metric Tonnes,1500.0,Rs./Quintal
Maharashtra,Pune,Pune(Manjri) Apmc,Vegetables,Tomato,2026-06-27,59.0,Metric Tonnes,1500.0,Rs./Quintal
Maharashtra,Pune,Pune(Manjri) Apmc,Vegetables,Tomato,2026-06-28,59.0,Metric Tonnes,1500.0,Rs./Quintal
Maharashtra,Pune,Pune(Manjri) Apmc,Vegetables,Tomato,2026-06-29,38.1,Metric Tonnes,2500.0,Rs./Quintal
Maharashtra,Pune,Pune(Manjri) Apmc,Vegetables,Tomato,2026-06-30,52.0,Metric Tonnes,3000.0,Rs./Quintal
Maharashtra,Pune,Pune(Manjri) Apmc,Vegetables,Tomato,2026-07-01,57.7,Metric Tonnes,2500.0,Rs./Quintal
Maharashtra,Pune,Pune(Manjri) Apmc,Vegetables,Tomato,2026-07-02,55.2,Metric Tonnes,2000.0,Rs./Quintal
Maharashtra,Pune,Pune(Manjri) Apmc,Vegetables,Tomato,2026-07-03,53.3,Metric Tonnes,2000.0,Rs./Quintal
Maharashtra,Pune,Pune(Manjri) Apmc,Vegetables,Tomato,2026-07-04,49.0,Metric Tonnes,2000.0,Rs./Quintal
Maharashtra,Pune,Pune(Manjri) Apmc,Vegetables,Tomato,2026-07-05,45.7,Metric Tonnes,3500.0,Rs./Quintal
Maharashtra,Pune,Pune(Manjri) Apmc,Vegetables,Tomato,2026-07-06,30.9,Metric Tonnes,3000.0,Rs./Quintal
Maharashtra,Pune,Pune(Manjri) Apmc,Vegetables,Tomato,2026-07-07,55.8,Metric Tonnes,2500.0,Rs./Quintal
Maharashtra,Pune,Pune(Manjri) Apmc,Vegetables,Tomato,2026-07-08,52.4,Metric Tonnes,3500.0,Rs./Quintal
Maharashtra,Pune,Pune(Manjri) Apmc,Vegetables,Tomato,2026-07-09,54.8,Metric Tonnes,3000.0,Rs./Quintal
Maharashtra,Pune,Pune(Manjri) Apmc,Vegetables,Tomato,2026-07-10,62.1,Metric Tonnes,3000.0,Rs./Quintal
Maharashtra,Pune,Pune(Manjri) Apmc,Vegetables,Tomato,2026-07-11,24.8,Metric Tonnes,2000.0,Rs./Quintal
Maharashtra,Pune,Pune(Manjri) Apmc,Vegetables,Tomato,2026-07-12,75.5,Metric Tonnes,2000.0,Rs./Quintal
Maharashtra,Pune,Pune(Manjri) Apmc,Vegetables,Tomato,2026-07-13,72.6,Metric Tonnes,2000.0,Rs./Quintal
Maharashtra,Pune,Pune(Manjri) Apmc,Vegetables,Tomato,2026-07-14,64.6,Metric Tonnes,1500.0,Rs./Quintal
Maharashtra,Pune,Pune(Manjri) Apmc,Vegetables,Tomato,2026-07-15,58.3,Metric Tonnes,1500.0,Rs./Quintal
Maharashtra,Pune,Pune(Manjri) Apmc,Vegetables,Tomato,2026-07-16,57.6,Metric Tonnes,2000.0,Rs./Quintal
Maharashtra,Pune,Pune(Manjri) Apmc,Vegetables,Tomato,2026-07-17,51.7,Metric Tonnes,2500.0,Rs./Quintal
Maharashtra,Pune,Pune(Manjri) Apmc,Vegetables,Tomato,2026-07-18,60.1,Metric Tonnes,2500.0,Rs./Quintal
Maharashtra,Pune,Pune(Manjri) Apmc,Vegetables,Tomato,2026-07-19,59.7,Metric Tonnes,1500.0,Rs./Quintal
Maharashtra,Pune,Pune(Manjri) Apmc,Vegetables,Tomato,2026-07-20,60.0,Metric Tonnes,2000.0,Rs./Quintal
Maharashtra,Pune,Pune(Manjri) Apmc,Vegetables,Tomato,2026-07-21,54.7,Metric Tonnes,1500.0,Rs./Quintal
Maharashtra,Pune,Pune(Manjri) Apmc,Vegetables,Tomato,2026-07-22,38.4,Metric Tonnes,1500.0,Rs./Quintal
Maharashtra,Pune,Pune(Manjri) Apmc,Vegetables,Tomato,2026-07-23,50.8,Metric Tonnes,1500.0,Rs./Quintal
Maharashtra,Pune,Pune(Manjri) Apmc,Vegetables,Tomato,2026-07-24,38.9,Metric Tonnes,1500.0,Rs./Quintal
Maharashtra,Pune,Pune(Manjri) Apmc,Vegetables,Tomato,2026-07-25,48.0,Metric Tonnes,1500.0,Rs./Quintal
Maharashtra,Pune,Pune(Manjri) Apmc,Vegetables,Tomato,2026-07-26,70.0,Metric Tonnes,2000.0,Rs./Quintal
Maharashtra,Pune,Pune(Manjri) Apmc,Vegetables,Tomato,2026-07-27,57.5,Metric Tonnes,1500.0,Rs./Quintal
Maharashtra,Pune,Pune(Manjri) Apmc,Vegetables,Tomato,2026-07-28,60.5,Metric Tonnes,1500.0,Rs./Quintal
Maharashtra,Pune,Pune(Manjri) Apmc,Vegetables,Tomato,2026-07-29,55.1,Metric Tonnes,1800.0,Rs./Quintal
Maharashtra,Pune,Pune(Manjri) Apmc,Vegetables,Tomato,2026-07-30,57.1,Metric Tonnes,1800.0,Rs./Quintal
Maharashtra,Pune,Pune(Manjri) Apmc,Vegetables,Tomato,2026-07-31,38.7,Metric Tonnes,1200.0,Rs./Quintal
Maharashtra,Pune,Pune(Manjri) Apmc,Vegetables,Tomato,2026-08-01,47.9,Metric Tonnes,2000.0,Rs./Quintal
Maharashtra,Pune,Pune(Manjri) Apmc,Vegetables,Tomato,2026-08-02,66.3,Metric Tonnes,2000.0,Rs./Quintal
Maharashtra,Pune,Pune(Manjri) Apmc,Vegetables,Tomato,2026-08-03,58.8,Metric Tonnes,2000.0,Rs./Quintal
Maharashtra,Pune,Pune(Manjri) Apmc,Vegetables,Tomato,2026-08-04,56.6,Metric Tonnes,2000.0,Rs./Quintal
Maharashtra,Pune,Pune(Manjri) Apmc,Vegetables,Tomato,2026-08-05,57.3,Metric Tonnes,1500.0,Rs./Quintal
Maharashtra,Pune,Pune(Manjri) Apmc,Vegetables,Tomato,2026-08-06,59.6,Metric Tonnes,1000.0,Rs./Quintal
Maharashtra,Pune,Pune(Manjri) Apmc,Vegetables,Tomato,2026-08-07,51.3,Metric Tonnes,1200.0,Rs./Quintal
Maharashtra,Pune,Pune(Manjri) Apmc,Vegetables,Tomato,2026-08-08,65.6,Metric Tonnes,1500.0,Rs./Quintal
Maharashtra,Pune,Pune(Manjri) Apmc,Vegetables,Tomato,2026-08-09,51.1,Metric Tonnes,860.0,Rs./Quintal
